product_id,product_name,category,description,price,user_query,relevance_label
51c3b694,D Tech Tablette D Tech 10,Tablette,Tablette D Tech 10,18 100 DA,4a,0
5b33db8f,TCL HH40L1,Routeur_Modem,TCL HH40L1,8 690 DA,to,0
f5350ba5,D Link Clé 4G DWR 910M Wifi,Routeur_Modem,Clé 4G DWR 910M Wifi,4 500 DA,wifi,1
844c2ce6,D Tech Tablette D Tech 8,Tablette,Tablette D Tech 8,15 500 DA,ech,1
0946d7f7,EL DJAZIRA CULD010 TYPE C,Accessoire_General,CULD010 TYPE C,550 DA,ccessoire audio,0
5b33db8f,TCL HH40L1,Routeur_Modem,TCL HH40L1,8 690 DA,routeur modm,1
9cb292bd,D Tech Tablette D Tech 7,Tablette,Tablette D Tech 7,13 200 DA,ohlder,0
df7a5817,D Link DWR G403,Routeur_Modem,D Link DWR G403,10 500 DA,wifi,1
5b33db8f,TCL HH40L1,Routeur_Modem,TCL HH40L1,8 690 DA,4g,1
e73471e1,D Link DWR M920 B1,Routeur_Modem,D Link DWR M920 B1,8 900 DA,920,1
f5350ba5,D Link Clé 4G DWR 910M Wifi,Routeur_Modem,Clé 4G DWR 910M Wifi,4 500 DA,drw,1
0ae3b7d8,ZTE BLADE V60 DESIGN,Smartphone,ZTE BLADE V60 DESIGN,32 900 DA,m915vv,0
51c3b694,D Tech Tablette D Tech 10,Tablette,Tablette D Tech 10,18 100 DA,accessoirea udio,0
51c3b694,D Tech Tablette D Tech 10,Tablette,Tablette D Tech 10,18 100 DA,wifi,0
51c3b694,D Tech Tablette D Tech 10,Tablette,Tablette D Tech 10,18 100 DA,charging,0
9cb292bd,D Tech Tablette D Tech 7,Tablette,Tablette D Tech 7,13 200 DA,c8a1,0
5b33db8f,TCL HH40L1,Routeur_Modem,TCL HH40L1,8 690 DA,ttype,0
026e501d,Revaleo RCB 003 MICRO USB,Accessoire_Charge,RCB 003 MICRO USB,500 DA,rcb,1
df7a5817,D Link DWR G403,Routeur_Modem,D Link DWR G403,10 500 DA,wiifi,1
51c3b694,D Tech Tablette D Tech 10,Tablette,Tablette D Tech 10,18 100 DA,hoco car,0
51c3b694,D Tech Tablette D Tech 10,Tablette,Tablette D Tech 10,18 100 DA,hoco qc3,0
f5350ba5,D Link Clé 4G DWR 910M Wifi,Routeur_Modem,Clé 4G DWR 910M Wifi,4 500 DA,d link clé,1
844c2ce6,D Tech Tablette D Tech 8,Tablette,Tablette D Tech 8,15 500 DA,tab,0
9129a21d,TECNO SPARK Go 1,Smartphone,SPARK Go 1,18 000 DA,go,1
e73471e1,D Link DWR M920 B1,Routeur_Modem,D Link DWR M920 B1,8 900 DA,b1,1
e73471e1,D Link DWR M920 B1,Routeur_Modem,D Link DWR M920 B1,8 900 DA,d llink d,1
df7a5817,D Link DWR G403,Routeur_Modem,D Link DWR G403,10 500 DA,c81a,0
df7a5817,D Link DWR G403,Routeur_Modem,D Link DWR G403,10 500 DA,d lin,1
737d1d6b,ZTE NUBIA Neo2 5G,Smartphone,ZTE NUBIA Neo2 5G,49 900 DA,nneo2,1
aedf3d03,D Link DWR M961,Routeur_Modem,D Link DWR M961,9 900 DA,accessoire general,0
d1abf471,HOCO Dual Port C88A MICRO,Accessoire_Audio,Dual Port C88A MICRO,900 DA,revaleeo,0
aedf3d03,D Link DWR M961,Routeur_Modem,D Link DWR M961,9 900 DA,hoco cuup,0
9cb292bd,D Tech Tablette D Tech 7,Tablette,Tablette D Tech 7,13 200 DA,ablette,1
e73471e1,D Link DWR M920 B1,Routeur_Modem,D Link DWR M920 B1,8 900 DA,wiifi,1
9cb292bd,D Tech Tablette D Tech 7,Tablette,Tablette D Tech 7,13 200 DA,rtcc,0
844c2ce6,D Tech Tablette D Tech 8,Tablette,Tablette D Tech 8,15 500 DA,d tech,1
cdc65717,ZTE BLADE A75,Smartphone,ZTE BLADE A75,31 900 DA,zte zte,1
df7a5817,D Link DWR G403,Routeur_Modem,D Link DWR G403,10 500 DA,d llink d,1
318ee4df,Revaleo AUX TK 79,Accessoire_General,AUX TK 79,400 DA,hocoo,0
df7a5817,D Link DWR G403,Routeur_Modem,D Link DWR G403,10 500 DA,smartphnoe,0
87f8f1c1,D Link BOX Home M915V,Routeur_Modem,BOX Home M915V,9 100 DA,accessoire charge,0
e73471e1,D Link DWR M920 B1,Routeur_Modem,D Link DWR M920 B1,8 900 DA,tba,0
5b33db8f,TCL HH40L1,Routeur_Modem,TCL HH40L1,8 690 DA,car,0
e73471e1,D Link DWR M920 B1,Routeur_Modem,D Link DWR M920 B1,8 900 DA,hocco écouteurs,0
87f8f1c1,D Link BOX Home M915V,Routeur_Modem,BOX Home M915V,9 100 DA,psd002,0
e73471e1,D Link DWR M920 B1,Routeur_Modem,D Link DWR M920 B1,8 900 DA,el djazra,0
e73471e1,D Link DWR M920 B1,Routeur_Modem,D Link DWR M920 B1,8 900 DA,4g,1
5b33db8f,TCL HH40L1,Routeur_Modem,TCL HH40L1,8 690 DA,typpe,0
51c3b694,D Tech Tablette D Tech 10,Tablette,Tablette D Tech 10,18 100 DA,chargeur,0
f5350ba5,D Link Clé 4G DWR 910M Wifi,Routeur_Modem,Clé 4G DWR 910M Wifi,4 500 DA,d link cél,1
f207d538,ZTE Blade A55,Smartphone,Blade A55,20 900 DA,zte,1
f5350ba5,D Link Clé 4G DWR 910M Wifi,Routeur_Modem,Clé 4G DWR 910M Wifi,4 500 DA,accessoire ggeneral,0
139d2fb5,EL DJAZIRA CULD012 MICRO USB,Accessoire_Charge,CULD012 MICRO USB,500 DA,el djazira,1
51c3b694,D Tech Tablette D Tech 10,Tablette,Tablette D Tech 10,18 100 DA,atb,1
f1987c36,EL DJAZIRA CHARGEUR PSLD002,Accessoire_Charge,CHARGEUR PSLD002,3 000 DA,ype,0
87f8f1c1,D Link BOX Home M915V,Routeur_Modem,BOX Home M915V,9 100 DA,z40,0
9dd6883e,HOCO Silicone 2 4A  X86 IP,Accessoire_Audio,Silicone 2 4A  X86 IP,1 200 DA,fcld,0
87f8f1c1,D Link BOX Home M915V,Routeur_Modem,BOX Home M915V,9 100 DA,m15v,1
f207d538,ZTE Blade A55,Smartphone,Blade A55,20 900 DA,zte blade,1
87f8f1c1,D Link BOX Home M915V,Routeur_Modem,BOX Home M915V,9 100 DA,m9155v,1
844c2ce6,D Tech Tablette D Tech 8,Tablette,Tablette D Tech 8,15 500 DA,w25,0
f5350ba5,D Link Clé 4G DWR 910M Wifi,Routeur_Modem,Clé 4G DWR 910M Wifi,4 500 DA,91m0,1
844c2ce6,D Tech Tablette D Tech 8,Tablette,Tablette D Tech 8,15 500 DA,d tech tabltete,1
844c2ce6,D Tech Tablette D Tech 8,Tablette,Tablette D Tech 8,15 500 DA,hhoco,0
f5350ba5,D Link Clé 4G DWR 910M Wifi,Routeur_Modem,Clé 4G DWR 910M Wifi,4 500 DA,d tech,0
cdc65717,ZTE BLADE A75,Smartphone,ZTE BLADE A75,31 900 DA,m1,0
87f8f1c1,D Link BOX Home M915V,Routeur_Modem,BOX Home M915V,9 100 DA,wifi,1
81099cf1,HOCO Z40 Superior dual port car,Accessoire_Audio,Z40 Superior dual port car,1 200 DA,acessoire audio,0
f5350ba5,D Link Clé 4G DWR 910M Wifi,Routeur_Modem,Clé 4G DWR 910M Wifi,4 500 DA,el djazra cculd009,0
8193aed5,HOCO PWB 20 000 mah J52A,Accessoire_Audio,PWB 20 000 mah J52A,4 300 DA,j52a,1
e73471e1,D Link DWR M920 B1,Routeur_Modem,D Link DWR M920 B1,8 900 DA,d tech,0
aedf3d03,D Link DWR M961,Routeur_Modem,D Link DWR M961,9 900 DA,drw,1
81099cf1,HOCO Z40 Superior dual port car,Accessoire_Audio,Z40 Superior dual port car,1 200 DA,supperior,1
6f789ee4,Revaleo TK 77 TIPE C,Accessoire_General,TK 77 TIPE C,600 DA,reavleo,1
51c3b694,D Tech Tablette D Tech 10,Tablette,Tablette D Tech 10,18 100 DA,10,1
844c2ce6,D Tech Tablette D Tech 8,Tablette,Tablette D Tech 8,15 500 DA,type,0
844c2ce6,D Tech Tablette D Tech 8,Tablette,Tablette D Tech 8,15 500 DA,hooc,0
df7a5817,D Link DWR G403,Routeur_Modem,D Link DWR G403,10 500 DA,hh40l1,0
f5350ba5,D Link Clé 4G DWR 910M Wifi,Routeur_Modem,Clé 4G DWR 910M Wifi,4 500 DA,silicoe,0
4310cc39,HOCO Chargeur N13 Type C TO IP,Accessoire_Audio,Chargeur N13 Type C TO IP,3 800 DA,u3sb,0
06dc318d,HOCO IN CAR HOLDER CA76,Accessoire_Audio,IN CAR HOLDER CA76,1 600 DA,aaccessoire charge,0
df7a5817,D Link DWR G403,Routeur_Modem,D Link DWR G403,10 500 DA,4g,1
f8cf95c6,Revaleo CABLE TK 77 IOS,Accessoire_Charge,CABLE TK 77 IOS,600 DA,77,1
87f8f1c1,D Link BOX Home M915V,Routeur_Modem,BOX Home M915V,9 100 DA,routeu modem,1
aedf3d03,D Link DWR M961,Routeur_Modem,D Link DWR M961,9 900 DA,rouuteur modem,1
a1b76c05,EL DJAZIRA FCLD010 MICRO USB,Accessoire_Charge,FCLD010 MICRO USB,1 300 DA,fcld010,1
844c2ce6,D Tech Tablette D Tech 8,Tablette,Tablette D Tech 8,15 500 DA,ta,1
9cb292bd,D Tech Tablette D Tech 7,Tablette,Tablette D Tech 7,13 200 DA,atblette,1
df7a5817,D Link DWR G403,Routeur_Modem,D Link DWR G403,10 500 DA,dwr,1
e73471e1,D Link DWR M920 B1,Routeur_Modem,D Link DWR M920 B1,8 900 DA,routeur modem,1
51c3b694,D Tech Tablette D Tech 10,Tablette,Tablette D Tech 10,18 100 DA,d tech,1
30887e16,Revaleo LCH 086 QC3 3A TYPE C,Accessoire_General,LCH 086 QC3 3A TYPE C,1 250 DA,accessoire general,1
51c3b694,D Tech Tablette D Tech 10,Tablette,Tablette D Tech 10,18 100 DA,tablette,1
6c3ac5c8,HOCO CAR FM Transmitter E59,Accessoire_Audio,CAR FM Transmitter E59,2 500 DA,fm,1
844c2ce6,D Tech Tablette D Tech 8,Tablette,Tablette D Tech 8,15 500 DA,fcld008,0
82197887,ZTE NUBIA MUSIC POP ART,Smartphone,NUBIA MUSIC POP ART,25 500 DA,zet nubia,1
df7a5817,D Link DWR G403,Routeur_Modem,D Link DWR G403,10 500 DA,accessoire audoi,0
737d1d6b,ZTE NUBIA Neo2 5G,Smartphone,ZTE NUBIA Neo2 5G,49 900 DA,hoco true,0
87f8f1c1,D Link BOX Home M915V,Routeur_Modem,BOX Home M915V,9 100 DA,c80a,0
aedf3d03,D Link DWR M961,Routeur_Modem,D Link DWR M961,9 900 DA,routeur modem,1
df7a5817,D Link DWR G403,Routeur_Modem,D Link DWR G403,10 500 DA,accessoire charge,0
9129a21d,TECNO SPARK Go 1,Smartphone,SPARK Go 1,18 000 DA,go,1
ed82fff0,HOCO Silicone 3A X86 Type C,Accessoire_Audio,Silicone 3A X86 Type C,1 200 DA,accessoire auio,1
737d1d6b,ZTE NUBIA Neo2 5G,Smartphone,ZTE NUBIA Neo2 5G,49 900 DA,el djaziira,0
df7a5817,D Link DWR G403,Routeur_Modem,D Link DWR G403,10 500 DA,el djazirra,0
51c3b694,D Tech Tablette D Tech 10,Tablette,Tablette D Tech 10,18 100 DA,accessiore general,0
5b33db8f,TCL HH40L1,Routeur_Modem,TCL HH40L1,8 690 DA,usb,0
5b33db8f,TCL HH40L1,Routeur_Modem,TCL HH40L1,8 690 DA,tlc,1
9129a21d,TECNO SPARK Go 1,Smartphone,SPARK Go 1,18 000 DA,spark,1
9129a21d,TECNO SPARK Go 1,Smartphone,SPARK Go 1,18 000 DA,hooc,0
e73471e1,D Link DWR M920 B1,Routeur_Modem,D Link DWR M920 B1,8 900 DA,dr,0
df7a5817,D Link DWR G403,Routeur_Modem,D Link DWR G403,10 500 DA,4g,1
51c3b694,D Tech Tablette D Tech 10,Tablette,Tablette D Tech 10,18 100 DA,d teh,1
6bbf6411,Revaleo RCB 86 IOS,Accessoire_General,RCB 86 IOS,400 DA,rcc,0
844c2ce6,D Tech Tablette D Tech 8,Tablette,Tablette D Tech 8,15 500 DA,hoo silicone,0
0ae3b7d8,ZTE BLADE V60 DESIGN,Smartphone,ZTE BLADE V60 DESIGN,32 900 DA,micro,0
9129a21d,TECNO SPARK Go 1,Smartphone,SPARK Go 1,18 000 DA,smartphone,1
5b33db8f,TCL HH40L1,Routeur_Modem,TCL HH40L1,8 690 DA,wif,1
844c2ce6,D Tech Tablette D Tech 8,Tablette,Tablette D Tech 8,15 500 DA,tablettte,1
5b33db8f,TCL HH40L1,Routeur_Modem,TCL HH40L1,8 690 DA,qc3,0
87f8f1c1,D Link BOX Home M915V,Routeur_Modem,BOX Home M915V,9 100 DA,routeur modem,1
f5350ba5,D Link Clé 4G DWR 910M Wifi,Routeur_Modem,Clé 4G DWR 910M Wifi,4 500 DA,d link clé,1
9cb292bd,D Tech Tablette D Tech 7,Tablette,Tablette D Tech 7,13 200 DA,el djazira fcld,0
5b33db8f,TCL HH40L1,Routeur_Modem,TCL HH40L1,8 690 DA,tcl,1
87f8f1c1,D Link BOX Home M915V,Routeur_Modem,BOX Home M915V,9 100 DA,mountchld002,0
e73471e1,D Link DWR M920 B1,Routeur_Modem,D Link DWR M920 B1,8 900 DA,routeur omdem,1
4310cc39,HOCO Chargeur N13 Type C TO IP,Accessoire_Audio,Chargeur N13 Type C TO IP,3 800 DA,hooc,1
aedf3d03,D Link DWR M961,Routeur_Modem,D Link DWR M961,9 900 DA,4g,1
5b33db8f,TCL HH40L1,Routeur_Modem,TCL HH40L1,8 690 DA,hhoco in,0
9cb292bd,D Tech Tablette D Tech 7,Tablette,Tablette D Tech 7,13 200 DA,d tech,1
15bce452,EL DJAZIRA CULD 004 S MICRO USB,Accessoire_Charge,CULD 004 S MICRO USB,600 DA,el djazira culd,1
c2089f87,HOCO QC3 0 C72Q TYPE C,Accessoire_Audio,QC3 0 C72Q TYPE C,1 100 DA,revaleo lch,0
9cb292bd,D Tech Tablette D Tech 7,Tablette,Tablette D Tech 7,13 200 DA,hooc,0
df7a5817,D Link DWR G403,Routeur_Modem,D Link DWR G403,10 500 DA,routeuur modem,0
aedf3d03,D Link DWR M961,Routeur_Modem,D Link DWR M961,9 900 DA,routeur modem,1
e73471e1,D Link DWR M920 B1,Routeur_Modem,D Link DWR M920 B1,8 900 DA,usb,0
df7a5817,D Link DWR G403,Routeur_Modem,D Link DWR G403,10 500 DA,lh,0
5b33db8f,TCL HH40L1,Routeur_Modem,TCL HH40L1,8 690 DA,hh40l1,1
7366f5e2,EL DJAZIRA FCLD008 TYPE C,Accessoire_General,FCLD008 TYPE C,1 300 DA,hoco,0
df7a5817,D Link DWR G403,Routeur_Modem,D Link DWR G403,10 500 DA,culd100,0
51c3b694,D Tech Tablette D Tech 10,Tablette,Tablette D Tech 10,18 100 DA,cabe,0
aedf3d03,D Link DWR M961,Routeur_Modem,D Link DWR M961,9 900 DA,zte,0
a47989bd,EL DJAZIRA CCULD009 TYPE C,Accessoire_General,CCULD009 TYPE C,550 DA,el djjazira,0
f5350ba5,D Link Clé 4G DWR 910M Wifi,Routeur_Modem,Clé 4G DWR 910M Wifi,4 500 DA,hoco,0
f5350ba5,D Link Clé 4G DWR 910M Wifi,Routeur_Modem,Clé 4G DWR 910M Wifi,4 500 DA,c101a,0
737d1d6b,ZTE NUBIA Neo2 5G,Smartphone,ZTE NUBIA Neo2 5G,49 900 DA,5g,1
5e834565,Revaleo TK80 QC3 MICRO USB,Accessoire_Charge,TK80 QC3 MICRO USB,800 DA,lchh,0
831b7a24,HOCO C80A PLUS TYPE C TO IP,Accessoire_Audio,C80A PLUS TYPE C TO IP,2 100 DA,plus,1
5b33db8f,TCL HH40L1,Routeur_Modem,TCL HH40L1,8 690 DA,routeur modem,1
f5350ba5,D Link Clé 4G DWR 910M Wifi,Routeur_Modem,Clé 4G DWR 910M Wifi,4 500 DA,wr,1
87f8f1c1,D Link BOX Home M915V,Routeur_Modem,BOX Home M915V,9 100 DA,hoco single,0
87f8f1c1,D Link BOX Home M915V,Routeur_Modem,BOX Home M915V,9 100 DA,el djazira,0
cdc65717,ZTE BLADE A75,Smartphone,ZTE BLADE A75,31 900 DA,te,1
88e90c36,TECNO POVA 6,Smartphone,POVA 6,43 300 DA,tecnno,1
88e90c36,TECNO POVA 6,Smartphone,POVA 6,43 300 DA,smartphone,1
df7a5817,D Link DWR G403,Routeur_Modem,D Link DWR G403,10 500 DA,hooc,0
aedf3d03,D Link DWR M961,Routeur_Modem,D Link DWR M961,9 900 DA,zte nubia,0
aedf3d03,D Link DWR M961,Routeur_Modem,D Link DWR M961,9 900 DA,00,0
efe375f6,Revaleo LC 927 TYPE C,Accessoire_General,LC 927 TYPE C,500 DA,tb,0
844c2ce6,D Tech Tablette D Tech 8,Tablette,Tablette D Tech 8,15 500 DA,hc4,0
f5350ba5,D Link Clé 4G DWR 910M Wifi,Routeur_Modem,Clé 4G DWR 910M Wifi,4 500 DA,d link,1
9cb292bd,D Tech Tablette D Tech 7,Tablette,Tablette D Tech 7,13 200 DA,accessoire charge,0
9cb292bd,D Tech Tablette D Tech 7,Tablette,Tablette D Tech 7,13 200 DA, dtech,1
f5350ba5,D Link Clé 4G DWR 910M Wifi,Routeur_Modem,Clé 4G DWR 910M Wifi,4 500 DA,accessoire general,0
e73471e1,D Link DWR M920 B1,Routeur_Modem,D Link DWR M920 B1,8 900 DA,wifi,1
f5350ba5,D Link Clé 4G DWR 910M Wifi,Routeur_Modem,Clé 4G DWR 910M Wifi,4 500 DA,hoco,0
6ff111a7,EL DJAZIRA CULD 004 C TYPE C,Accessoire_General,CULD 004 C TYPE C,700 DA,el dazira culd,1
82197887,ZTE NUBIA MUSIC POP ART,Smartphone,NUBIA MUSIC POP ART,25 500 DA,type,0
cdc65717,ZTE BLADE A75,Smartphone,ZTE BLADE A75,31 900 DA,aa75,1
51c3b694,D Tech Tablette D Tech 10,Tablette,Tablette D Tech 10,18 100 DA,revaleo lh,0
15f29a3c,Revaleo RCC 004 TYPE C,Accessoire_General,RCC 004 TYPE C,900 DA,ztee,0
f5350ba5,D Link Clé 4G DWR 910M Wifi,Routeur_Modem,Clé 4G DWR 910M Wifi,4 500 DA,d liink,1
aedf3d03,D Link DWR M961,Routeur_Modem,D Link DWR M961,9 900 DA,wfi,1
87f8f1c1,D Link BOX Home M915V,Routeur_Modem,BOX Home M915V,9 100 DA,realeo rcb,0
f5350ba5,D Link Clé 4G DWR 910M Wifi,Routeur_Modem,Clé 4G DWR 910M Wifi,4 500 DA,micor,0
aedf3d03,D Link DWR M961,Routeur_Modem,D Link DWR M961,9 900 DA,wr,1
737d1d6b,ZTE NUBIA Neo2 5G,Smartphone,ZTE NUBIA Neo2 5G,49 900 DA,zte zte,1
9461652e,HOCO ECOUTEUR EQ4,Accessoire_Audio,ECOUTEUR EQ4,4 800 DA,el djzira,0
18d42555,Revaleo RTC 003 3USB TYPE C,Accessoire_Charge,RTC 003 3USB TYPE C,1 250 DA,revaleeo,1
a7c8b379,D Tech Power Bank DP1 Mini,Accessoire_General,Power Bank DP1 Mini,2 200 DA,revaleo,0
f207d538,ZTE Blade A55,Smartphone,Blade A55,20 900 DA,d tech tablette,0
aedf3d03,D Link DWR M961,Routeur_Modem,D Link DWR M961,9 900 DA,hoco charger,0
cdc65717,ZTE BLADE A75,Smartphone,ZTE BLADE A75,31 900 DA,blaade,1
831b7a24,HOCO C80A PLUS TYPE C TO IP,Accessoire_Audio,C80A PLUS TYPE C TO IP,2 100 DA,el dazira,0
844c2ce6,D Tech Tablette D Tech 8,Tablette,Tablette D Tech 8,15 500 DA,dt ech tablette,1
e73471e1,D Link DWR M920 B1,Routeur_Modem,D Link DWR M920 B1,8 900 DA,d link,0
51c3b694,D Tech Tablette D Tech 10,Tablette,Tablette D Tech 10,18 100 DA,revaleo rcb,0
c8256303,ZTE BLADE A35,Smartphone,ZTE BLADE A35,17 900 DA,smartphone,1
f5350ba5,D Link Clé 4G DWR 910M Wifi,Routeur_Modem,Clé 4G DWR 910M Wifi,4 500 DA,routeur modem,1
5b33db8f,TCL HH40L1,Routeur_Modem,TCL HH40L1,8 690 DA,dual,0
aedf3d03,D Link DWR M961,Routeur_Modem,D Link DWR M961,9 900 DA,ytpe,0
542f6246,Revaleo RCC 004 MICRO USB,Accessoire_Charge,RCC 004 MICRO USB,800 DA,sub,1
e73471e1,D Link DWR M920 B1,Routeur_Modem,D Link DWR M920 B1,8 900 DA,qc3,0
51c3b694,D Tech Tablette D Tech 10,Tablette,Tablette D Tech 10,18 100 DA,reevaleo lch,0
51c3b694,D Tech Tablette D Tech 10,Tablette,Tablette D Tech 10,18 100 DA,tab,1
29fb7c1d,EL DJAZIRA FCLD 009 S4 MICRO USB,Accessoire_Charge,FCLD 009 S4 MICRO USB,1 800 DA,speaaker,0
87f8f1c1,D Link BOX Home M915V,Routeur_Modem,BOX Home M915V,9 100 DA,hoe,1
5b33db8f,TCL HH40L1,Routeur_Modem,TCL HH40L1,8 690 DA,4g,1
aedf3d03,D Link DWR M961,Routeur_Modem,D Link DWR M961,9 900 DA,routeur moem,1
5b33db8f,TCL HH40L1,Routeur_Modem,TCL HH40L1,8 690 DA,050,0
9cb292bd,D Tech Tablette D Tech 7,Tablette,Tablette D Tech 7,13 200 DA,tablette,1
f5350ba5,D Link Clé 4G DWR 910M Wifi,Routeur_Modem,Clé 4G DWR 910M Wifi,4 500 DA,atblette,0
f5350ba5,D Link Clé 4G DWR 910M Wifi,Routeur_Modem,Clé 4G DWR 910M Wifi,4 500 DA,routeur modem,1
5b33db8f,TCL HH40L1,Routeur_Modem,TCL HH40L1,8 690 DA,routeur modem,1
2157f1b5,Revaleo TK80 QC3 TYPE C,Accessoire_General,TK80 QC3 TYPE C,800 DA,type,1
9cb292bd,D Tech Tablette D Tech 7,Tablette,Tablette D Tech 7,13 200 DA,d tch,1
f5350ba5,D Link Clé 4G DWR 910M Wifi,Routeur_Modem,Clé 4G DWR 910M Wifi,4 500 DA,d link clé,1
844c2ce6,D Tech Tablette D Tech 8,Tablette,Tablette D Tech 8,15 500 DA,d tech,1
df7a5817,D Link DWR G403,Routeur_Modem,D Link DWR G403,10 500 DA,4g,1
f5350ba5,D Link Clé 4G DWR 910M Wifi,Routeur_Modem,Clé 4G DWR 910M Wifi,4 500 DA,d linkclé,1
7366f5e2,EL DJAZIRA FCLD008 TYPE C,Accessoire_General,FCLD008 TYPE C,1 300 DA,hoco x76,0
51c3b694,D Tech Tablette D Tech 10,Tablette,Tablette D Tech 10,18 100 DA,d tech,1
8af3b552,HOCO CABLE BX54 TYPE C,Accessoire_Audio,CABLE BX54 TYPE C,399 DA,dv,0
c8256303,ZTE BLADE A35,Smartphone,ZTE BLADE A35,17 900 DA,earphones,0
4dd7aa74,HOCO IN CAR FM E62,Accessoire_Audio,IN CAR FM E62,4 900 DA,fm,1
c8256303,ZTE BLADE A35,Smartphone,ZTE BLADE A35,17 900 DA,a35,1
9cb292bd,D Tech Tablette D Tech 7,Tablette,Tablette D Tech 7,13 200 DA,tceh,1
51c3b694,D Tech Tablette D Tech 10,Tablette,Tablette D Tech 10,18 100 DA,d tech tablette,1
87f8f1c1,D Link BOX Home M915V,Routeur_Modem,BOX Home M915V,9 100 DA,bo,1
9cb292bd,D Tech Tablette D Tech 7,Tablette,Tablette D Tech 7,13 200 DA,tablette,1
5b33db8f,TCL HH40L1,Routeur_Modem,TCL HH40L1,8 690 DA,4g,1
87f8f1c1,D Link BOX Home M915V,Routeur_Modem,BOX Home M915V,9 100 DA,culd00,0
9461652e,HOCO ECOUTEUR EQ4,Accessoire_Audio,ECOUTEUR EQ4,4 800 DA,magnetic,0
f5350ba5,D Link Clé 4G DWR 910M Wifi,Routeur_Modem,Clé 4G DWR 910M Wifi,4 500 DA,miccro,0
aedf3d03,D Link DWR M961,Routeur_Modem,D Link DWR M961,9 900 DA,d link,1
f5350ba5,D Link Clé 4G DWR 910M Wifi,Routeur_Modem,Clé 4G DWR 910M Wifi,4 500 DA,clé,1
5b33db8f,TCL HH40L1,Routeur_Modem,TCL HH40L1,8 690 DA,eel djazira,0
e73471e1,D Link DWR M920 B1,Routeur_Modem,D Link DWR M920 B1,8 900 DA,mni,0
33312035,Revaleo LCH 082 TYPE C,Accessoire_General,LCH 082 TYPE C,1 300 DA,082,1
aedf3d03,D Link DWR M961,Routeur_Modem,D Link DWR M961,9 900 DA,hocoo,0
844c2ce6,D Tech Tablette D Tech 8,Tablette,Tablette D Tech 8,15 500 DA,tablette,1
41825058,Revaleo EARBUDS REVALEO V6,Accessoire_Audio,EARBUDS REVALEO V6,6 500 DA,culd012,0
35491815,HOCO Écouteurs M1 Max IP,Accessoire_Audio,Écouteurs M1 Max IP,2 200 DA,revaleo rtc,0
df7a5817,D Link DWR G403,Routeur_Modem,D Link DWR G403,10 500 DA,d link,1
844c2ce6,D Tech Tablette D Tech 8,Tablette,Tablette D Tech 8,15 500 DA,tyype,0
2db25980,EL DJAZIRA FCLD012 MICRO USB,Accessoire_Charge,FCLD012 MICRO USB,1 850 DA,revaeo rtc,0
df7a5817,D Link DWR G403,Routeur_Modem,D Link DWR G403,10 500 DA,rouetur modem,1
df7a5817,D Link DWR G403,Routeur_Modem,D Link DWR G403,10 500 DA,accesosire charge,0
f93a4bc2,Revaleo TK 74,Accessoire_General,TK 74,650 DA,eq1,0
87f8f1c1,D Link BOX Home M915V,Routeur_Modem,BOX Home M915V,9 100 DA,roteur modem,1
87f8f1c1,D Link BOX Home M915V,Routeur_Modem,BOX Home M915V,9 100 DA,hoome,1
87f8f1c1,D Link BOX Home M915V,Routeur_Modem,BOX Home M915V,9 100 DA,d tech tablette,0
f207d538,ZTE Blade A55,Smartphone,Blade A55,20 900 DA,x86,0
5b33db8f,TCL HH40L1,Routeur_Modem,TCL HH40L1,8 690 DA,hh401l,1
e73471e1,D Link DWR M920 B1,Routeur_Modem,D Link DWR M920 B1,8 900 DA,3a5,0
df7a5817,D Link DWR G403,Routeur_Modem,D Link DWR G403,10 500 DA,d link d,1
9cb292bd,D Tech Tablette D Tech 7,Tablette,Tablette D Tech 7,13 200 DA,tablette,1
9cb292bd,D Tech Tablette D Tech 7,Tablette,Tablette D Tech 7,13 200 DA,fccld010,0
51c3b694,D Tech Tablette D Tech 10,Tablette,Tablette D Tech 10,18 100 DA,10,1
87f8f1c1,D Link BOX Home M915V,Routeur_Modem,BOX Home M915V,9 100 DA,acessoire charge,0
a1b76c05,EL DJAZIRA FCLD010 MICRO USB,Accessoire_Charge,FCLD010 MICRO USB,1 300 DA,eq,0
f5350ba5,D Link Clé 4G DWR 910M Wifi,Routeur_Modem,Clé 4G DWR 910M Wifi,4 500 DA,e1q,0
f5350ba5,D Link Clé 4G DWR 910M Wifi,Routeur_Modem,Clé 4G DWR 910M Wifi,4 500 DA,dl ink clé,1
82197887,ZTE NUBIA MUSIC POP ART,Smartphone,NUBIA MUSIC POP ART,25 500 DA,hoco écouteur,0
f207d538,ZTE Blade A55,Smartphone,Blade A55,20 900 DA,zte,1
5b33db8f,TCL HH40L1,Routeur_Modem,TCL HH40L1,8 690 DA,wifi,1
f207d538,ZTE Blade A55,Smartphone,Blade A55,20 900 DA,zet,1
87f8f1c1,D Link BOX Home M915V,Routeur_Modem,BOX Home M915V,9 100 DA,holder,0
33312035,Revaleo LCH 082 TYPE C,Accessoire_General,LCH 082 TYPE C,1 300 DA,el djaziar,0
f5350ba5,D Link Clé 4G DWR 910M Wifi,Routeur_Modem,Clé 4G DWR 910M Wifi,4 500 DA,wifii,0
9cb292bd,D Tech Tablette D Tech 7,Tablette,Tablette D Tech 7,13 200 DA,d etch tablette,1
aedf3d03,D Link DWR M961,Routeur_Modem,D Link DWR M961,9 900 DA,wwifi,1
f5350ba5,D Link Clé 4G DWR 910M Wifi,Routeur_Modem,Clé 4G DWR 910M Wifi,4 500 DA,wfii,1
fb9d4c38,EL DJAZIRA FCLD013 TYPE C,Accessoire_General,FCLD013 TYPE C,1 000 DA,el jdazira fcld013,1
df7a5817,D Link DWR G403,Routeur_Modem,D Link DWR G403,10 500 DA,dwwr,1
f5350ba5,D Link Clé 4G DWR 910M Wifi,Routeur_Modem,Clé 4G DWR 910M Wifi,4 500 DA, dlink,1
2157f1b5,Revaleo TK80 QC3 TYPE C,Accessoire_General,TK80 QC3 TYPE C,800 DA,revaleo lch,0
844c2ce6,D Tech Tablette D Tech 8,Tablette,Tablette D Tech 8,15 500 DA,tec,1
9cb292bd,D Tech Tablette D Tech 7,Tablette,Tablette D Tech 7,13 200 DA,tab,1
e73471e1,D Link DWR M920 B1,Routeur_Modem,D Link DWR M920 B1,8 900 DA,usb,0
f207d538,ZTE Blade A55,Smartphone,Blade A55,20 900 DA,bade,1
aedf3d03,D Link DWR M961,Routeur_Modem,D Link DWR M961,9 900 DA,d ink,1
9cb292bd,D Tech Tablette D Tech 7,Tablette,Tablette D Tech 7,13 200 DA,crb,0
aedf3d03,D Link DWR M961,Routeur_Modem,D Link DWR M961,9 900 DA,ccld,0
844c2ce6,D Tech Tablette D Tech 8,Tablette,Tablette D Tech 8,15 500 DA,tech,1
df7a5817,D Link DWR G403,Routeur_Modem,D Link DWR G403,10 500 DA,4g,1
df7a5817,D Link DWR G403,Routeur_Modem,D Link DWR G403,10 500 DA,d link,1
b0ff9432,EL DJAZIRA FCLD 009 C TYPE C,Accessoire_General,FCLD 009 C TYPE C,1 800 DA,fcld,1
f5350ba5,D Link Clé 4G DWR 910M Wifi,Routeur_Modem,Clé 4G DWR 910M Wifi,4 500 DA,4g,1
c8256303,ZTE BLADE A35,Smartphone,ZTE BLADE A35,17 900 DA,ubs,0
df7a5817,D Link DWR G403,Routeur_Modem,D Link DWR G403,10 500 DA,revaleo tk,0
0d43a74c,EL DJAZIRA MOUNTCHLD002,Accessoire_General,MOUNTCHLD002,950 DA,typ,0
2c6aa736,EL DJAZIRA CHARGEUR PSLD001,Accessoire_Charge,CHARGEUR PSLD001,2 690 DA,accessoire general,0
88e90c36,TECNO POVA 6,Smartphone,POVA 6,43 300 DA,tecno povaa,1
9cb292bd,D Tech Tablette D Tech 7,Tablette,Tablette D Tech 7,13 200 DA,accessoire audio,0
8af3b552,HOCO CABLE BX54 TYPE C,Accessoire_Audio,CABLE BX54 TYPE C,399 DA,hoco,1
844c2ce6,D Tech Tablette D Tech 8,Tablette,Tablette D Tech 8,15 500 DA,3in1,0
5b33db8f,TCL HH40L1,Routeur_Modem,TCL HH40L1,8 690 DA,4g,1
844c2ce6,D Tech Tablette D Tech 8,Tablette,Tablette D Tech 8,15 500 DA,d tech,1
f5350ba5,D Link Clé 4G DWR 910M Wifi,Routeur_Modem,Clé 4G DWR 910M Wifi,4 500 DA,d link,1
87f8f1c1,D Link BOX Home M915V,Routeur_Modem,BOX Home M915V,9 100 DA,hom,1
51c3b694,D Tech Tablette D Tech 10,Tablette,Tablette D Tech 10,18 100 DA,tech,1
f5350ba5,D Link Clé 4G DWR 910M Wifi,Routeur_Modem,Clé 4G DWR 910M Wifi,4 500 DA,tecno spark,0
6f27bb2d,EL DJAZIRA CULD012 TYPE C,Accessoire_General,CULD012 TYPE C,550 DA,e djazira,0
e73471e1,D Link DWR M920 B1,Routeur_Modem,D Link DWR M920 B1,8 900 DA,4g,1
5b33db8f,TCL HH40L1,Routeur_Modem,TCL HH40L1,8 690 DA,hoco car,0
f5350ba5,D Link Clé 4G DWR 910M Wifi,Routeur_Modem,Clé 4G DWR 910M Wifi,4 500 DA,el djzira culd,0
df7a5817,D Link DWR G403,Routeur_Modem,D Link DWR G403,10 500 DA,roouteur modem,1
9cb292bd,D Tech Tablette D Tech 7,Tablette,Tablette D Tech 7,13 200 DA,tab,1
df7a5817,D Link DWR G403,Routeur_Modem,D Link DWR G403,10 500 DA,ilnk,1
5b33db8f,TCL HH40L1,Routeur_Modem,TCL HH40L1,8 690 DA,4g,1
df7a5817,D Link DWR G403,Routeur_Modem,D Link DWR G403,10 500 DA,hoco,0
6bbf6411,Revaleo RCB 86 IOS,Accessoire_General,RCB 86 IOS,400 DA,accessoire general,1
df7a5817,D Link DWR G403,Routeur_Modem,D Link DWR G403,10 500 DA,dwwr,1
df7a5817,D Link DWR G403,Routeur_Modem,D Link DWR G403,10 500 DA,ip,0
4310cc39,HOCO Chargeur N13 Type C TO IP,Accessoire_Audio,Chargeur N13 Type C TO IP,3 800 DA,n13,1
df7a5817,D Link DWR G403,Routeur_Modem,D Link DWR G403,10 500 DA,d link,1
87f8f1c1,D Link BOX Home M915V,Routeur_Modem,BOX Home M915V,9 100 DA,el djazira,0
5b33db8f,TCL HH40L1,Routeur_Modem,TCL HH40L1,8 690 DA,hoco,0
e73471e1,D Link DWR M920 B1,Routeur_Modem,D Link DWR M920 B1,8 900 DA,d ink d,1
c8256303,ZTE BLADE A35,Smartphone,ZTE BLADE A35,17 900 DA,revaelo,0
f5350ba5,D Link Clé 4G DWR 910M Wifi,Routeur_Modem,Clé 4G DWR 910M Wifi,4 500 DA,drw,1
aedf3d03,D Link DWR M961,Routeur_Modem,D Link DWR M961,9 900 DA,dwr,1
9129a21d,TECNO SPARK Go 1,Smartphone,SPARK Go 1,18 000 DA,hoco c101a,0
d69c72b8,Revaleo RTC 004 MICRO USB,Accessoire_Charge,RTC 004 MICRO USB,800 DA,accessore general,0
51c3b694,D Tech Tablette D Tech 10,Tablette,Tablette D Tech 10,18 100 DA,d tech tablette,1
df7a5817,D Link DWR G403,Routeur_Modem,D Link DWR G403,10 500 DA,link,1
87f8f1c1,D Link BOX Home M915V,Routeur_Modem,BOX Home M915V,9 100 DA,wifi,1
87f8f1c1,D Link BOX Home M915V,Routeur_Modem,BOX Home M915V,9 100 DA,m91v5,1
df7a5817,D Link DWR G403,Routeur_Modem,D Link DWR G403,10 500 DA,mmicro,0
9c45ae8d,HOCO Écouteur  EW26,Accessoire_Audio,Écouteur  EW26,2 900 DA,eww26,1
82197887,ZTE NUBIA MUSIC POP ART,Smartphone,NUBIA MUSIC POP ART,25 500 DA,pop,1
bbe397ae,HOCO C97A TYPE C TO TYPE C,Accessoire_Audio,C97A TYPE C TO TYPE C,2 200 DA,tyep,1
87f8f1c1,D Link BOX Home M915V,Routeur_Modem,BOX Home M915V,9 100 DA,iwfi,1
9cb292bd,D Tech Tablette D Tech 7,Tablette,Tablette D Tech 7,13 200 DA,hoco qc3,0
5b33db8f,TCL HH40L1,Routeur_Modem,TCL HH40L1,8 690 DA,routeur modem,1
542f6246,Revaleo RCC 004 MICRO USB,Accessoire_Charge,RCC 004 MICRO USB,800 DA,revaleo rcc,1
51c3b694,D Tech Tablette D Tech 10,Tablette,Tablette D Tech 10,18 100 DA,tehc,1
a19db3e8,HOCO Data cable BX54 TYPE C,Accessoire_Audio,Data cable BX54 TYPE C,400 DA,hoco,1
df7a5817,D Link DWR G403,Routeur_Modem,D Link DWR G403,10 500 DA,dwr,1
5b33db8f,TCL HH40L1,Routeur_Modem,TCL HH40L1,8 690 DA,tcl,1
8fa3eb17,Revaleo RTC 004 TYPE C,Accessoire_General,RTC 004 TYPE C,900 DA,type,1
737d1d6b,ZTE NUBIA Neo2 5G,Smartphone,ZTE NUBIA Neo2 5G,49 900 DA,ztezte,1
737d1d6b,ZTE NUBIA Neo2 5G,Smartphone,ZTE NUBIA Neo2 5G,49 900 DA,revaleo,0
c34963c0,Revaleo LCH 219 MICRO USB,Accessoire_Charge,LCH 219 MICRO USB,1 100 DA,c72q,0
f5350ba5,D Link Clé 4G DWR 910M Wifi,Routeur_Modem,Clé 4G DWR 910M Wifi,4 500 DA,tk,0
51c3b694,D Tech Tablette D Tech 10,Tablette,Tablette D Tech 10,18 100 DA,accessoire charge,0
cc3567ba,HOCO PD30W QC3 0 IN CAR  E70,Accessoire_Audio,PD30W QC3 0 IN CAR  E70,4 800 DA,hoco pd30w,1
e73471e1,D Link DWR M920 B1,Routeur_Modem,D Link DWR M920 B1,8 900 DA,dw,1
a4465134,Revaleo LCH 086 MICRO USB,Accessoire_Charge,LCH 086 MICRO USB,1 200 DA,m1,0
d173166c,Revaleo LCH 219 3USB TYPE C,Accessoire_Charge,LCH 219 3USB TYPE C,1 100 DA,3usb,1
5b33db8f,TCL HH40L1,Routeur_Modem,TCL HH40L1,8 690 DA,el djazira fcld00,0
f207d538,ZTE Blade A55,Smartphone,Blade A55,20 900 DA,accssoire general,0
aedf3d03,D Link DWR M961,Routeur_Modem,D Link DWR M961,9 900 DA,earphone,0
9461652e,HOCO ECOUTEUR EQ4,Accessoire_Audio,ECOUTEUR EQ4,4 800 DA,e4q,1
9cb292bd,D Tech Tablette D Tech 7,Tablette,Tablette D Tech 7,13 200 DA,ech,1
5b33db8f,TCL HH40L1,Routeur_Modem,TCL HH40L1,8 690 DA,mcro,0
9700a48e,EL DJAZIRA CAR MOUNTCHLD001  DV,Accessoire_Auto,CAR MOUNTCHLD001  DV,850 DA,acr,1
844c2ce6,D Tech Tablette D Tech 8,Tablette,Tablette D Tech 8,15 500 DA,tablette,1
5b33db8f,TCL HH40L1,Routeur_Modem,TCL HH40L1,8 690 DA,wif,1
e73471e1,D Link DWR M920 B1,Routeur_Modem,D Link DWR M920 B1,8 900 DA,realeo,0
c8256303,ZTE BLADE A35,Smartphone,ZTE BLADE A35,17 900 DA,ztte,1
cdc65717,ZTE BLADE A75,Smartphone,ZTE BLADE A75,31 900 DA,zte zt,1
d1abf471,HOCO Dual Port C88A MICRO,Accessoire_Audio,Dual Port C88A MICRO,900 DA,routeeur modem,0
737d1d6b,ZTE NUBIA Neo2 5G,Smartphone,ZTE NUBIA Neo2 5G,49 900 DA,car,0
737d1d6b,ZTE NUBIA Neo2 5G,Smartphone,ZTE NUBIA Neo2 5G,49 900 DA,samrtphone,1
c34963c0,Revaleo LCH 219 MICRO USB,Accessoire_Charge,LCH 219 MICRO USB,1 100 DA,219,1
9cb292bd,D Tech Tablette D Tech 7,Tablette,Tablette D Tech 7,13 200 DA,cculd,0
df7a5817,D Link DWR G403,Routeur_Modem,D Link DWR G403,10 500 DA,hoco hcargeur,0
ecf6f099,HOCO ECOUTEUR EQ3,Accessoire_Audio,ECOUTEUR EQ3,3 500 DA,speaker,0
6f789ee4,Revaleo TK 77 TIPE C,Accessoire_General,TK 77 TIPE C,600 DA,hoco hargeur,0
51c3b694,D Tech Tablette D Tech 10,Tablette,Tablette D Tech 10,18 100 DA,cccld003,0
cdc65717,ZTE BLADE A75,Smartphone,ZTE BLADE A75,31 900 DA,a775,1
51c3b694,D Tech Tablette D Tech 10,Tablette,Tablette D Tech 10,18 100 DA,tablette,1
5f47afe2,Revaleo LC 927 MICRO USB,Accessoire_Charge,LC 927 MICRO USB,400 DA,reavleo lc,1
c8256303,ZTE BLADE A35,Smartphone,ZTE BLADE A35,17 900 DA,smarphone,1
5b33db8f,TCL HH40L1,Routeur_Modem,TCL HH40L1,8 690 DA,tk,0
f5350ba5,D Link Clé 4G DWR 910M Wifi,Routeur_Modem,Clé 4G DWR 910M Wifi,4 500 DA,4g,1
cdc65717,ZTE BLADE A75,Smartphone,ZTE BLADE A75,31 900 DA,el djazira,0
cdc65717,ZTE BLADE A75,Smartphone,ZTE BLADE A75,31 900 DA,zte,1
e73471e1,D Link DWR M920 B1,Routeur_Modem,D Link DWR M920 B1,8 900 DA,revaleo rcb,0
87f8f1c1,D Link BOX Home M915V,Routeur_Modem,BOX Home M915V,9 100 DA,ohme,1
5b33db8f,TCL HH40L1,Routeur_Modem,TCL HH40L1,8 690 DA,éocuteurs,0
9cb292bd,D Tech Tablette D Tech 7,Tablette,Tablette D Tech 7,13 200 DA,d tech,1
844c2ce6,D Tech Tablette D Tech 8,Tablette,Tablette D Tech 8,15 500 DA,acble,0
8fa3eb17,Revaleo RTC 004 TYPE C,Accessoire_General,RTC 004 TYPE C,900 DA,4g,0
f5350ba5,D Link Clé 4G DWR 910M Wifi,Routeur_Modem,Clé 4G DWR 910M Wifi,4 500 DA,ddwr,1
51c3b694,D Tech Tablette D Tech 10,Tablette,Tablette D Tech 10,18 100 DA,etch,1
f5350ba5,D Link Clé 4G DWR 910M Wifi,Routeur_Modem,Clé 4G DWR 910M Wifi,4 500 DA,wifi,1
f5350ba5,D Link Clé 4G DWR 910M Wifi,Routeur_Modem,Clé 4G DWR 910M Wifi,4 500 DA,0005,0
51c3b694,D Tech Tablette D Tech 10,Tablette,Tablette D Tech 10,18 100 DA,d tech,1
e73471e1,D Link DWR M920 B1,Routeur_Modem,D Link DWR M920 B1,8 900 DA,wifi,0
aedf3d03,D Link DWR M961,Routeur_Modem,D Link DWR M961,9 900 DA,m961,1
0ae3b7d8,ZTE BLADE V60 DESIGN,Smartphone,ZTE BLADE V60 DESIGN,32 900 DA,design,1
aedf3d03,D Link DWR M961,Routeur_Modem,D Link DWR M961,9 900 DA,revaaleo,0
844c2ce6,D Tech Tablette D Tech 8,Tablette,Tablette D Tech 8,15 500 DA,atb,1
aedf3d03,D Link DWR M961,Routeur_Modem,D Link DWR M961,9 900 DA,accessoire charge,0
cc3567ba,HOCO PD30W QC3 0 IN CAR  E70,Accessoire_Audio,PD30W QC3 0 IN CAR  E70,4 800 DA,h4h0l1,0
aedf3d03,D Link DWR M961,Routeur_Modem,D Link DWR M961,9 900 DA,e ldjazira,0
844c2ce6,D Tech Tablette D Tech 8,Tablette,Tablette D Tech 8,15 500 DA,d tech,1
844c2ce6,D Tech Tablette D Tech 8,Tablette,Tablette D Tech 8,15 500 DA,291,0
9cb292bd,D Tech Tablette D Tech 7,Tablette,Tablette D Tech 7,13 200 DA,d techp ower,0
f207d538,ZTE Blade A55,Smartphone,Blade A55,20 900 DA,blade,1
88e90c36,TECNO POVA 6,Smartphone,POVA 6,43 300 DA,true,0
9dd6883e,HOCO Silicone 2 4A  X86 IP,Accessoire_Audio,Silicone 2 4A  X86 IP,1 200 DA,el djazira,0
e73471e1,D Link DWR M920 B1,Routeur_Modem,D Link DWR M920 B1,8 900 DA,cculd010,0
aedf3d03,D Link DWR M961,Routeur_Modem,D Link DWR M961,9 900 DA,accessoire general,0
8890c2a9,EL DJAZIRA CHARGER FCLD004,Accessoire_General,CHARGER FCLD004,950 DA,hoco,0
df7a5817,D Link DWR G403,Routeur_Modem,D Link DWR G403,10 500 DA,revaleo,0
e73471e1,D Link DWR M920 B1,Routeur_Modem,D Link DWR M920 B1,8 900 DA,el djazira,0
f207d538,ZTE Blade A55,Smartphone,Blade A55,20 900 DA,a55,1
87f8f1c1,D Link BOX Home M915V,Routeur_Modem,BOX Home M915V,9 100 DA,d link box,1
51c3b694,D Tech Tablette D Tech 10,Tablette,Tablette D Tech 10,18 100 DA,accessoire charge,0
aedf3d03,D Link DWR M961,Routeur_Modem,D Link DWR M961,9 900 DA,m90,0
a7c8b379,D Tech Power Bank DP1 Mini,Accessoire_General,Power Bank DP1 Mini,2 200 DA,dp1,1
451f693f,HOCO X85 Type C TO Type C,Accessoire_Audio,X85 Type C TO Type C,1 000 DA,el djazira cculd009,0
a4701ff6,HOCO CABLE 3A X86 TYPE C,Accessoire_Audio,CABLE 3A X86 TYPE C,1 200 DA,revaleo,0
aedf3d03,D Link DWR M961,Routeur_Modem,D Link DWR M961,9 900 DA,spaeker,0
e73471e1,D Link DWR M920 B1,Routeur_Modem,D Link DWR M920 B1,8 900 DA,usb,0
87f8f1c1,D Link BOX Home M915V,Routeur_Modem,BOX Home M915V,9 100 DA,hoco c101a,0
4dc74c0b,HOCO CUP CAR HOLDER CA95,Accessoire_Audio,CUP CAR HOLDER CA95,1 800 DA,el djazira fcld0010,0
e73471e1,D Link DWR M920 B1,Routeur_Modem,D Link DWR M920 B1,8 900 DA,type,0
51c3b694,D Tech Tablette D Tech 10,Tablette,Tablette D Tech 10,18 100 DA,tablette,1
87f8f1c1,D Link BOX Home M915V,Routeur_Modem,BOX Home M915V,9 100 DA,fcld021,0
aedf3d03,D Link DWR M961,Routeur_Modem,D Link DWR M961,9 900 DA,hoco,0
9cb292bd,D Tech Tablette D Tech 7,Tablette,Tablette D Tech 7,13 200 DA,tecch,1
87f8f1c1,D Link BOX Home M915V,Routeur_Modem,BOX Home M915V,9 100 DA,box,1
844c2ce6,D Tech Tablette D Tech 8,Tablette,Tablette D Tech 8,15 500 DA,d tech,1
1498313a,EL DJAZIRA CCLD003 MICRO USB,Accessoire_Charge,CCLD003 MICRO USB,1 100 DA,usb,1
2e57fc73,HOCO X88 Charging Cable,Accessoire_Audio,X88 Charging Cable,400 DA,86,0
9cb292bd,D Tech Tablette D Tech 7,Tablette,Tablette D Tech 7,13 200 DA,d ttech,1
0ae3b7d8,ZTE BLADE V60 DESIGN,Smartphone,ZTE BLADE V60 DESIGN,32 900 DA,bllade,1
f5350ba5,D Link Clé 4G DWR 910M Wifi,Routeur_Modem,Clé 4G DWR 910M Wifi,4 500 DA,219,0
87f8f1c1,D Link BOX Home M915V,Routeur_Modem,BOX Home M915V,9 100 DA,box,1
9cb292bd,D Tech Tablette D Tech 7,Tablette,Tablette D Tech 7,13 200 DA,d etch,1
03a1ebbd,Revaleo RTC 003 3USB MICRO USB,Accessoire_Charge,RTC 003 3USB MICRO USB,1 200 DA,crc,0
df7a5817,D Link DWR G403,Routeur_Modem,D Link DWR G403,10 500 DA,eo2,0
df7a5817,D Link DWR G403,Routeur_Modem,D Link DWR G403,10 500 DA,1n3,0
5b33db8f,TCL HH40L1,Routeur_Modem,TCL HH40L1,8 690 DA,el djaziira charger,0
df7a5817,D Link DWR G403,Routeur_Modem,D Link DWR G403,10 500 DA,dp10h,0
aedf3d03,D Link DWR M961,Routeur_Modem,D Link DWR M961,9 900 DA,wifi,1
5b33db8f,TCL HH40L1,Routeur_Modem,TCL HH40L1,8 690 DA,el djazira chargeur,0
82197887,ZTE NUBIA MUSIC POP ART,Smartphone,NUBIA MUSIC POP ART,25 500 DA,ppo,1
f207d538,ZTE Blade A55,Smartphone,Blade A55,20 900 DA,rrcb,0
df7a5817,D Link DWR G403,Routeur_Modem,D Link DWR G403,10 500 DA,hoco 9c7a,0
cdc65717,ZTE BLADE A75,Smartphone,ZTE BLADE A75,31 900 DA,ze,1
e73471e1,D Link DWR M920 B1,Routeur_Modem,D Link DWR M920 B1,8 900 DA,el djazira,0
5b33db8f,TCL HH40L1,Routeur_Modem,TCL HH40L1,8 690 DA,hh40l1,1
9cb292bd,D Tech Tablette D Tech 7,Tablette,Tablette D Tech 7,13 200 DA,tech,1
df7a5817,D Link DWR G403,Routeur_Modem,D Link DWR G403,10 500 DA,dwr,1
705f7822,HOCO C101A TYPE C TO TYPE C,Accessoire_Audio,C101A TYPE C TO TYPE C,2 700 DA,clh,0
844c2ce6,D Tech Tablette D Tech 8,Tablette,Tablette D Tech 8,15 500 DA,talbette,1
bbe397ae,HOCO C97A TYPE C TO TYPE C,Accessoire_Audio,C97A TYPE C TO TYPE C,2 200 DA,accssoire audio,1
bdf8217c,HOCO Écouteurs M1 PRO,Accessoire_Audio,Écouteurs M1 PRO,1 500 DA,wifi,0
cdc65717,ZTE BLADE A75,Smartphone,ZTE BLADE A75,31 900 DA,a75,1
df7a5817,D Link DWR G403,Routeur_Modem,D Link DWR G403,10 500 DA,c101a,0
87f8f1c1,D Link BOX Home M915V,Routeur_Modem,BOX Home M915V,9 100 DA,hocoo,0
c8256303,ZTE BLADE A35,Smartphone,ZTE BLADE A35,17 900 DA,dal,0
e73471e1,D Link DWR M920 B1,Routeur_Modem,D Link DWR M920 B1,8 900 DA,reavleo,0
df7a5817,D Link DWR G403,Routeur_Modem,D Link DWR G403,10 500 DA,accessoire general,0
aedf3d03,D Link DWR M961,Routeur_Modem,D Link DWR M961,9 900 DA,m961,1
9129a21d,TECNO SPARK Go 1,Smartphone,SPARK Go 1,18 000 DA,go,1
b0a1c859,HOCO EARPHONES MIC M1 PRO,Accessoire_Audio,EARPHONES MIC M1 PRO,1 500 DA,4a,0
e73471e1,D Link DWR M920 B1,Routeur_Modem,D Link DWR M920 B1,8 900 DA,ew9,0
844c2ce6,D Tech Tablette D Tech 8,Tablette,Tablette D Tech 8,15 500 DA,earbuds,0
e73471e1,D Link DWR M920 B1,Routeur_Modem,D Link DWR M920 B1,8 900 DA,accessoir eaudio,0
51c3b694,D Tech Tablette D Tech 10,Tablette,Tablette D Tech 10,18 100 DA, dtech,0
c18021dc,HOCO Charger QC3 0 C72Q,Accessoire_Audio,Charger QC3 0 C72Q,1 100 DA,to,0
aedf3d03,D Link DWR M961,Routeur_Modem,D Link DWR M961,9 900 DA,d tec power,0
5b33db8f,TCL HH40L1,Routeur_Modem,TCL HH40L1,8 690 DA,0882,0
df7a5817,D Link DWR G403,Routeur_Modem,D Link DWR G403,10 500 DA,g40,1
c2089f87,HOCO QC3 0 C72Q TYPE C,Accessoire_Audio,QC3 0 C72Q TYPE C,1 100 DA,c7q2,1
e73471e1,D Link DWR M920 B1,Routeur_Modem,D Link DWR M920 B1,8 900 DA,ccld,0
aedf3d03,D Link DWR M961,Routeur_Modem,D Link DWR M961,9 900 DA,wifi,1
83ef63bb,Revaleo RCB 86 MICRO USB,Accessoire_Charge,RCB 86 MICRO USB,300 DA,ch,0
f5350ba5,D Link Clé 4G DWR 910M Wifi,Routeur_Modem,Clé 4G DWR 910M Wifi,4 500 DA,teh,0
4310cc39,HOCO Chargeur N13 Type C TO IP,Accessoire_Audio,Chargeur N13 Type C TO IP,3 800 DA,to,1
5b33db8f,TCL HH40L1,Routeur_Modem,TCL HH40L1,8 690 DA,0114,0
083bce55,HOCO Z40 Dual Port Car Charge,Accessoire_Audio,Z40 Dual Port Car Charge,1 200 DA,wdr,0
2c6aa736,EL DJAZIRA CHARGEUR PSLD001,Accessoire_Charge,CHARGEUR PSLD001,2 690 DA,usb,0
51c3b694,D Tech Tablette D Tech 10,Tablette,Tablette D Tech 10,18 100 DA,amh,0
451f693f,HOCO X85 Type C TO Type C,Accessoire_Audio,X85 Type C TO Type C,1 000 DA,type,0
88e90c36,TECNO POVA 6,Smartphone,POVA 6,43 300 DA,c72q,0
f5350ba5,D Link Clé 4G DWR 910M Wifi,Routeur_Modem,Clé 4G DWR 910M Wifi,4 500 DA,5a,0
87f8f1c1,D Link BOX Home M915V,Routeur_Modem,BOX Home M915V,9 100 DA,obx,1
844c2ce6,D Tech Tablette D Tech 8,Tablette,Tablette D Tech 8,15 500 DA,tabette,1
844c2ce6,D Tech Tablette D Tech 8,Tablette,Tablette D Tech 8,15 500 DA,hocco,0
e73471e1,D Link DWR M920 B1,Routeur_Modem,D Link DWR M920 B1,8 900 DA,accessoire general,0
51c3b694,D Tech Tablette D Tech 10,Tablette,Tablette D Tech 10,18 100 DA,accessoire audio,0
df7a5817,D Link DWR G403,Routeur_Modem,D Link DWR G403,10 500 DA,car,0
0ae3b7d8,ZTE BLADE V60 DESIGN,Smartphone,ZTE BLADE V60 DESIGN,32 900 DA,lade,1
f5350ba5,D Link Clé 4G DWR 910M Wifi,Routeur_Modem,Clé 4G DWR 910M Wifi,4 500 DA,wifi,0
5b33db8f,TCL HH40L1,Routeur_Modem,TCL HH40L1,8 690 DA,wifi,1
ac721003,EL DJAZIRA FCLD 002 C TYPE C,Accessoire_General,FCLD 002 C TYPE C,1 900 DA,tk80,0
e73471e1,D Link DWR M920 B1,Routeur_Modem,D Link DWR M920 B1,8 900 DA,004,0
df7a5817,D Link DWR G403,Routeur_Modem,D Link DWR G403,10 500 DA,d ilnk,1
5b33db8f,TCL HH40L1,Routeur_Modem,TCL HH40L1,8 690 DA,el djaziira,0
e73471e1,D Link DWR M920 B1,Routeur_Modem,D Link DWR M920 B1,8 900 DA,m92,1
87f8f1c1,D Link BOX Home M915V,Routeur_Modem,BOX Home M915V,9 100 DA,revaleo tk,0
a4701ff6,HOCO CABLE 3A X86 TYPE C,Accessoire_Audio,CABLE 3A X86 TYPE C,1 200 DA,cable,1
aedf3d03,D Link DWR M961,Routeur_Modem,D Link DWR M961,9 900 DA,accessoire auido,0
aedf3d03,D Link DWR M961,Routeur_Modem,D Link DWR M961,9 900 DA,lnik,1
b489ceb2,HOCO ECOUTEUR EW39,Accessoire_Audio,ECOUTEUR EW39,5 500 DA,type,0
5b33db8f,TCL HH40L1,Routeur_Modem,TCL HH40L1,8 690 DA,4g,1
b132d198,EL DJAZIRA FCLD013 MICRO USB,Accessoire_Charge,FCLD013 MICRO USB,950 DA,accessoire charge,1
c8256303,ZTE BLADE A35,Smartphone,ZTE BLADE A35,17 900 DA,blade,1
9cb292bd,D Tech Tablette D Tech 7,Tablette,Tablette D Tech 7,13 200 DA,accessoirre charge,0
e2f59916,Revaleo RCB 005 IOS,Accessoire_General,RCB 005 IOS,600 DA,revvaleo rcb,1
e73471e1,D Link DWR M920 B1,Routeur_Modem,D Link DWR M920 B1,8 900 DA,accessoire audio,0
51c3b694,D Tech Tablette D Tech 10,Tablette,Tablette D Tech 10,18 100 DA,usb,0
5b33db8f,TCL HH40L1,Routeur_Modem,TCL HH40L1,8 690 DA,revaelo,0
9cb292bd,D Tech Tablette D Tech 7,Tablette,Tablette D Tech 7,13 200 DA,tech,1
f5350ba5,D Link Clé 4G DWR 910M Wifi,Routeur_Modem,Clé 4G DWR 910M Wifi,4 500 DA,oruteur modem,1
9cb292bd,D Tech Tablette D Tech 7,Tablette,Tablette D Tech 7,13 200 DA,accessoire audio,0
a4465134,Revaleo LCH 086 MICRO USB,Accessoire_Charge,LCH 086 MICRO USB,1 200 DA,revaleo lch,1
51c3b694,D Tech Tablette D Tech 10,Tablette,Tablette D Tech 10,18 100 DA,10,1
9cb292bd,D Tech Tablette D Tech 7,Tablette,Tablette D Tech 7,13 200 DA,tablette,1
f5350ba5,D Link Clé 4G DWR 910M Wifi,Routeur_Modem,Clé 4G DWR 910M Wifi,4 500 DA,dp1,0
f5350ba5,D Link Clé 4G DWR 910M Wifi,Routeur_Modem,Clé 4G DWR 910M Wifi,4 500 DA,routeur modem,1
bbe397ae,HOCO C97A TYPE C TO TYPE C,Accessoire_Audio,C97A TYPE C TO TYPE C,2 200 DA,a555,0
df7a5817,D Link DWR G403,Routeur_Modem,D Link DWR G403,10 500 DA,4g,1
87f8f1c1,D Link BOX Home M915V,Routeur_Modem,BOX Home M915V,9 100 DA,wifi,1
aedf3d03,D Link DWR M961,Routeur_Modem,D Link DWR M961,9 900 DA,dual,0
9cb292bd,D Tech Tablette D Tech 7,Tablette,Tablette D Tech 7,13 200 DA,ome,0
df7a5817,D Link DWR G403,Routeur_Modem,D Link DWR G403,10 500 DA,4g,1
f5350ba5,D Link Clé 4G DWR 910M Wifi,Routeur_Modem,Clé 4G DWR 910M Wifi,4 500 DA,d linkk clé,1
a4465134,Revaleo LCH 086 MICRO USB,Accessoire_Charge,LCH 086 MICRO USB,1 200 DA,lch,0
5b33db8f,TCL HH40L1,Routeur_Modem,TCL HH40L1,8 690 DA,tecno pova,0
344c9a11,EL DJAZIRA FCLD012 TYPE C,Accessoire_General,FCLD012 TYPE C,1 900 DA,type,1
aedf3d03,D Link DWR M961,Routeur_Modem,D Link DWR M961,9 900 DA,5a,0
e73471e1,D Link DWR M920 B1,Routeur_Modem,D Link DWR M920 B1,8 900 DA,el djazira fcld,0
aedf3d03,D Link DWR M961,Routeur_Modem,D Link DWR M961,9 900 DA,961,1
cdc65717,ZTE BLADE A75,Smartphone,ZTE BLADE A75,31 900 DA,bladee,1
0ae3b7d8,ZTE BLADE V60 DESIGN,Smartphone,ZTE BLADE V60 DESIGN,32 900 DA,hoco,0
9cb292bd,D Tech Tablette D Tech 7,Tablette,Tablette D Tech 7,13 200 DA,lc,0
f5350ba5,D Link Clé 4G DWR 910M Wifi,Routeur_Modem,Clé 4G DWR 910M Wifi,4 500 DA,reevaleo,0
f207d538,ZTE Blade A55,Smartphone,Blade A55,20 900 DA,blade,1
9cb292bd,D Tech Tablette D Tech 7,Tablette,Tablette D Tech 7,13 200 DA,tablettte,1
df7a5817,D Link DWR G403,Routeur_Modem,D Link DWR G403,10 500 DA,car,0
0d43a74c,EL DJAZIRA MOUNTCHLD002,Accessoire_General,MOUNTCHLD002,950 DA,el djazira mountchld002,1
e73471e1,D Link DWR M920 B1,Routeur_Modem,D Link DWR M920 B1,8 900 DA,accessoire audio,0
5b33db8f,TCL HH40L1,Routeur_Modem,TCL HH40L1,8 690 DA,4g,1
df7a5817,D Link DWR G403,Routeur_Modem,D Link DWR G403,10 500 DA,dlink,1
9cb292bd,D Tech Tablette D Tech 7,Tablette,Tablette D Tech 7,13 200 DA,d techh power,0
36660025,HOCO SPORTS BT SPEAKER HC13,Accessoire_Audio,SPORTS BT SPEAKER HC13,3 500 DA,hoco sports,1
5b33db8f,TCL HH40L1,Routeur_Modem,TCL HH40L1,8 690 DA,type,0
51c3b694,D Tech Tablette D Tech 10,Tablette,Tablette D Tech 10,18 100 DA,hooc x85,0
e73471e1,D Link DWR M920 B1,Routeur_Modem,D Link DWR M920 B1,8 900 DA,m920,1
9cb292bd,D Tech Tablette D Tech 7,Tablette,Tablette D Tech 7,13 200 DA,ze,0
9cb292bd,D Tech Tablette D Tech 7,Tablette,Tablette D Tech 7,13 200 DA,revleo tk,0
aedf3d03,D Link DWR M961,Routeur_Modem,D Link DWR M961,9 900 DA,wifi,1
df7a5817,D Link DWR G403,Routeur_Modem,D Link DWR G403,10 500 DA,g403,1
f5350ba5,D Link Clé 4G DWR 910M Wifi,Routeur_Modem,Clé 4G DWR 910M Wifi,4 500 DA,drw,1
87f8f1c1,D Link BOX Home M915V,Routeur_Modem,BOX Home M915V,9 100 DA,ttech,0
c7197023,HOCO CAR HOLDER CA82,Accessoire_Audio,CAR HOLDER CA82,2 500 DA,smartphnoe,0
f5350ba5,D Link Clé 4G DWR 910M Wifi,Routeur_Modem,Clé 4G DWR 910M Wifi,4 500 DA,wifi,1
51c3b694,D Tech Tablette D Tech 10,Tablette,Tablette D Tech 10,18 100 DA,tech,1
ac721003,EL DJAZIRA FCLD 002 C TYPE C,Accessoire_General,FCLD 002 C TYPE C,1 900 DA,mmicro,0
87f8f1c1,D Link BOX Home M915V,Routeur_Modem,BOX Home M915V,9 100 DA,x82,0
e73471e1,D Link DWR M920 B1,Routeur_Modem,D Link DWR M920 B1,8 900 DA,routeur modeem,1
e73471e1,D Link DWR M920 B1,Routeur_Modem,D Link DWR M920 B1,8 900 DA,wdr,1
e0a8bc66,EL DJAZIRA CCULD009 MICRO USB,Accessoire_Charge,CCULD009 MICRO USB,500 DA,el djaziar car,0
9cb292bd,D Tech Tablette D Tech 7,Tablette,Tablette D Tech 7,13 200 DA,tba,1
51c3b694,D Tech Tablette D Tech 10,Tablette,Tablette D Tech 10,18 100 DA,d techh,1
c8256303,ZTE BLADE A35,Smartphone,ZTE BLADE A35,17 900 DA,zte,1
f5350ba5,D Link Clé 4G DWR 910M Wifi,Routeur_Modem,Clé 4G DWR 910M Wifi,4 500 DA,martphone,0
844c2ce6,D Tech Tablette D Tech 8,Tablette,Tablette D Tech 8,15 500 DA,d tech tablette,1
5b33db8f,TCL HH40L1,Routeur_Modem,TCL HH40L1,8 690 DA,wifi,1
87f8f1c1,D Link BOX Home M915V,Routeur_Modem,BOX Home M915V,9 100 DA,box,1
87f8f1c1,D Link BOX Home M915V,Routeur_Modem,BOX Home M915V,9 100 DA,4g,1
51c3b694,D Tech Tablette D Tech 10,Tablette,Tablette D Tech 10,18 100 DA,teh,1
87f8f1c1,D Link BOX Home M915V,Routeur_Modem,BOX Home M915V,9 100 DA, dlink,1
aedf3d03,D Link DWR M961,Routeur_Modem,D Link DWR M961,9 900 DA,4g,1
e73471e1,D Link DWR M920 B1,Routeur_Modem,D Link DWR M920 B1,8 900 DA,tech,0
844c2ce6,D Tech Tablette D Tech 8,Tablette,Tablette D Tech 8,15 500 DA,tabblette,1
91380175,HOCO X76 3in1 Charging Cable,Accessoire_Audio,X76 3in1 Charging Cable,1 200 DA,revaleo,0
844c2ce6,D Tech Tablette D Tech 8,Tablette,Tablette D Tech 8,15 500 DA,el djazira chharger,0
844c2ce6,D Tech Tablette D Tech 8,Tablette,Tablette D Tech 8,15 500 DA,micro,0
87f8f1c1,D Link BOX Home M915V,Routeur_Modem,BOX Home M915V,9 100 DA,4g,1
0ae3b7d8,ZTE BLADE V60 DESIGN,Smartphone,ZTE BLADE V60 DESIGN,32 900 DA,smartphone,1
aedf3d03,D Link DWR M961,Routeur_Modem,D Link DWR M961,9 900 DA,d lnik,1
9cb292bd,D Tech Tablette D Tech 7,Tablette,Tablette D Tech 7,13 200 DA,porrt,0
5b33db8f,TCL HH40L1,Routeur_Modem,TCL HH40L1,8 690 DA,tlc,1
e73471e1,D Link DWR M920 B1,Routeur_Modem,D Link DWR M920 B1,8 900 DA,m920,1
cdc65717,ZTE BLADE A75,Smartphone,ZTE BLADE A75,31 900 DA,bldae,1
df7a5817,D Link DWR G403,Routeur_Modem,D Link DWR G403,10 500 DA,cculd009,0
5b33db8f,TCL HH40L1,Routeur_Modem,TCL HH40L1,8 690 DA,routeur mmodem,1
e73471e1,D Link DWR M920 B1,Routeur_Modem,D Link DWR M920 B1,8 900 DA,d ilnk,1
c8256303,ZTE BLADE A35,Smartphone,ZTE BLADE A35,17 900 DA,zte ze,1
f5350ba5,D Link Clé 4G DWR 910M Wifi,Routeur_Modem,Clé 4G DWR 910M Wifi,4 500 DA,micro,0
aedf3d03,D Link DWR M961,Routeur_Modem,D Link DWR M961,9 900 DA,accessoire audio,0
2e57fc73,HOCO X88 Charging Cable,Accessoire_Audio,X88 Charging Cable,400 DA,hoco x88,1
51c3b694,D Tech Tablette D Tech 10,Tablette,Tablette D Tech 10,18 100 DA,tab,1
737d1d6b,ZTE NUBIA Neo2 5G,Smartphone,ZTE NUBIA Neo2 5G,49 900 DA,zet zte,1
87f8f1c1,D Link BOX Home M915V,Routeur_Modem,BOX Home M915V,9 100 DA,d linnk,1
6e7b5218,HOCO STEREO Earphones  M90,Accessoire_Audio,STEREO Earphones  M90,1 500 DA,accessoire audio,1
b489ceb2,HOCO ECOUTEUR EW39,Accessoire_Audio,ECOUTEUR EW39,5 500 DA,el jazira,0
f5350ba5,D Link Clé 4G DWR 910M Wifi,Routeur_Modem,Clé 4G DWR 910M Wifi,4 500 DA,acecssoire charge,0
5b33db8f,TCL HH40L1,Routeur_Modem,TCL HH40L1,8 690 DA,hoco,0
e73471e1,D Link DWR M920 B1,Routeur_Modem,D Link DWR M920 B1,8 900 DA,d link,1
aedf3d03,D Link DWR M961,Routeur_Modem,D Link DWR M961,9 900 DA,type,0
f93a4bc2,Revaleo TK 74,Accessoire_General,TK 74,650 DA,maah,0
87f8f1c1,D Link BOX Home M915V,Routeur_Modem,BOX Home M915V,9 100 DA,75,0
9129a21d,TECNO SPARK Go 1,Smartphone,SPARK Go 1,18 000 DA,sprt,0
87f8f1c1,D Link BOX Home M915V,Routeur_Modem,BOX Home M915V,9 100 DA,d link bx,1
ac721003,EL DJAZIRA FCLD 002 C TYPE C,Accessoire_General,FCLD 002 C TYPE C,1 900 DA,eel djazira,1
f5350ba5,D Link Clé 4G DWR 910M Wifi,Routeur_Modem,Clé 4G DWR 910M Wifi,4 500 DA,dv,0
0ae3b7d8,ZTE BLADE V60 DESIGN,Smartphone,ZTE BLADE V60 DESIGN,32 900 DA,d tech,0
df7a5817,D Link DWR G403,Routeur_Modem,D Link DWR G403,10 500 DA,routeur modme,1
aedf3d03,D Link DWR M961,Routeur_Modem,D Link DWR M961,9 900 DA,dual,0
df7a5817,D Link DWR G403,Routeur_Modem,D Link DWR G403,10 500 DA,hoco,0
9cb292bd,D Tech Tablette D Tech 7,Tablette,Tablette D Tech 7,13 200 DA,ecoutuer,0
844c2ce6,D Tech Tablette D Tech 8,Tablette,Tablette D Tech 8,15 500 DA,tba,1
df7a5817,D Link DWR G403,Routeur_Modem,D Link DWR G403,10 500 DA,routeur modem,1
51c3b694,D Tech Tablette D Tech 10,Tablette,Tablette D Tech 10,18 100 DA,d tech,0
87f8f1c1,D Link BOX Home M915V,Routeur_Modem,BOX Home M915V,9 100 DA,metal,0
87f8f1c1,D Link BOX Home M915V,Routeur_Modem,BOX Home M915V,9 100 DA,hoco x885,0
c8256303,ZTE BLADE A35,Smartphone,ZTE BLADE A35,17 900 DA,smartphone,0
35491815,HOCO Écouteurs M1 Max IP,Accessoire_Audio,Écouteurs M1 Max IP,2 200 DA,accessoire charge,0
2db25980,EL DJAZIRA FCLD012 MICRO USB,Accessoire_Charge,FCLD012 MICRO USB,1 850 DA,home,0
e73471e1,D Link DWR M920 B1,Routeur_Modem,D Link DWR M920 B1,8 900 DA,accessoire general,0
df7a5817,D Link DWR G403,Routeur_Modem,D Link DWR G403,10 500 DA,dwr,1
9cb292bd,D Tech Tablette D Tech 7,Tablette,Tablette D Tech 7,13 200 DA,el djazira chargeur,0
e73471e1,D Link DWR M920 B1,Routeur_Modem,D Link DWR M920 B1,8 900 DA,hooco es61,0
cdc65717,ZTE BLADE A75,Smartphone,ZTE BLADE A75,31 900 DA,revaleo,0
5b33db8f,TCL HH40L1,Routeur_Modem,TCL HH40L1,8 690 DA,el djazira,0
aedf3d03,D Link DWR M961,Routeur_Modem,D Link DWR M961,9 900 DA,micro,0
e73471e1,D Link DWR M920 B1,Routeur_Modem,D Link DWR M920 B1,8 900 DA,revaleo rct,0
5b33db8f,TCL HH40L1,Routeur_Modem,TCL HH40L1,8 690 DA,tcl tl,1
5b33db8f,TCL HH40L1,Routeur_Modem,TCL HH40L1,8 690 DA,x82,0
054fcc38,Revaleo RCB 005 TYPE C,Accessoire_General,RCB 005 TYPE C,500 DA,tk,0
15f29a3c,Revaleo RCC 004 TYPE C,Accessoire_General,RCC 004 TYPE C,900 DA,revaleo rcc,1
9cb292bd,D Tech Tablette D Tech 7,Tablette,Tablette D Tech 7,13 200 DA,atb,1
f5350ba5,D Link Clé 4G DWR 910M Wifi,Routeur_Modem,Clé 4G DWR 910M Wifi,4 500 DA,dwr,1
844c2ce6,D Tech Tablette D Tech 8,Tablette,Tablette D Tech 8,15 500 DA,d tech tabletet,1
e73471e1,D Link DWR M920 B1,Routeur_Modem,D Link DWR M920 B1,8 900 DA,005,0
5b33db8f,TCL HH40L1,Routeur_Modem,TCL HH40L1,8 690 DA,4g,1
9cb292bd,D Tech Tablette D Tech 7,Tablette,Tablette D Tech 7,13 200 DA,fcld004,0
df7a5817,D Link DWR G403,Routeur_Modem,D Link DWR G403,10 500 DA,accessoire general,0
2157f1b5,Revaleo TK80 QC3 TYPE C,Accessoire_General,TK80 QC3 TYPE C,800 DA,accesosire general,0
e73471e1,D Link DWR M920 B1,Routeur_Modem,D Link DWR M920 B1,8 900 DA,routeur modem,1
0ae3b7d8,ZTE BLADE V60 DESIGN,Smartphone,ZTE BLADE V60 DESIGN,32 900 DA,smaartphone,1
c7197023,HOCO CAR HOLDER CA82,Accessoire_Audio,CAR HOLDER CA82,2 500 DA,hocco,1
87f8f1c1,D Link BOX Home M915V,Routeur_Modem,BOX Home M915V,9 100 DA,el djazira,0
f207d538,ZTE Blade A55,Smartphone,Blade A55,20 900 DA,blade,1
9cb292bd,D Tech Tablette D Tech 7,Tablette,Tablette D Tech 7,13 200 DA,martphone,0
aedf3d03,D Link DWR M961,Routeur_Modem,D Link DWR M961,9 900 DA,07,0
df7a5817,D Link DWR G403,Routeur_Modem,D Link DWR G403,10 500 DA,wifii,1
737d1d6b,ZTE NUBIA Neo2 5G,Smartphone,ZTE NUBIA Neo2 5G,49 900 DA,revale orcc,0
e73471e1,D Link DWR M920 B1,Routeur_Modem,D Link DWR M920 B1,8 900 DA,hoco,0
51c3b694,D Tech Tablette D Tech 10,Tablette,Tablette D Tech 10,18 100 DA,accessoire auudio,0
e73471e1,D Link DWR M920 B1,Routeur_Modem,D Link DWR M920 B1,8 900 DA,hoco sttereo,0
9cb292bd,D Tech Tablette D Tech 7,Tablette,Tablette D Tech 7,13 200 DA,tab,1
844c2ce6,D Tech Tablette D Tech 8,Tablette,Tablette D Tech 8,15 500 DA,d tech tablette,1
df7a5817,D Link DWR G403,Routeur_Modem,D Link DWR G403,10 500 DA,4g,0
344c9a11,EL DJAZIRA FCLD012 TYPE C,Accessoire_General,FCLD012 TYPE C,1 900 DA,el djazira ccld009,0
51ebb54c,HOCO Cable Silicone 3A X82IP,Accessoire_Audio,Cable Silicone 3A X82IP,1 500 DA,tk,0
aedf3d03,D Link DWR M961,Routeur_Modem,D Link DWR M961,9 900 DA,link,1
87f8f1c1,D Link BOX Home M915V,Routeur_Modem,BOX Home M915V,9 100 DA,4g,1
aedf3d03,D Link DWR M961,Routeur_Modem,D Link DWR M961,9 900 DA,4g,1
f207d538,ZTE Blade A55,Smartphone,Blade A55,20 900 DA,ohco,0
9cb292bd,D Tech Tablette D Tech 7,Tablette,Tablette D Tech 7,13 200 DA,revaleo,0
9cb292bd,D Tech Tablette D Tech 7,Tablette,Tablette D Tech 7,13 200 DA,el djazria,0
51c3b694,D Tech Tablette D Tech 10,Tablette,Tablette D Tech 10,18 100 DA,d tec htablette,1
aedf3d03,D Link DWR M961,Routeur_Modem,D Link DWR M961,9 900 DA,revaleo aux,0
f5350ba5,D Link Clé 4G DWR 910M Wifi,Routeur_Modem,Clé 4G DWR 910M Wifi,4 500 DA,4g,1
844c2ce6,D Tech Tablette D Tech 8,Tablette,Tablette D Tech 8,15 500 DA,tab,1
51c3b694,D Tech Tablette D Tech 10,Tablette,Tablette D Tech 10,18 100 DA,tpe,0
e73471e1,D Link DWR M920 B1,Routeur_Modem,D Link DWR M920 B1,8 900 DA,link,1
e73471e1,D Link DWR M920 B1,Routeur_Modem,D Link DWR M920 B1,8 900 DA,el djazira culd012,0
5b33db8f,TCL HH40L1,Routeur_Modem,TCL HH40L1,8 690 DA,routeur modem,0
87f8f1c1,D Link BOX Home M915V,Routeur_Modem,BOX Home M915V,9 100 DA,drw,0
9cb292bd,D Tech Tablette D Tech 7,Tablette,Tablette D Tech 7,13 200 DA,revaloe rtc,0
df7a5817,D Link DWR G403,Routeur_Modem,D Link DWR G403,10 500 DA, dlink d,1
f5350ba5,D Link Clé 4G DWR 910M Wifi,Routeur_Modem,Clé 4G DWR 910M Wifi,4 500 DA,wifi,1
ebaf792c,EL DJAZIRA CULD 014 S MICRO USB,Accessoire_Charge,CULD 014 S MICRO USB,450 DA,in,0
9461652e,HOCO ECOUTEUR EQ4,Accessoire_Audio,ECOUTEUR EQ4,4 800 DA,eq44,1
e73471e1,D Link DWR M920 B1,Routeur_Modem,D Link DWR M920 B1,8 900 DA,wwifi,1
5b33db8f,TCL HH40L1,Routeur_Modem,TCL HH40L1,8 690 DA,3uusb,0
c8256303,ZTE BLADE A35,Smartphone,ZTE BLADE A35,17 900 DA,accessoire audio,0
f5350ba5,D Link Clé 4G DWR 910M Wifi,Routeur_Modem,Clé 4G DWR 910M Wifi,4 500 DA,910m,1
e73471e1,D Link DWR M920 B1,Routeur_Modem,D Link DWR M920 B1,8 900 DA,accessoire aaudio,0
737d1d6b,ZTE NUBIA Neo2 5G,Smartphone,ZTE NUBIA Neo2 5G,49 900 DA,zzte,1
aedf3d03,D Link DWR M961,Routeur_Modem,D Link DWR M961,9 900 DA,dpc65,0
e0afe04d,EL DJAZIRA CCLD 001C MICRO USB,Accessoire_Charge,CCLD 001C MICRO USB,1 300 DA,04,0
e73471e1,D Link DWR M920 B1,Routeur_Modem,D Link DWR M920 B1,8 900 DA,4g,1
2dda0e31,Revaleo RCB 005 MICRO USB,Accessoire_Charge,RCB 005 MICRO USB,400 DA,accessoire audio,0
0ae3b7d8,ZTE BLADE V60 DESIGN,Smartphone,ZTE BLADE V60 DESIGN,32 900 DA,deisgn,1
844c2ce6,D Tech Tablette D Tech 8,Tablette,Tablette D Tech 8,15 500 DA,d tech,1
33312035,Revaleo LCH 082 TYPE C,Accessoire_General,LCH 082 TYPE C,1 300 DA,revlaeo lch,1
5b33db8f,TCL HH40L1,Routeur_Modem,TCL HH40L1,8 690 DA,hocos tereo,0
b489ceb2,HOCO ECOUTEUR EW39,Accessoire_Audio,ECOUTEUR EW39,5 500 DA,tue,0
e73471e1,D Link DWR M920 B1,Routeur_Modem,D Link DWR M920 B1,8 900 DA,type,0
87f8f1c1,D Link BOX Home M915V,Routeur_Modem,BOX Home M915V,9 100 DA,tyep,0
5b33db8f,TCL HH40L1,Routeur_Modem,TCL HH40L1,8 690 DA,hoco qc3,0
87f8f1c1,D Link BOX Home M915V,Routeur_Modem,BOX Home M915V,9 100 DA,revaleo  rtc,0
51c3b694,D Tech Tablette D Tech 10,Tablette,Tablette D Tech 10,18 100 DA,tech,1
51c3b694,D Tech Tablette D Tech 10,Tablette,Tablette D Tech 10,18 100 DA,caable,0
aedf3d03,D Link DWR M961,Routeur_Modem,D Link DWR M961,9 900 DA,typpe,0
e0afe04d,EL DJAZIRA CCLD 001C MICRO USB,Accessoire_Charge,CCLD 001C MICRO USB,1 300 DA,usb,1
9cb292bd,D Tech Tablette D Tech 7,Tablette,Tablette D Tech 7,13 200 DA,car,0
5b33db8f,TCL HH40L1,Routeur_Modem,TCL HH40L1,8 690 DA,cl tcl,1
c8256303,ZTE BLADE A35,Smartphone,ZTE BLADE A35,17 900 DA,uld,0
e73471e1,D Link DWR M920 B1,Routeur_Modem,D Link DWR M920 B1,8 900 DA,b1,1
5b33db8f,TCL HH40L1,Routeur_Modem,TCL HH40L1,8 690 DA,rvaleo lch,0
844c2ce6,D Tech Tablette D Tech 8,Tablette,Tablette D Tech 8,15 500 DA,el djazira,0
51ebb54c,HOCO Cable Silicone 3A X82IP,Accessoire_Audio,Cable Silicone 3A X82IP,1 500 DA,el dajzira,0
88e90c36,TECNO POVA 6,Smartphone,POVA 6,43 300 DA,smartphnoe,1
831b7a24,HOCO C80A PLUS TYPE C TO IP,Accessoire_Audio,C80A PLUS TYPE C TO IP,2 100 DA,accessoire audio,0
f5350ba5,D Link Clé 4G DWR 910M Wifi,Routeur_Modem,Clé 4G DWR 910M Wifi,4 500 DA,accessorie audio,0
9129a21d,TECNO SPARK Go 1,Smartphone,SPARK Go 1,18 000 DA,smartphone,0
df7a5817,D Link DWR G403,Routeur_Modem,D Link DWR G403,10 500 DA,wifi,1
a4701ff6,HOCO CABLE 3A X86 TYPE C,Accessoire_Audio,CABLE 3A X86 TYPE C,1 200 DA,chargger,0
9cb292bd,D Tech Tablette D Tech 7,Tablette,Tablette D Tech 7,13 200 DA,el djazira ccld003,0
5b33db8f,TCL HH40L1,Routeur_Modem,TCL HH40L1,8 690 DA,rrtc,0
5b33db8f,TCL HH40L1,Routeur_Modem,TCL HH40L1,8 690 DA,usb,0
f5350ba5,D Link Clé 4G DWR 910M Wifi,Routeur_Modem,Clé 4G DWR 910M Wifi,4 500 DA,d linkk,1
844c2ce6,D Tech Tablette D Tech 8,Tablette,Tablette D Tech 8,15 500 DA,tecch,1
87f8f1c1,D Link BOX Home M915V,Routeur_Modem,BOX Home M915V,9 100 DA,accessoire chargee,0
d69c72b8,Revaleo RTC 004 MICRO USB,Accessoire_Charge,RTC 004 MICRO USB,800 DA,hcc13,0
9cb292bd,D Tech Tablette D Tech 7,Tablette,Tablette D Tech 7,13 200 DA,tab,1
c1f271a1,HOCO TRUE  SPEAKER HC4,Accessoire_Audio,TRUE  SPEAKER HC4,4 500 DA,3a,0
f8cf95c6,Revaleo CABLE TK 77 IOS,Accessoire_Charge,CABLE TK 77 IOS,600 DA,77,1
aedf3d03,D Link DWR M961,Routeur_Modem,D Link DWR M961,9 900 DA,m961,1
844c2ce6,D Tech Tablette D Tech 8,Tablette,Tablette D Tech 8,15 500 DA,tehc,1
87f8f1c1,D Link BOX Home M915V,Routeur_Modem,BOX Home M915V,9 100 DA,m915v,1
139d2fb5,EL DJAZIRA CULD012 MICRO USB,Accessoire_Charge,CULD012 MICRO USB,500 DA,mico,0
51c3b694,D Tech Tablette D Tech 10,Tablette,Tablette D Tech 10,18 100 DA,tech,1
87f8f1c1,D Link BOX Home M915V,Routeur_Modem,BOX Home M915V,9 100 DA,holedr,0
df7a5817,D Link DWR G403,Routeur_Modem,D Link DWR G403,10 500 DA,g40,1
df7a5817,D Link DWR G403,Routeur_Modem,D Link DWR G403,10 500 DA,zte,0
87f8f1c1,D Link BOX Home M915V,Routeur_Modem,BOX Home M915V,9 100 DA,hoe,1
df7a5817,D Link DWR G403,Routeur_Modem,D Link DWR G403,10 500 DA,4g,1
41e04e2e,D Tech Power Bank DP15,Accessoire_General,Power Bank DP15,4 590 DA,d tech power,1
e73471e1,D Link DWR M920 B1,Routeur_Modem,D Link DWR M920 B1,8 900 DA,b1,1
737d1d6b,ZTE NUBIA Neo2 5G,Smartphone,ZTE NUBIA Neo2 5G,49 900 DA,eno2,1
82197887,ZTE NUBIA MUSIC POP ART,Smartphone,NUBIA MUSIC POP ART,25 500 DA,smartphone,1
5b33db8f,TCL HH40L1,Routeur_Modem,TCL HH40L1,8 690 DA,sub,0
0d43a74c,EL DJAZIRA MOUNTCHLD002,Accessoire_General,MOUNTCHLD002,950 DA,mountchl002,1
f5350ba5,D Link Clé 4G DWR 910M Wifi,Routeur_Modem,Clé 4G DWR 910M Wifi,4 500 DA,el djazia,0
87f8f1c1,D Link BOX Home M915V,Routeur_Modem,BOX Home M915V,9 100 DA,hoco x88,0
51c3b694,D Tech Tablette D Tech 10,Tablette,Tablette D Tech 10,18 100 DA,10,1
5b33db8f,TCL HH40L1,Routeur_Modem,TCL HH40L1,8 690 DA,cable,0
9cb292bd,D Tech Tablette D Tech 7,Tablette,Tablette D Tech 7,13 200 DA,75,0
844c2ce6,D Tech Tablette D Tech 8,Tablette,Tablette D Tech 8,15 500 DA,lin,0
51c3b694,D Tech Tablette D Tech 10,Tablette,Tablette D Tech 10,18 100 DA,d tech,1
88e90c36,TECNO POVA 6,Smartphone,POVA 6,43 300 DA,tecno povva,1
9cb292bd,D Tech Tablette D Tech 7,Tablette,Tablette D Tech 7,13 200 DA,hooc true,0
06dc318d,HOCO IN CAR HOLDER CA76,Accessoire_Audio,IN CAR HOLDER CA76,1 600 DA,revale rcb,0
df7a5817,D Link DWR G403,Routeur_Modem,D Link DWR G403,10 500 DA,tru,0
e73471e1,D Link DWR M920 B1,Routeur_Modem,D Link DWR M920 B1,8 900 DA,revaleo,0
4dd7aa74,HOCO IN CAR FM E62,Accessoire_Audio,IN CAR FM E62,4 900 DA,hcoo écouteur,0
aedf3d03,D Link DWR M961,Routeur_Modem,D Link DWR M961,9 900 DA,smartphoe,0
aedf3d03,D Link DWR M961,Routeur_Modem,D Link DWR M961,9 900 DA,el djazir,0
9cb292bd,D Tech Tablette D Tech 7,Tablette,Tablette D Tech 7,13 200 DA,tab,1
f5350ba5,D Link Clé 4G DWR 910M Wifi,Routeur_Modem,Clé 4G DWR 910M Wifi,4 500 DA,cculd009,0
82197887,ZTE NUBIA MUSIC POP ART,Smartphone,NUBIA MUSIC POP ART,25 500 DA,smartphone,1
87f8f1c1,D Link BOX Home M915V,Routeur_Modem,BOX Home M915V,9 100 DA,vooc,0
18b67eb7,EL DJAZIRA CABLE 3IN1 CULD015,Accessoire_Charge,CABLE 3IN1 CULD015,950 DA,bank,0
c18021dc,HOCO Charger QC3 0 C72Q,Accessoire_Audio,Charger QC3 0 C72Q,1 100 DA,to,0
82197887,ZTE NUBIA MUSIC POP ART,Smartphone,NUBIA MUSIC POP ART,25 500 DA,qc3,0
f5350ba5,D Link Clé 4G DWR 910M Wifi,Routeur_Modem,Clé 4G DWR 910M Wifi,4 500 DA,routeur mdoem,1
9cb292bd,D Tech Tablette D Tech 7,Tablette,Tablette D Tech 7,13 200 DA,d tech tablette,1
87f8f1c1,D Link BOX Home M915V,Routeur_Modem,BOX Home M915V,9 100 DA,bldae,0
df7a5817,D Link DWR G403,Routeur_Modem,D Link DWR G403,10 500 DA,drw,1
f5350ba5,D Link Clé 4G DWR 910M Wifi,Routeur_Modem,Clé 4G DWR 910M Wifi,4 500 DA,oco,0
aedf3d03,D Link DWR M961,Routeur_Modem,D Link DWR M961,9 900 DA,dr,1
e73471e1,D Link DWR M920 B1,Routeur_Modem,D Link DWR M920 B1,8 900 DA,hhoco,0
cdc65717,ZTE BLADE A75,Smartphone,ZTE BLADE A75,31 900 DA,blade,1
9cb292bd,D Tech Tablette D Tech 7,Tablette,Tablette D Tech 7,13 200 DA,hocosilicone,0
51c3b694,D Tech Tablette D Tech 10,Tablette,Tablette D Tech 10,18 100 DA,tablette,1
88e90c36,TECNO POVA 6,Smartphone,POVA 6,43 300 DA,pova,1
df7a5817,D Link DWR G403,Routeur_Modem,D Link DWR G403,10 500 DA,us,0
a4701ff6,HOCO CABLE 3A X86 TYPE C,Accessoire_Audio,CABLE 3A X86 TYPE C,1 200 DA,hoco cable,1
df7a5817,D Link DWR G403,Routeur_Modem,D Link DWR G403,10 500 DA,iso,0
cdc65717,ZTE BLADE A75,Smartphone,ZTE BLADE A75,31 900 DA,revaloe,0
51c3b694,D Tech Tablette D Tech 10,Tablette,Tablette D Tech 10,18 100 DA,d tceh,1
348d2281,HOCO ES51 Era sport earphone,Accessoire_Audio,ES51 Era sport earphone,3 500 DA,mic,0
844c2ce6,D Tech Tablette D Tech 8,Tablette,Tablette D Tech 8,15 500 DA,teech,1
51c3b694,D Tech Tablette D Tech 10,Tablette,Tablette D Tech 10,18 100 DA,mcro,0
318ee4df,Revaleo AUX TK 79,Accessoire_General,AUX TK 79,400 DA,aux,1
9cb292bd,D Tech Tablette D Tech 7,Tablette,Tablette D Tech 7,13 200 DA,ta,1
5b33db8f,TCL HH40L1,Routeur_Modem,TCL HH40L1,8 690 DA,wifi,1
964f844a,D Tech Power Bank DPC65,Accessoire_General,Power Bank DPC65,7 990 DA,tk80,0
9129a21d,TECNO SPARK Go 1,Smartphone,SPARK Go 1,18 000 DA,62,0
9cb292bd,D Tech Tablette D Tech 7,Tablette,Tablette D Tech 7,13 200 DA,éécouteurs,0
9cb292bd,D Tech Tablette D Tech 7,Tablette,Tablette D Tech 7,13 200 DA,taablette,1
82197887,ZTE NUBIA MUSIC POP ART,Smartphone,NUBIA MUSIC POP ART,25 500 DA,zte nubi,1
844c2ce6,D Tech Tablette D Tech 8,Tablette,Tablette D Tech 8,15 500 DA,blade,0
aedf3d03,D Link DWR M961,Routeur_Modem,D Link DWR M961,9 900 DA,m961,1
844c2ce6,D Tech Tablette D Tech 8,Tablette,Tablette D Tech 8,15 500 DA,tab,1
87f8f1c1,D Link BOX Home M915V,Routeur_Modem,BOX Home M915V,9 100 DA,4g,1
d6acdc94,EL DJAZIRA FCLD010 TYPE C,Accessoire_General,FCLD010 TYPE C,1 350 DA,el djazira,1
844c2ce6,D Tech Tablette D Tech 8,Tablette,Tablette D Tech 8,15 500 DA,d tech,1
df7a5817,D Link DWR G403,Routeur_Modem,D Link DWR G403,10 500 DA,dwr,1
0e65439e,HOCO ES61 Mannersport,Accessoire_Audio,ES61 Mannersport,4 900 DA,revaaleo,0
87f8f1c1,D Link BOX Home M915V,Routeur_Modem,BOX Home M915V,9 100 DA,1c01a,0
844c2ce6,D Tech Tablette D Tech 8,Tablette,Tablette D Tech 8,15 500 DA,cabe,0
e73471e1,D Link DWR M920 B1,Routeur_Modem,D Link DWR M920 B1,8 900 DA,lin,1
844c2ce6,D Tech Tablette D Tech 8,Tablette,Tablette D Tech 8,15 500 DA,tech,1
82197887,ZTE NUBIA MUSIC POP ART,Smartphone,NUBIA MUSIC POP ART,25 500 DA,revaleo rtc,0
542f6246,Revaleo RCC 004 MICRO USB,Accessoire_Charge,RCC 004 MICRO USB,800 DA,tceh,0
df7a5817,D Link DWR G403,Routeur_Modem,D Link DWR G403,10 500 DA,spakr,0
87f8f1c1,D Link BOX Home M915V,Routeur_Modem,BOX Home M915V,9 100 DA,box,1
51c3b694,D Tech Tablette D Tech 10,Tablette,Tablette D Tech 10,18 100 DA,taab,1
083bce55,HOCO Z40 Dual Port Car Charge,Accessoire_Audio,Z40 Dual Port Car Charge,1 200 DA,acble,0
4dd7aa74,HOCO IN CAR FM E62,Accessoire_Audio,IN CAR FM E62,4 900 DA,hoco,0
aedf3d03,D Link DWR M961,Routeur_Modem,D Link DWR M961,9 900 DA,ttype,0
51c3b694,D Tech Tablette D Tech 10,Tablette,Tablette D Tech 10,18 100 DA,teh,1
51c3b694,D Tech Tablette D Tech 10,Tablette,Tablette D Tech 10,18 100 DA,tab,1
844c2ce6,D Tech Tablette D Tech 8,Tablette,Tablette D Tech 8,15 500 DA,tc,0
5b33db8f,TCL HH40L1,Routeur_Modem,TCL HH40L1,8 690 DA,tcl,1
82197887,ZTE NUBIA MUSIC POP ART,Smartphone,NUBIA MUSIC POP ART,25 500 DA,tue,0
0ae3b7d8,ZTE BLADE V60 DESIGN,Smartphone,ZTE BLADE V60 DESIGN,32 900 DA,tze,1
0ace84cd,Revaleo TK 75,Accessoire_General,TK 75,700 DA,accessoire general,1
737d1d6b,ZTE NUBIA Neo2 5G,Smartphone,ZTE NUBIA Neo2 5G,49 900 DA,nuia,1
9cb292bd,D Tech Tablette D Tech 7,Tablette,Tablette D Tech 7,13 200 DA,hoco charger,0
df7a5817,D Link DWR G403,Routeur_Modem,D Link DWR G403,10 500 DA,g403,1
87f8f1c1,D Link BOX Home M915V,Routeur_Modem,BOX Home M915V,9 100 DA,el djazira fcld012,0
93d7e15d,Revaleo RCB 86 TYPE C,Accessoire_General,RCB 86 TYPE C,350 DA,d tech opwer,0
82197887,ZTE NUBIA MUSIC POP ART,Smartphone,NUBIA MUSIC POP ART,25 500 DA,n13,0
e73471e1,D Link DWR M920 B1,Routeur_Modem,D Link DWR M920 B1,8 900 DA,accssoire charge,0
139d2fb5,EL DJAZIRA CULD012 MICRO USB,Accessoire_Charge,CULD012 MICRO USB,500 DA,el djazira fcld,0
18b67eb7,EL DJAZIRA CABLE 3IN1 CULD015,Accessoire_Charge,CABLE 3IN1 CULD015,950 DA,accessoire chareg,1
9cb292bd,D Tech Tablette D Tech 7,Tablette,Tablette D Tech 7,13 200 DA,d teh,1
51c3b694,D Tech Tablette D Tech 10,Tablette,Tablette D Tech 10,18 100 DA,74,0
aedf3d03,D Link DWR M961,Routeur_Modem,D Link DWR M961,9 900 DA,wifi,1
0ae3b7d8,ZTE BLADE V60 DESIGN,Smartphone,ZTE BLADE V60 DESIGN,32 900 DA,tba,0
5b33db8f,TCL HH40L1,Routeur_Modem,TCL HH40L1,8 690 DA,accessoirea udio,0
f9d627ef,HOCO METAL HOLDER CA56,Accessoire_Audio,METAL HOLDER CA56,1 400 DA,hoco metal,1
f5350ba5,D Link Clé 4G DWR 910M Wifi,Routeur_Modem,Clé 4G DWR 910M Wifi,4 500 DA,accessoire general,0
b954095b,HOCO ECOUTEUR EQ2,Accessoire_Audio,ECOUTEUR EQ2,2 800 DA,accessoire general,0
9c45ae8d,HOCO Écouteur  EW26,Accessoire_Audio,Écouteur  EW26,2 900 DA,hoo,1
9cb292bd,D Tech Tablette D Tech 7,Tablette,Tablette D Tech 7,13 200 DA,d tch,1
0ae3b7d8,ZTE BLADE V60 DESIGN,Smartphone,ZTE BLADE V60 DESIGN,32 900 DA,fcld008,0
844c2ce6,D Tech Tablette D Tech 8,Tablette,Tablette D Tech 8,15 500 DA,slicone,0
aedf3d03,D Link DWR M961,Routeur_Modem,D Link DWR M961,9 900 DA,hoco,0
844c2ce6,D Tech Tablette D Tech 8,Tablette,Tablette D Tech 8,15 500 DA,d tec htablette,1
737d1d6b,ZTE NUBIA Neo2 5G,Smartphone,ZTE NUBIA Neo2 5G,49 900 DA,typ,0
e73471e1,D Link DWR M920 B1,Routeur_Modem,D Link DWR M920 B1,8 900 DA,b1,1
9cb292bd,D Tech Tablette D Tech 7,Tablette,Tablette D Tech 7,13 200 DA,tab,1
4dc74c0b,HOCO CUP CAR HOLDER CA95,Accessoire_Audio,CUP CAR HOLDER CA95,1 800 DA,revaleo rcb,0
f5350ba5,D Link Clé 4G DWR 910M Wifi,Routeur_Modem,Clé 4G DWR 910M Wifi,4 500 DA,4g,1
82197887,ZTE NUBIA MUSIC POP ART,Smartphone,NUBIA MUSIC POP ART,25 500 DA,el djaizra,0
844c2ce6,D Tech Tablette D Tech 8,Tablette,Tablette D Tech 8,15 500 DA,d ech,1
aedf3d03,D Link DWR M961,Routeur_Modem,D Link DWR M961,9 900 DA,4g,1
51c3b694,D Tech Tablette D Tech 10,Tablette,Tablette D Tech 10,18 100 DA,accessoire general,0
844c2ce6,D Tech Tablette D Tech 8,Tablette,Tablette D Tech 8,15 500 DA,tecch,1
e73471e1,D Link DWR M920 B1,Routeur_Modem,D Link DWR M920 B1,8 900 DA,hoc oqc3,0
c8256303,ZTE BLADE A35,Smartphone,ZTE BLADE A35,17 900 DA,zet,1
f5350ba5,D Link Clé 4G DWR 910M Wifi,Routeur_Modem,Clé 4G DWR 910M Wifi,4 500 DA,revaleo,0
87f8f1c1,D Link BOX Home M915V,Routeur_Modem,BOX Home M915V,9 100 DA,box,1
82197887,ZTE NUBIA MUSIC POP ART,Smartphone,NUBIA MUSIC POP ART,25 500 DA,nubai,1
df7a5817,D Link DWR G403,Routeur_Modem,D Link DWR G403,10 500 DA,revaleo,0
aedf3d03,D Link DWR M961,Routeur_Modem,D Link DWR M961,9 900 DA,d link d,1
df7a5817,D Link DWR G403,Routeur_Modem,D Link DWR G403,10 500 DA,accessoire charg,0
5b33db8f,TCL HH40L1,Routeur_Modem,TCL HH40L1,8 690 DA,tcl,1
51c3b694,D Tech Tablette D Tech 10,Tablette,Tablette D Tech 10,18 100 DA,10,1
a4465134,Revaleo LCH 086 MICRO USB,Accessoire_Charge,LCH 086 MICRO USB,1 200 DA,hco car,0
5b33db8f,TCL HH40L1,Routeur_Modem,TCL HH40L1,8 690 DA,micro,0
87f8f1c1,D Link BOX Home M915V,Routeur_Modem,BOX Home M915V,9 100 DA,86,0
9cb292bd,D Tech Tablette D Tech 7,Tablette,Tablette D Tech 7,13 200 DA,talette,1
df7a5817,D Link DWR G403,Routeur_Modem,D Link DWR G403,10 500 DA,ca76,0
9cb292bd,D Tech Tablette D Tech 7,Tablette,Tablette D Tech 7,13 200 DA,d tech tablette,1
f0a4b0b1,EL DJAZIRA CULD010 MICRO USB,Accessoire_Charge,CULD010 MICRO USB,500 DA,accessoire charge,1
5b33db8f,TCL HH40L1,Routeur_Modem,TCL HH40L1,8 690 DA,20,0
b5d43017,EL DJAZIRA FCLD 002 S MICRO USB,Accessoire_Charge,FCLD 002 S MICRO USB,1 800 DA,s61,0
9129a21d,TECNO SPARK Go 1,Smartphone,SPARK Go 1,18 000 DA,el djazira mountchld002,0
e73471e1,D Link DWR M920 B1,Routeur_Modem,D Link DWR M920 B1,8 900 DA,accessoire charge,0
844c2ce6,D Tech Tablette D Tech 8,Tablette,Tablette D Tech 8,15 500 DA,hoco,0
df7a5817,D Link DWR G403,Routeur_Modem,D Link DWR G403,10 500 DA,routeur modem,1
51c3b694,D Tech Tablette D Tech 10,Tablette,Tablette D Tech 10,18 100 DA,10,1
df7a5817,D Link DWR G403,Routeur_Modem,D Link DWR G403,10 500 DA,3usb,0
054fcc38,Revaleo RCB 005 TYPE C,Accessoire_General,RCB 005 TYPE C,500 DA,el djazira mountchld002,0
f5350ba5,D Link Clé 4G DWR 910M Wifi,Routeur_Modem,Clé 4G DWR 910M Wifi,4 500 DA,d link clé,1
e0a8bc66,EL DJAZIRA CCULD009 MICRO USB,Accessoire_Charge,CCULD009 MICRO USB,500 DA,eq4,0
df7a5817,D Link DWR G403,Routeur_Modem,D Link DWR G403,10 500 DA,wifi,1
f5350ba5,D Link Clé 4G DWR 910M Wifi,Routeur_Modem,Clé 4G DWR 910M Wifi,4 500 DA,usb,0
844c2ce6,D Tech Tablette D Tech 8,Tablette,Tablette D Tech 8,15 500 DA,type,0
f5350ba5,D Link Clé 4G DWR 910M Wifi,Routeur_Modem,Clé 4G DWR 910M Wifi,4 500 DA,tech,0
5b33db8f,TCL HH40L1,Routeur_Modem,TCL HH40L1,8 690 DA,revaaleo rcb,0
5b33db8f,TCL HH40L1,Routeur_Modem,TCL HH40L1,8 690 DA,4g,1
87f8f1c1,D Link BOX Home M915V,Routeur_Modem,BOX Home M915V,9 100 DA,86,0
a19db3e8,HOCO Data cable BX54 TYPE C,Accessoire_Audio,Data cable BX54 TYPE C,400 DA,accsesoire general,0
33312035,Revaleo LCH 082 TYPE C,Accessoire_General,LCH 082 TYPE C,1 300 DA,micro,0
87f8f1c1,D Link BOX Home M915V,Routeur_Modem,BOX Home M915V,9 100 DA,4g,1
844c2ce6,D Tech Tablette D Tech 8,Tablette,Tablette D Tech 8,15 500 DA,219,0
87f8f1c1,D Link BOX Home M915V,Routeur_Modem,BOX Home M915V,9 100 DA,wii,1
b0ff9432,EL DJAZIRA FCLD 009 C TYPE C,Accessoire_General,FCLD 009 C TYPE C,1 800 DA,tpye,1
9cb292bd,D Tech Tablette D Tech 7,Tablette,Tablette D Tech 7,13 200 DA,tech,1
f5350ba5,D Link Clé 4G DWR 910M Wifi,Routeur_Modem,Clé 4G DWR 910M Wifi,4 500 DA,910,1
844c2ce6,D Tech Tablette D Tech 8,Tablette,Tablette D Tech 8,15 500 DA,tablete,1
aedf3d03,D Link DWR M961,Routeur_Modem,D Link DWR M961,9 900 DA,oruteur modem,1
737d1d6b,ZTE NUBIA Neo2 5G,Smartphone,ZTE NUBIA Neo2 5G,49 900 DA,el djazira,0
aedf3d03,D Link DWR M961,Routeur_Modem,D Link DWR M961,9 900 DA,d lin,1
844c2ce6,D Tech Tablette D Tech 8,Tablette,Tablette D Tech 8,15 500 DA,d tech,0
e73471e1,D Link DWR M920 B1,Routeur_Modem,D Link DWR M920 B1,8 900 DA,el djazira culd,0
9cb292bd,D Tech Tablette D Tech 7,Tablette,Tablette D Tech 7,13 200 DA,d tech tablette,1
d944ef59,Revaleo LCH 082 MICRO USB,Accessoire_Charge,LCH 082 MICRO USB,1 250 DA,accessire charge,1
e6c50ee8,HOCO QC3 0 C72Q MICRO,Accessoire_Audio,QC3 0 C72Q MICRO,1 100 DA,accessoire audio,0
51c3b694,D Tech Tablette D Tech 10,Tablette,Tablette D Tech 10,18 100 DA,accessoire charge,0
5b33db8f,TCL HH40L1,Routeur_Modem,TCL HH40L1,8 690 DA,rrevaleo lc,0
ecf6f099,HOCO ECOUTEUR EQ3,Accessoire_Audio,ECOUTEUR EQ3,3 500 DA,hoco ecouteur,1
737d1d6b,ZTE NUBIA Neo2 5G,Smartphone,ZTE NUBIA Neo2 5G,49 900 DA,zte zte,0
e73471e1,D Link DWR M920 B1,Routeur_Modem,D Link DWR M920 B1,8 900 DA,el djazira,0
e73471e1,D Link DWR M920 B1,Routeur_Modem,D Link DWR M920 B1,8 900 DA,s51,0
9cb292bd,D Tech Tablette D Tech 7,Tablette,Tablette D Tech 7,13 200 DA,atb,1
9cb292bd,D Tech Tablette D Tech 7,Tablette,Tablette D Tech 7,13 200 DA,tech,1
e73471e1,D Link DWR M920 B1,Routeur_Modem,D Link DWR M920 B1,8 900 DA,m92,1
51ebb54c,HOCO Cable Silicone 3A X82IP,Accessoire_Audio,Cable Silicone 3A X82IP,1 500 DA,dwr,0
51c3b694,D Tech Tablette D Tech 10,Tablette,Tablette D Tech 10,18 100 DA,singlee,0
844c2ce6,D Tech Tablette D Tech 8,Tablette,Tablette D Tech 8,15 500 DA,86,0
fb9408a7,EL DJAZIRA CULD 014 C TYPE C,Accessoire_General,CULD 014 C TYPE C,500 DA,3a,0
51c3b694,D Tech Tablette D Tech 10,Tablette,Tablette D Tech 10,18 100 DA,el djazira,0
f5350ba5,D Link Clé 4G DWR 910M Wifi,Routeur_Modem,Clé 4G DWR 910M Wifi,4 500 DA,routeur modem,1
5b33db8f,TCL HH40L1,Routeur_Modem,TCL HH40L1,8 690 DA,d link box,0
542f6246,Revaleo RCC 004 MICRO USB,Accessoire_Charge,RCC 004 MICRO USB,800 DA,dpc65,0
c8256303,ZTE BLADE A35,Smartphone,ZTE BLADE A35,17 900 DA,smratphone,1
9cb292bd,D Tech Tablette D Tech 7,Tablette,Tablette D Tech 7,13 200 DA, dtech tablette,1
9cb292bd,D Tech Tablette D Tech 7,Tablette,Tablette D Tech 7,13 200 DA,tech,1
aedf3d03,D Link DWR M961,Routeur_Modem,D Link DWR M961,9 900 DA,m916,1
5b33db8f,TCL HH40L1,Routeur_Modem,TCL HH40L1,8 690 DA,routeur modm,1
844c2ce6,D Tech Tablette D Tech 8,Tablette,Tablette D Tech 8,15 500 DA,accessoire audio,0
51c3b694,D Tech Tablette D Tech 10,Tablette,Tablette D Tech 10,18 100 DA,d tehc,1
f5350ba5,D Link Clé 4G DWR 910M Wifi,Routeur_Modem,Clé 4G DWR 910M Wifi,4 500 DA,hooc,0
0ae3b7d8,ZTE BLADE V60 DESIGN,Smartphone,ZTE BLADE V60 DESIGN,32 900 DA,design,1
87f8f1c1,D Link BOX Home M915V,Routeur_Modem,BOX Home M915V,9 100 DA,4g,1
51c3b694,D Tech Tablette D Tech 10,Tablette,Tablette D Tech 10,18 100 DA,us,0
c2089f87,HOCO QC3 0 C72Q TYPE C,Accessoire_Audio,QC3 0 C72Q TYPE C,1 100 DA,hoco z40,0
51ebb54c,HOCO Cable Silicone 3A X82IP,Accessoire_Audio,Cable Silicone 3A X82IP,1 500 DA,silicoone,1
844c2ce6,D Tech Tablette D Tech 8,Tablette,Tablette D Tech 8,15 500 DA,accessoire charge,0
ba552b41,HOCO C101A TYPE C TO IP,Accessoire_Audio,C101A TYPE C TO IP,2 700 DA,ytpe,1
9cb292bd,D Tech Tablette D Tech 7,Tablette,Tablette D Tech 7,13 200 DA,type,0
87f8f1c1,D Link BOX Home M915V,Routeur_Modem,BOX Home M915V,9 100 DA,4g,1
9cb292bd,D Tech Tablette D Tech 7,Tablette,Tablette D Tech 7,13 200 DA,dt ech,1
844c2ce6,D Tech Tablette D Tech 8,Tablette,Tablette D Tech 8,15 500 DA,culd015,0
5b33db8f,TCL HH40L1,Routeur_Modem,TCL HH40L1,8 690 DA,rrouteur modem,1
a4701ff6,HOCO CABLE 3A X86 TYPE C,Accessoire_Audio,CABLE 3A X86 TYPE C,1 200 DA,dual,0
e6c50ee8,HOCO QC3 0 C72Q MICRO,Accessoire_Audio,QC3 0 C72Q MICRO,1 100 DA,79,0
aedf3d03,D Link DWR M961,Routeur_Modem,D Link DWR M961,9 900 DA,fcld013,0
f5350ba5,D Link Clé 4G DWR 910M Wifi,Routeur_Modem,Clé 4G DWR 910M Wifi,4 500 DA,d link clé,1
aedf3d03,D Link DWR M961,Routeur_Modem,D Link DWR M961,9 900 DA,wifi,1
c8256303,ZTE BLADE A35,Smartphone,ZTE BLADE A35,17 900 DA,a35,1
6c3ac5c8,HOCO CAR FM Transmitter E59,Accessoire_Audio,CAR FM Transmitter E59,2 500 DA,accessire charge,0
51c3b694,D Tech Tablette D Tech 10,Tablette,Tablette D Tech 10,18 100 DA,tablette,1
87f8f1c1,D Link BOX Home M915V,Routeur_Modem,BOX Home M915V,9 100 DA,bx,1
df7a5817,D Link DWR G403,Routeur_Modem,D Link DWR G403,10 500 DA,d lik,1
51c3b694,D Tech Tablette D Tech 10,Tablette,Tablette D Tech 10,18 100 DA,10,1
5b33db8f,TCL HH40L1,Routeur_Modem,TCL HH40L1,8 690 DA,77,0
f5350ba5,D Link Clé 4G DWR 910M Wifi,Routeur_Modem,Clé 4G DWR 910M Wifi,4 500 DA,lc,0
5b33db8f,TCL HH40L1,Routeur_Modem,TCL HH40L1,8 690 DA,accessoire audio,0
54c4a777,HOCO Écouteurs  EW25,Accessoire_Audio,Écouteurs  EW25,2 550 DA,hco,0
9cb292bd,D Tech Tablette D Tech 7,Tablette,Tablette D Tech 7,13 200 DA,d tech tablette,1
b0ff9432,EL DJAZIRA FCLD 009 C TYPE C,Accessoire_General,FCLD 009 C TYPE C,1 800 DA,009,1
b0a1c859,HOCO EARPHONES MIC M1 PRO,Accessoire_Audio,EARPHONES MIC M1 PRO,1 500 DA,ccessoire charge,0
df7a5817,D Link DWR G403,Routeur_Modem,D Link DWR G403,10 500 DA,wifi,1
9cb292bd,D Tech Tablette D Tech 7,Tablette,Tablette D Tech 7,13 200 DA,hooc,0
e73471e1,D Link DWR M920 B1,Routeur_Modem,D Link DWR M920 B1,8 900 DA,link,1
aedf3d03,D Link DWR M961,Routeur_Modem,D Link DWR M961,9 900 DA,4g,1
322ad3aa,EL DJAZIRA CULD002 MICRO USB,Accessoire_Charge,CULD002 MICRO USB,600 DA,micro,1
f5350ba5,D Link Clé 4G DWR 910M Wifi,Routeur_Modem,Clé 4G DWR 910M Wifi,4 500 DA,smarrtphone,0
cdc65717,ZTE BLADE A75,Smartphone,ZTE BLADE A75,31 900 DA,fcld012,0
aedf3d03,D Link DWR M961,Routeur_Modem,D Link DWR M961,9 900 DA,reevaleo rcc,0
f207d538,ZTE Blade A55,Smartphone,Blade A55,20 900 DA,smartphone,1
df7a5817,D Link DWR G403,Routeur_Modem,D Link DWR G403,10 500 DA,typ,0
aedf3d03,D Link DWR M961,Routeur_Modem,D Link DWR M961,9 900 DA,wifi,1
d173166c,Revaleo LCH 219 3USB TYPE C,Accessoire_Charge,LCH 219 3USB TYPE C,1 100 DA,revaleo aux,0
f5350ba5,D Link Clé 4G DWR 910M Wifi,Routeur_Modem,Clé 4G DWR 910M Wifi,4 500 DA,tcl tcl,0
df7a5817,D Link DWR G403,Routeur_Modem,D Link DWR G403,10 500 DA,hhoco,0
844c2ce6,D Tech Tablette D Tech 8,Tablette,Tablette D Tech 8,15 500 DA,el dajzira culd010,0
87f8f1c1,D Link BOX Home M915V,Routeur_Modem,BOX Home M915V,9 100 DA,lch,0
b002ea00,HOCO CABLE SILICONE 3A X82,Accessoire_Audio,CABLE SILICONE 3A X82,1 500 DA,c888a,0
5b33db8f,TCL HH40L1,Routeur_Modem,TCL HH40L1,8 690 DA,hh40l1,1
f207d538,ZTE Blade A55,Smartphone,Blade A55,20 900 DA,blade,1
b132d198,EL DJAZIRA FCLD013 MICRO USB,Accessoire_Charge,FCLD013 MICRO USB,950 DA,port,0
c7197023,HOCO CAR HOLDER CA82,Accessoire_Audio,CAR HOLDER CA82,2 500 DA,hoco,1
51c3b694,D Tech Tablette D Tech 10,Tablette,Tablette D Tech 10,18 100 DA,ervaleo,0
0ae3b7d8,ZTE BLADE V60 DESIGN,Smartphone,ZTE BLADE V60 DESIGN,32 900 DA,smartphhone,0
e73471e1,D Link DWR M920 B1,Routeur_Modem,D Link DWR M920 B1,8 900 DA,revaleo,0
aedf3d03,D Link DWR M961,Routeur_Modem,D Link DWR M961,9 900 DA,4g,1
87f8f1c1,D Link BOX Home M915V,Routeur_Modem,BOX Home M915V,9 100 DA,hco silicone,0
6ff111a7,EL DJAZIRA CULD 004 C TYPE C,Accessoire_General,CULD 004 C TYPE C,700 DA,zt ezte,0
41e04e2e,D Tech Power Bank DP15,Accessoire_General,Power Bank DP15,4 590 DA,culd,0
f1987c36,EL DJAZIRA CHARGEUR PSLD002,Accessoire_Charge,CHARGEUR PSLD002,3 000 DA,psld002,1
f5350ba5,D Link Clé 4G DWR 910M Wifi,Routeur_Modem,Clé 4G DWR 910M Wifi,4 500 DA,ifi,1
aedf3d03,D Link DWR M961,Routeur_Modem,D Link DWR M961,9 900 DA,wdr,1
df7a5817,D Link DWR G403,Routeur_Modem,D Link DWR G403,10 500 DA,wifi,1
df7a5817,D Link DWR G403,Routeur_Modem,D Link DWR G403,10 500 DA,wifi,1
c18021dc,HOCO Charger QC3 0 C72Q,Accessoire_Audio,Charger QC3 0 C72Q,1 100 DA,hooco,1
aedf3d03,D Link DWR M961,Routeur_Modem,D Link DWR M961,9 900 DA,bx54,0
aedf3d03,D Link DWR M961,Routeur_Modem,D Link DWR M961,9 900 DA,qc3,0
9cb292bd,D Tech Tablette D Tech 7,Tablette,Tablette D Tech 7,13 200 DA,hlder,0
ecf6f099,HOCO ECOUTEUR EQ3,Accessoire_Audio,ECOUTEUR EQ3,3 500 DA,3a,0
844c2ce6,D Tech Tablette D Tech 8,Tablette,Tablette D Tech 8,15 500 DA,etcno,0
844c2ce6,D Tech Tablette D Tech 8,Tablette,Tablette D Tech 8,15 500 DA,tba,1
f5350ba5,D Link Clé 4G DWR 910M Wifi,Routeur_Modem,Clé 4G DWR 910M Wifi,4 500 DA,wiif,1
03a1ebbd,Revaleo RTC 003 3USB MICRO USB,Accessoire_Charge,RTC 003 3USB MICRO USB,1 200 DA,x86,0
87f8f1c1,D Link BOX Home M915V,Routeur_Modem,BOX Home M915V,9 100 DA,routeur modem,1
51c3b694,D Tech Tablette D Tech 10,Tablette,Tablette D Tech 10,18 100 DA,d tech poower,0
51c3b694,D Tech Tablette D Tech 10,Tablette,Tablette D Tech 10,18 100 DA,type,0
9cb292bd,D Tech Tablette D Tech 7,Tablette,Tablette D Tech 7,13 200 DA,3a,0
f5350ba5,D Link Clé 4G DWR 910M Wifi,Routeur_Modem,Clé 4G DWR 910M Wifi,4 500 DA,910m,1
f5350ba5,D Link Clé 4G DWR 910M Wifi,Routeur_Modem,Clé 4G DWR 910M Wifi,4 500 DA,d link cl,1
51c3b694,D Tech Tablette D Tech 10,Tablette,Tablette D Tech 10,18 100 DA, tech,1
83ef63bb,Revaleo RCB 86 MICRO USB,Accessoire_Charge,RCB 86 MICRO USB,300 DA,accessoir charge,1
e73471e1,D Link DWR M920 B1,Routeur_Modem,D Link DWR M920 B1,8 900 DA,hococable,0
cdc65717,ZTE BLADE A75,Smartphone,ZTE BLADE A75,31 900 DA,accessoire uadio,0
ee096ae0,EL DJAZIRA CULD002 TYPE C,Accessoire_General,CULD002 TYPE C,650 DA,009,0
139d2fb5,EL DJAZIRA CULD012 MICRO USB,Accessoire_Charge,CULD012 MICRO USB,500 DA,accessoire charge,1
aedf3d03,D Link DWR M961,Routeur_Modem,D Link DWR M961,9 900 DA,routeur modem,1
e73471e1,D Link DWR M920 B1,Routeur_Modem,D Link DWR M920 B1,8 900 DA,accessoire audio,0
aedf3d03,D Link DWR M961,Routeur_Modem,D Link DWR M961,9 900 DA,le djazira,0
51c3b694,D Tech Tablette D Tech 10,Tablette,Tablette D Tech 10,18 100 DA,hc11,0
5f47afe2,Revaleo LC 927 MICRO USB,Accessoire_Charge,LC 927 MICRO USB,400 DA,hoco cbale,0
f5350ba5,D Link Clé 4G DWR 910M Wifi,Routeur_Modem,Clé 4G DWR 910M Wifi,4 500 DA,zte  zte,0
0ae3b7d8,ZTE BLADE V60 DESIGN,Smartphone,ZTE BLADE V60 DESIGN,32 900 DA,dp10h,0
f5350ba5,D Link Clé 4G DWR 910M Wifi,Routeur_Modem,Clé 4G DWR 910M Wifi,4 500 DA,ioos,0
f5350ba5,D Link Clé 4G DWR 910M Wifi,Routeur_Modem,Clé 4G DWR 910M Wifi,4 500 DA,revaleo aux,0
f8cf95c6,Revaleo CABLE TK 77 IOS,Accessoire_Charge,CABLE TK 77 IOS,600 DA,el djazira,0
51c3b694,D Tech Tablette D Tech 10,Tablette,Tablette D Tech 10,18 100 DA,crb,0
737d1d6b,ZTE NUBIA Neo2 5G,Smartphone,ZTE NUBIA Neo2 5G,49 900 DA,true,0
f0a4b0b1,EL DJAZIRA CULD010 MICRO USB,Accessoire_Charge,CULD010 MICRO USB,500 DA,hoco,0
e73471e1,D Link DWR M920 B1,Routeur_Modem,D Link DWR M920 B1,8 900 DA,acccessoire charge,0
c2089f87,HOCO QC3 0 C72Q TYPE C,Accessoire_Audio,QC3 0 C72Q TYPE C,1 100 DA,accssoire audio,1
5b33db8f,TCL HH40L1,Routeur_Modem,TCL HH40L1,8 690 DA,hh40ll1,1
df7a5817,D Link DWR G403,Routeur_Modem,D Link DWR G403,10 500 DA,rtc,0
87f8f1c1,D Link BOX Home M915V,Routeur_Modem,BOX Home M915V,9 100 DA, dlink,1
c8256303,ZTE BLADE A35,Smartphone,ZTE BLADE A35,17 900 DA,ztte,1
17ec0241,HOCO TRUE  SPEAKER HC11,Accessoire_Audio,TRUE  SPEAKER HC11,3 500 DA,hoco ecoteur,0
df7a5817,D Link DWR G403,Routeur_Modem,D Link DWR G403,10 500 DA,hoco écouteurs,0
51c3b694,D Tech Tablette D Tech 10,Tablette,Tablette D Tech 10,18 100 DA,revaleo tk80,0
f5350ba5,D Link Clé 4G DWR 910M Wifi,Routeur_Modem,Clé 4G DWR 910M Wifi,4 500 DA,drw,1
844c2ce6,D Tech Tablette D Tech 8,Tablette,Tablette D Tech 8,15 500 DA,d tech,0
51c3b694,D Tech Tablette D Tech 10,Tablette,Tablette D Tech 10,18 100 DA,hoco c97a,0
f207d538,ZTE Blade A55,Smartphone,Blade A55,20 900 DA,ee62,0
87f8f1c1,D Link BOX Home M915V,Routeur_Modem,BOX Home M915V,9 100 DA,routeur modem,1
f5350ba5,D Link Clé 4G DWR 910M Wifi,Routeur_Modem,Clé 4G DWR 910M Wifi,4 500 DA,revaelo,0
737d1d6b,ZTE NUBIA Neo2 5G,Smartphone,ZTE NUBIA Neo2 5G,49 900 DA,chareg,0
aedf3d03,D Link DWR M961,Routeur_Modem,D Link DWR M961,9 900 DA,dr,1
87f8f1c1,D Link BOX Home M915V,Routeur_Modem,BOX Home M915V,9 100 DA,ew226,0
737d1d6b,ZTE NUBIA Neo2 5G,Smartphone,ZTE NUBIA Neo2 5G,49 900 DA,eld jazira fcld013,0
f5350ba5,D Link Clé 4G DWR 910M Wifi,Routeur_Modem,Clé 4G DWR 910M Wifi,4 500 DA,écouteurs,0
cdc65717,ZTE BLADE A75,Smartphone,ZTE BLADE A75,31 900 DA,81a,0
df7a5817,D Link DWR G403,Routeur_Modem,D Link DWR G403,10 500 DA,accessoire audo,0
9cb292bd,D Tech Tablette D Tech 7,Tablette,Tablette D Tech 7,13 200 DA,tceh,1
c8256303,ZTE BLADE A35,Smartphone,ZTE BLADE A35,17 900 DA,blade,1
df7a5817,D Link DWR G403,Routeur_Modem,D Link DWR G403,10 500 DA,gg403,1
82197887,ZTE NUBIA MUSIC POP ART,Smartphone,NUBIA MUSIC POP ART,25 500 DA,hocco,0
88e90c36,TECNO POVA 6,Smartphone,POVA 6,43 300 DA,tecno,1
df7a5817,D Link DWR G403,Routeur_Modem,D Link DWR G403,10 500 DA,accessoire general,0
51c3b694,D Tech Tablette D Tech 10,Tablette,Tablette D Tech 10,18 100 DA,10,1
aedf3d03,D Link DWR M961,Routeur_Modem,D Link DWR M961,9 900 DA,accesoire general,0
87f8f1c1,D Link BOX Home M915V,Routeur_Modem,BOX Home M915V,9 100 DA,accessoire  audio,0
844c2ce6,D Tech Tablette D Tech 8,Tablette,Tablette D Tech 8,15 500 DA,tablette,1
f5350ba5,D Link Clé 4G DWR 910M Wifi,Routeur_Modem,Clé 4G DWR 910M Wifi,4 500 DA,d  link,1
e73471e1,D Link DWR M920 B1,Routeur_Modem,D Link DWR M920 B1,8 900 DA,fcld010,0
b47b1328,EL DJAZIRA CCLD 001C TYPE C,Accessoire_General,CCLD 001C TYPE C,1 350 DA,z40,0
e73471e1,D Link DWR M920 B1,Routeur_Modem,D Link DWR M920 B1,8 900 DA,3a,0
51c3b694,D Tech Tablette D Tech 10,Tablette,Tablette D Tech 10,18 100 DA,accessoire charge,0
e73471e1,D Link DWR M920 B1,Routeur_Modem,D Link DWR M920 B1,8 900 DA,link,1
e73471e1,D Link DWR M920 B1,Routeur_Modem,D Link DWR M920 B1,8 900 DA,b1,1
51c3b694,D Tech Tablette D Tech 10,Tablette,Tablette D Tech 10,18 100 DA,wfii,0
5b33db8f,TCL HH40L1,Routeur_Modem,TCL HH40L1,8 690 DA,tl,1
f9d627ef,HOCO METAL HOLDER CA56,Accessoire_Audio,METAL HOLDER CA56,1 400 DA,type,0
5b33db8f,TCL HH40L1,Routeur_Modem,TCL HH40L1,8 690 DA,hoco,0
cdc65717,ZTE BLADE A75,Smartphone,ZTE BLADE A75,31 900 DA,rrevaleo lch,0
844c2ce6,D Tech Tablette D Tech 8,Tablette,Tablette D Tech 8,15 500 DA,metal,0
542f6246,Revaleo RCC 004 MICRO USB,Accessoire_Charge,RCC 004 MICRO USB,800 DA,mcro,1
f5350ba5,D Link Clé 4G DWR 910M Wifi,Routeur_Modem,Clé 4G DWR 910M Wifi,4 500 DA,cauuld001,0
b002ea00,HOCO CABLE SILICONE 3A X82,Accessoire_Audio,CABLE SILICONE 3A X82,1 500 DA,d tech power,0
e73471e1,D Link DWR M920 B1,Routeur_Modem,D Link DWR M920 B1,8 900 DA,dual,0
5b33db8f,TCL HH40L1,Routeur_Modem,TCL HH40L1,8 690 DA,tcl tlc,1
844c2ce6,D Tech Tablette D Tech 8,Tablette,Tablette D Tech 8,15 500 DA,caa56,0
f5350ba5,D Link Clé 4G DWR 910M Wifi,Routeur_Modem,Clé 4G DWR 910M Wifi,4 500 DA,routeur modem,1
51c3b694,D Tech Tablette D Tech 10,Tablette,Tablette D Tech 10,18 100 DA,a75,0
df7a5817,D Link DWR G403,Routeur_Modem,D Link DWR G403,10 500 DA,oco chargeur,0
fb9d4c38,EL DJAZIRA FCLD013 TYPE C,Accessoire_General,FCLD013 TYPE C,1 000 DA,hco,0
6ff111a7,EL DJAZIRA CULD 004 C TYPE C,Accessoire_General,CULD 004 C TYPE C,700 DA,neo22,0
844c2ce6,D Tech Tablette D Tech 8,Tablette,Tablette D Tech 8,15 500 DA,power,0
f5350ba5,D Link Clé 4G DWR 910M Wifi,Routeur_Modem,Clé 4G DWR 910M Wifi,4 500 DA,wr,1
5b33db8f,TCL HH40L1,Routeur_Modem,TCL HH40L1,8 690 DA,4g,1
5b33db8f,TCL HH40L1,Routeur_Modem,TCL HH40L1,8 690 DA,hh40l1,1
03a1ebbd,Revaleo RTC 003 3USB MICRO USB,Accessoire_Charge,RTC 003 3USB MICRO USB,1 200 DA,micro,1
51c3b694,D Tech Tablette D Tech 10,Tablette,Tablette D Tech 10,18 100 DA,accessoire audio,0
844c2ce6,D Tech Tablette D Tech 8,Tablette,Tablette D Tech 8,15 500 DA,ccessoire charge,0
aedf3d03,D Link DWR M961,Routeur_Modem,D Link DWR M961,9 900 DA,écouteurs,0
efe375f6,Revaleo LC 927 TYPE C,Accessoire_General,LC 927 TYPE C,500 DA,type,1
51c3b694,D Tech Tablette D Tech 10,Tablette,Tablette D Tech 10,18 100 DA,hoco z40,0
81099cf1,HOCO Z40 Superior dual port car,Accessoire_Audio,Z40 Superior dual port car,1 200 DA,5a5,0
f5350ba5,D Link Clé 4G DWR 910M Wifi,Routeur_Modem,Clé 4G DWR 910M Wifi,4 500 DA,bladee,0
df7a5817,D Link DWR G403,Routeur_Modem,D Link DWR G403,10 500 DA,ilnk,1
aedf3d03,D Link DWR M961,Routeur_Modem,D Link DWR M961,9 900 DA,d link d,1
b5d43017,EL DJAZIRA FCLD 002 S MICRO USB,Accessoire_Charge,FCLD 002 S MICRO USB,1 800 DA,micro,0
9129a21d,TECNO SPARK Go 1,Smartphone,SPARK Go 1,18 000 DA,hoco,0
e80f62a2,D Tech Power Bank DP20H,Accessoire_General,Power Bank DP20H,3 290 DA,eld jazira ccld003,0
844c2ce6,D Tech Tablette D Tech 8,Tablette,Tablette D Tech 8,15 500 DA,tch,1
b0a1c859,HOCO EARPHONES MIC M1 PRO,Accessoire_Audio,EARPHONES MIC M1 PRO,1 500 DA,hoco ecouteur,0
df7a5817,D Link DWR G403,Routeur_Modem,D Link DWR G403,10 500 DA,routeur modem,1
f5350ba5,D Link Clé 4G DWR 910M Wifi,Routeur_Modem,Clé 4G DWR 910M Wifi,4 500 DA,accessoire audio,0
87f8f1c1,D Link BOX Home M915V,Routeur_Modem,BOX Home M915V,9 100 DA,ox,1
9cb292bd,D Tech Tablette D Tech 7,Tablette,Tablette D Tech 7,13 200 DA,d tech,1
aedf3d03,D Link DWR M961,Routeur_Modem,D Link DWR M961,9 900 DA,d lnk d,1
9cb292bd,D Tech Tablette D Tech 7,Tablette,Tablette D Tech 7,13 200 DA,hoco,0
e80f62a2,D Tech Power Bank DP20H,Accessoire_General,Power Bank DP20H,3 290 DA,bank,1
e73471e1,D Link DWR M920 B1,Routeur_Modem,D Link DWR M920 B1,8 900 DA,routeur modem,1
ba552b41,HOCO C101A TYPE C TO IP,Accessoire_Audio,C101A TYPE C TO IP,2 700 DA,hoco,1
df7a5817,D Link DWR G403,Routeur_Modem,D Link DWR G403,10 500 DA,routeru modem,1
87f8f1c1,D Link BOX Home M915V,Routeur_Modem,BOX Home M915V,9 100 DA,axu,0
c8256303,ZTE BLADE A35,Smartphone,ZTE BLADE A35,17 900 DA,a35,1
df7a5817,D Link DWR G403,Routeur_Modem,D Link DWR G403,10 500 DA,gg403,1
5b33db8f,TCL HH40L1,Routeur_Modem,TCL HH40L1,8 690 DA,ifi,0
51c3b694,D Tech Tablette D Tech 10,Tablette,Tablette D Tech 10,18 100 DA,d tech tablette,1
844c2ce6,D Tech Tablette D Tech 8,Tablette,Tablette D Tech 8,15 500 DA,micr,0
51c3b694,D Tech Tablette D Tech 10,Tablette,Tablette D Tech 10,18 100 DA,d tceh tablette,1
9cb292bd,D Tech Tablette D Tech 7,Tablette,Tablette D Tech 7,13 200 DA,acr,0
87f8f1c1,D Link BOX Home M915V,Routeur_Modem,BOX Home M915V,9 100 DA,4g,1
844c2ce6,D Tech Tablette D Tech 8,Tablette,Tablette D Tech 8,15 500 DA,tech,1
5b33db8f,TCL HH40L1,Routeur_Modem,TCL HH40L1,8 690 DA,hococup,0
aedf3d03,D Link DWR M961,Routeur_Modem,D Link DWR M961,9 900 DA,typ,0
1498313a,EL DJAZIRA CCLD003 MICRO USB,Accessoire_Charge,CCLD003 MICRO USB,1 100 DA,bank,0
f5350ba5,D Link Clé 4G DWR 910M Wifi,Routeur_Modem,Clé 4G DWR 910M Wifi,4 500 DA,el djazira culd007,0
f5350ba5,D Link Clé 4G DWR 910M Wifi,Routeur_Modem,Clé 4G DWR 910M Wifi,4 500 DA,hoco,0
5b33db8f,TCL HH40L1,Routeur_Modem,TCL HH40L1,8 690 DA,hoco chharger,0
87f8f1c1,D Link BOX Home M915V,Routeur_Modem,BOX Home M915V,9 100 DA,roueur modem,1
aedf3d03,D Link DWR M961,Routeur_Modem,D Link DWR M961,9 900 DA,routeur modem,1
9129a21d,TECNO SPARK Go 1,Smartphone,SPARK Go 1,18 000 DA,spark,1
aedf3d03,D Link DWR M961,Routeur_Modem,D Link DWR M961,9 900 DA,cable,0
e73471e1,D Link DWR M920 B1,Routeur_Modem,D Link DWR M920 B1,8 900 DA,eq,0
9cb292bd,D Tech Tablette D Tech 7,Tablette,Tablette D Tech 7,13 200 DA,acecssoire general,0
9700a48e,EL DJAZIRA CAR MOUNTCHLD001  DV,Accessoire_Auto,CAR MOUNTCHLD001  DV,850 DA,ip,0
5b33db8f,TCL HH40L1,Routeur_Modem,TCL HH40L1,8 690 DA,el dajzira ccld003,0
c8256303,ZTE BLADE A35,Smartphone,ZTE BLADE A35,17 900 DA,a35,1
844c2ce6,D Tech Tablette D Tech 8,Tablette,Tablette D Tech 8,15 500 DA,tec,1
e73471e1,D Link DWR M920 B1,Routeur_Modem,D Link DWR M920 B1,8 900 DA,accessoiree auto,0
36660025,HOCO SPORTS BT SPEAKER HC13,Accessoire_Audio,SPORTS BT SPEAKER HC13,3 500 DA,speaker,1
5b33db8f,TCL HH40L1,Routeur_Modem,TCL HH40L1,8 690 DA,routeur modem,1
5b33db8f,TCL HH40L1,Routeur_Modem,TCL HH40L1,8 690 DA,hh40l1,1
5b33db8f,TCL HH40L1,Routeur_Modem,TCL HH40L1,8 690 DA,routeur modem,0
51c3b694,D Tech Tablette D Tech 10,Tablette,Tablette D Tech 10,18 100 DA,tabette,1
df7a5817,D Link DWR G403,Routeur_Modem,D Link DWR G403,10 500 DA,ifi,1
29fb7c1d,EL DJAZIRA FCLD 009 S4 MICRO USB,Accessoire_Charge,FCLD 009 S4 MICRO USB,1 800 DA,hoco dual,0
5b33db8f,TCL HH40L1,Routeur_Modem,TCL HH40L1,8 690 DA,hh400l1,1
51c3b694,D Tech Tablette D Tech 10,Tablette,Tablette D Tech 10,18 100 DA,tb,1
f5350ba5,D Link Clé 4G DWR 910M Wifi,Routeur_Modem,Clé 4G DWR 910M Wifi,4 500 DA,rcb,0
87f8f1c1,D Link BOX Home M915V,Routeur_Modem,BOX Home M915V,9 100 DA,hoo,0
5b33db8f,TCL HH40L1,Routeur_Modem,TCL HH40L1,8 690 DA,routeur mmodem,1
737d1d6b,ZTE NUBIA Neo2 5G,Smartphone,ZTE NUBIA Neo2 5G,49 900 DA,ztee,1
f5350ba5,D Link Clé 4G DWR 910M Wifi,Routeur_Modem,Clé 4G DWR 910M Wifi,4 500 DA,accessoire audio,0
91380175,HOCO X76 3in1 Charging Cable,Accessoire_Audio,X76 3in1 Charging Cable,1 200 DA,hoco x76,1
51c3b694,D Tech Tablette D Tech 10,Tablette,Tablette D Tech 10,18 100 DA,tech,1
2e57fc73,HOCO X88 Charging Cable,Accessoire_Audio,X88 Charging Cable,400 DA,el djazira fcld0008,0
df7a5817,D Link DWR G403,Routeur_Modem,D Link DWR G403,10 500 DA,tk,0
49d2f7b9,HOCO Single Port C81A TYPE C,Accessoire_Audio,Single Port C81A TYPE C,850 DA,qc,0
2dda0e31,Revaleo RCB 005 MICRO USB,Accessoire_Charge,RCB 005 MICRO USB,400 DA,hoco écouteurs,0
5b33db8f,TCL HH40L1,Routeur_Modem,TCL HH40L1,8 690 DA,ruteur modem,1
aedf3d03,D Link DWR M961,Routeur_Modem,D Link DWR M961,9 900 DA,4g,1
844c2ce6,D Tech Tablette D Tech 8,Tablette,Tablette D Tech 8,15 500 DA,d tech tableette,1
844c2ce6,D Tech Tablette D Tech 8,Tablette,Tablette D Tech 8,15 500 DA,mannersport,0
aedf3d03,D Link DWR M961,Routeur_Modem,D Link DWR M961,9 900 DA,type,0
705f7822,HOCO C101A TYPE C TO TYPE C,Accessoire_Audio,C101A TYPE C TO TYPE C,2 700 DA,accessoire genneral,0
c8256303,ZTE BLADE A35,Smartphone,ZTE BLADE A35,17 900 DA,blad,1
df7a5817,D Link DWR G403,Routeur_Modem,D Link DWR G403,10 500 DA,001c,0
87f8f1c1,D Link BOX Home M915V,Routeur_Modem,BOX Home M915V,9 100 DA,4g,1
e73471e1,D Link DWR M920 B1,Routeur_Modem,D Link DWR M920 B1,8 900 DA,routeur modem,1
0ae3b7d8,ZTE BLADE V60 DESIGN,Smartphone,ZTE BLADE V60 DESIGN,32 900 DA,v600,1
87f8f1c1,D Link BOX Home M915V,Routeur_Modem,BOX Home M915V,9 100 DA,accessoire auudio,0
9cb292bd,D Tech Tablette D Tech 7,Tablette,Tablette D Tech 7,13 200 DA,082,0
5b33db8f,TCL HH40L1,Routeur_Modem,TCL HH40L1,8 690 DA,hoco,0
f5350ba5,D Link Clé 4G DWR 910M Wifi,Routeur_Modem,Clé 4G DWR 910M Wifi,4 500 DA,190m,1
9cb292bd,D Tech Tablette D Tech 7,Tablette,Tablette D Tech 7,13 200 DA,tech,1
aedf3d03,D Link DWR M961,Routeur_Modem,D Link DWR M961,9 900 DA,001c,0
5b33db8f,TCL HH40L1,Routeur_Modem,TCL HH40L1,8 690 DA,ype,0
b0a1c859,HOCO EARPHONES MIC M1 PRO,Accessoire_Audio,EARPHONES MIC M1 PRO,1 500 DA,m1,1
737d1d6b,ZTE NUBIA Neo2 5G,Smartphone,ZTE NUBIA Neo2 5G,49 900 DA,ca56,0
844c2ce6,D Tech Tablette D Tech 8,Tablette,Tablette D Tech 8,15 500 DA,014,0
88e90c36,TECNO POVA 6,Smartphone,POVA 6,43 300 DA,oprt,0
2feb93aa,EL DJAZIRA CULD007 MICRO USB,Accessoire_Charge,CULD007 MICRO USB,450 DA,ttype,0
51c3b694,D Tech Tablette D Tech 10,Tablette,Tablette D Tech 10,18 100 DA,tabeltte,1
5b33db8f,TCL HH40L1,Routeur_Modem,TCL HH40L1,8 690 DA,silione,0
aedf3d03,D Link DWR M961,Routeur_Modem,D Link DWR M961,9 900 DA,d link,1
aedf3d03,D Link DWR M961,Routeur_Modem,D Link DWR M961,9 900 DA,050,0
87f8f1c1,D Link BOX Home M915V,Routeur_Modem,BOX Home M915V,9 100 DA,accessoire audio,0
5b33db8f,TCL HH40L1,Routeur_Modem,TCL HH40L1,8 690 DA,iwfi,1
cdc65717,ZTE BLADE A75,Smartphone,ZTE BLADE A75,31 900 DA,zzte,1
844c2ce6,D Tech Tablette D Tech 8,Tablette,Tablette D Tech 8,15 500 DA,tba,1
51c3b694,D Tech Tablette D Tech 10,Tablette,Tablette D Tech 10,18 100 DA,d  tech,1
9cb292bd,D Tech Tablette D Tech 7,Tablette,Tablette D Tech 7,13 200 DA,tb,1
df7a5817,D Link DWR G403,Routeur_Modem,D Link DWR G403,10 500 DA, dlink,1
f0a4b0b1,EL DJAZIRA CULD010 MICRO USB,Accessoire_Charge,CULD010 MICRO USB,500 DA,revaleo rcb,0
87f8f1c1,D Link BOX Home M915V,Routeur_Modem,BOX Home M915V,9 100 DA,ohme,1
aedf3d03,D Link DWR M961,Routeur_Modem,D Link DWR M961,9 900 DA,d link d,1
87f8f1c1,D Link BOX Home M915V,Routeur_Modem,BOX Home M915V,9 100 DA,20,0
5b33db8f,TCL HH40L1,Routeur_Modem,TCL HH40L1,8 690 DA,hh40l1,1
51c3b694,D Tech Tablette D Tech 10,Tablette,Tablette D Tech 10,18 100 DA,d tech tablette,1
844c2ce6,D Tech Tablette D Tech 8,Tablette,Tablette D Tech 8,15 500 DA,tab,1
87f8f1c1,D Link BOX Home M915V,Routeur_Modem,BOX Home M915V,9 100 DA,micro,0
df7a5817,D Link DWR G403,Routeur_Modem,D Link DWR G403,10 500 DA,g403,1
51c3b694,D Tech Tablette D Tech 10,Tablette,Tablette D Tech 10,18 100 DA,10,1
844c2ce6,D Tech Tablette D Tech 8,Tablette,Tablette D Tech 8,15 500 DA,eq1,0
831b7a24,HOCO C80A PLUS TYPE C TO IP,Accessoire_Audio,C80A PLUS TYPE C TO IP,2 100 DA,lc,0
9cb292bd,D Tech Tablette D Tech 7,Tablette,Tablette D Tech 7,13 200 DA,tceh,1
2feb93aa,EL DJAZIRA CULD007 MICRO USB,Accessoire_Charge,CULD007 MICRO USB,450 DA,accessoire charge,0
df7a5817,D Link DWR G403,Routeur_Modem,D Link DWR G403,10 500 DA,dwrr,1
8fa3eb17,Revaleo RTC 004 TYPE C,Accessoire_General,RTC 004 TYPE C,900 DA,tpye,1
2c6aa736,EL DJAZIRA CHARGEUR PSLD001,Accessoire_Charge,CHARGEUR PSLD001,2 690 DA,hoco true,0
df7a5817,D Link DWR G403,Routeur_Modem,D Link DWR G403,10 500 DA,el djazirac harger,0
aedf3d03,D Link DWR M961,Routeur_Modem,D Link DWR M961,9 900 DA,routeur mdoem,1
51c3b694,D Tech Tablette D Tech 10,Tablette,Tablette D Tech 10,18 100 DA,tablette,1
f5350ba5,D Link Clé 4G DWR 910M Wifi,Routeur_Modem,Clé 4G DWR 910M Wifi,4 500 DA,d ilnk,1
f5350ba5,D Link Clé 4G DWR 910M Wifi,Routeur_Modem,Clé 4G DWR 910M Wifi,4 500 DA,accssoire charge,0
0ae3b7d8,ZTE BLADE V60 DESIGN,Smartphone,ZTE BLADE V60 DESIGN,32 900 DA,blade,1
8fa3eb17,Revaleo RTC 004 TYPE C,Accessoire_General,RTC 004 TYPE C,900 DA,revaleo rtcc,1
9cb292bd,D Tech Tablette D Tech 7,Tablette,Tablette D Tech 7,13 200 DA,poort,0
15bce452,EL DJAZIRA CULD 004 S MICRO USB,Accessoire_Charge,CULD 004 S MICRO USB,600 DA,086,0
e73471e1,D Link DWR M920 B1,Routeur_Modem,D Link DWR M920 B1,8 900 DA,219,0
87f8f1c1,D Link BOX Home M915V,Routeur_Modem,BOX Home M915V,9 100 DA,hme,1
87f8f1c1,D Link BOX Home M915V,Routeur_Modem,BOX Home M915V,9 100 DA,m915v,1
bdf8217c,HOCO Écouteurs M1 PRO,Accessoire_Audio,Écouteurs M1 PRO,1 500 DA,ro,1
5b33db8f,TCL HH40L1,Routeur_Modem,TCL HH40L1,8 690 DA,tcl tcl,1
5b33db8f,TCL HH40L1,Routeur_Modem,TCL HH40L1,8 690 DA,el djazira cculd009,0
083bce55,HOCO Z40 Dual Port Car Charge,Accessoire_Audio,Z40 Dual Port Car Charge,1 200 DA,el djazira fcld013,0
aedf3d03,D Link DWR M961,Routeur_Modem,D Link DWR M961,9 900 DA,d tec,0
c8256303,ZTE BLADE A35,Smartphone,ZTE BLADE A35,17 900 DA,cld,0
06dc318d,HOCO IN CAR HOLDER CA76,Accessoire_Audio,IN CAR HOLDER CA76,1 600 DA,go,0
844c2ce6,D Tech Tablette D Tech 8,Tablette,Tablette D Tech 8,15 500 DA,tehc,1
9cb292bd,D Tech Tablette D Tech 7,Tablette,Tablette D Tech 7,13 200 DA,hoc,0
82197887,ZTE NUBIA MUSIC POP ART,Smartphone,NUBIA MUSIC POP ART,25 500 DA,hoco,0
51c3b694,D Tech Tablette D Tech 10,Tablette,Tablette D Tech 10,18 100 DA,d tech atblette,1
5b33db8f,TCL HH40L1,Routeur_Modem,TCL HH40L1,8 690 DA,routeu modem,1
9129a21d,TECNO SPARK Go 1,Smartphone,SPARK Go 1,18 000 DA,tcno,1
4dd7aa74,HOCO IN CAR FM E62,Accessoire_Audio,IN CAR FM E62,4 900 DA,carr,1
df7a5817,D Link DWR G403,Routeur_Modem,D Link DWR G403,10 500 DA,tech,0
e0a8bc66,EL DJAZIRA CCULD009 MICRO USB,Accessoire_Charge,CCULD009 MICRO USB,500 DA,ussb,1
87f8f1c1,D Link BOX Home M915V,Routeur_Modem,BOX Home M915V,9 100 DA,revaleo,0
5b33db8f,TCL HH40L1,Routeur_Modem,TCL HH40L1,8 690 DA,revaelo rcb,0
e73471e1,D Link DWR M920 B1,Routeur_Modem,D Link DWR M920 B1,8 900 DA,m920,1
c8256303,ZTE BLADE A35,Smartphone,ZTE BLADE A35,17 900 DA,zte,1
df7a5817,D Link DWR G403,Routeur_Modem,D Link DWR G403,10 500 DA,eel djazira,0
f5350ba5,D Link Clé 4G DWR 910M Wifi,Routeur_Modem,Clé 4G DWR 910M Wifi,4 500 DA,dual,0
737d1d6b,ZTE NUBIA Neo2 5G,Smartphone,ZTE NUBIA Neo2 5G,49 900 DA,zte zte,1
f5350ba5,D Link Clé 4G DWR 910M Wifi,Routeur_Modem,Clé 4G DWR 910M Wifi,4 500 DA,evaleo rtc,0
f5350ba5,D Link Clé 4G DWR 910M Wifi,Routeur_Modem,Clé 4G DWR 910M Wifi,4 500 DA,dwr,1
51c3b694,D Tech Tablette D Tech 10,Tablette,Tablette D Tech 10,18 100 DA,tb,1
5b33db8f,TCL HH40L1,Routeur_Modem,TCL HH40L1,8 690 DA,us,0
5b33db8f,TCL HH40L1,Routeur_Modem,TCL HH40L1,8 690 DA,accessoireaudio,0
f5350ba5,D Link Clé 4G DWR 910M Wifi,Routeur_Modem,Clé 4G DWR 910M Wifi,4 500 DA,d link clé,1
df7a5817,D Link DWR G403,Routeur_Modem,D Link DWR G403,10 500 DA,4g03,1
9129a21d,TECNO SPARK Go 1,Smartphone,SPARK Go 1,18 000 DA,go,1
87f8f1c1,D Link BOX Home M915V,Routeur_Modem,BOX Home M915V,9 100 DA,d link box,1
e73471e1,D Link DWR M920 B1,Routeur_Modem,D Link DWR M920 B1,8 900 DA,d link d,1
4f38c61d,HOCO Silicone 2 4A X82 IP,Accessoire_Audio,Silicone 2 4A X82 IP,1 500 DA,hoco,1
df7a5817,D Link DWR G403,Routeur_Modem,D Link DWR G403,10 500 DA,routeur modem,1
9cb292bd,D Tech Tablette D Tech 7,Tablette,Tablette D Tech 7,13 200 DA,x28ip,0
844c2ce6,D Tech Tablette D Tech 8,Tablette,Tablette D Tech 8,15 500 DA,type,0
18b67eb7,EL DJAZIRA CABLE 3IN1 CULD015,Accessoire_Charge,CABLE 3IN1 CULD015,950 DA,cable,1
5b33db8f,TCL HH40L1,Routeur_Modem,TCL HH40L1,8 690 DA,9227,0
cdc65717,ZTE BLADE A75,Smartphone,ZTE BLADE A75,31 900 DA,rc,0
9cb292bd,D Tech Tablette D Tech 7,Tablette,Tablette D Tech 7,13 200 DA,3a,0
f5350ba5,D Link Clé 4G DWR 910M Wifi,Routeur_Modem,Clé 4G DWR 910M Wifi,4 500 DA,reevaleo,0
df7a5817,D Link DWR G403,Routeur_Modem,D Link DWR G403,10 500 DA,4g,1
9cb292bd,D Tech Tablette D Tech 7,Tablette,Tablette D Tech 7,13 200 DA,004,0
87f8f1c1,D Link BOX Home M915V,Routeur_Modem,BOX Home M915V,9 100 DA,box,1
87f8f1c1,D Link BOX Home M915V,Routeur_Modem,BOX Home M915V,9 100 DA,hooco,0
12a3838d,EL DJAZIRA CCLD003 TYPE C,Accessoire_General,CCLD003 TYPE C,1 150 DA,el  djazira,0
c8256303,ZTE BLADE A35,Smartphone,ZTE BLADE A35,17 900 DA,uusb,0
f5350ba5,D Link Clé 4G DWR 910M Wifi,Routeur_Modem,Clé 4G DWR 910M Wifi,4 500 DA,4g,1
e73471e1,D Link DWR M920 B1,Routeur_Modem,D Link DWR M920 B1,8 900 DA,cacessoire general,0
df7a5817,D Link DWR G403,Routeur_Modem,D Link DWR G403,10 500 DA,smartphone,0
51c3b694,D Tech Tablette D Tech 10,Tablette,Tablette D Tech 10,18 100 DA,e70,0
88e90c36,TECNO POVA 6,Smartphone,POVA 6,43 300 DA,accessoire general,0
df7a5817,D Link DWR G403,Routeur_Modem,D Link DWR G403,10 500 DA,4g,1
cdc65717,ZTE BLADE A75,Smartphone,ZTE BLADE A75,31 900 DA,a75,1
5b33db8f,TCL HH40L1,Routeur_Modem,TCL HH40L1,8 690 DA,hh401,1
5b33db8f,TCL HH40L1,Routeur_Modem,TCL HH40L1,8 690 DA,powe,0
87f8f1c1,D Link BOX Home M915V,Routeur_Modem,BOX Home M915V,9 100 DA,accessoire audio,0
f5350ba5,D Link Clé 4G DWR 910M Wifi,Routeur_Modem,Clé 4G DWR 910M Wifi,4 500 DA,wifi,1
df7a5817,D Link DWR G403,Routeur_Modem,D Link DWR G403,10 500 DA,linkk,1
df7a5817,D Link DWR G403,Routeur_Modem,D Link DWR G403,10 500 DA,d ink d,1
87f8f1c1,D Link BOX Home M915V,Routeur_Modem,BOX Home M915V,9 100 DA,el djazira,0
14d55b8e,D Tech Power Bank DP10H,Accessoire_General,Power Bank DP10H,2 100 DA,4g,0
9cb292bd,D Tech Tablette D Tech 7,Tablette,Tablette D Tech 7,13 200 DA,accessoire audio,0
87f8f1c1,D Link BOX Home M915V,Routeur_Modem,BOX Home M915V,9 100 DA,mirco,0
5b33db8f,TCL HH40L1,Routeur_Modem,TCL HH40L1,8 690 DA,accessoire general,0
1498313a,EL DJAZIRA CCLD003 MICRO USB,Accessoire_Charge,CCLD003 MICRO USB,1 100 DA,ccld,0
844c2ce6,D Tech Tablette D Tech 8,Tablette,Tablette D Tech 8,15 500 DA,tablette,1
f5350ba5,D Link Clé 4G DWR 910M Wifi,Routeur_Modem,Clé 4G DWR 910M Wifi,4 500 DA,clé,1
5b33db8f,TCL HH40L1,Routeur_Modem,TCL HH40L1,8 690 DA,tc,1
51c3b694,D Tech Tablette D Tech 10,Tablette,Tablette D Tech 10,18 100 DA,tblette,1
e73471e1,D Link DWR M920 B1,Routeur_Modem,D Link DWR M920 B1,8 900 DA,cable,0
844c2ce6,D Tech Tablette D Tech 8,Tablette,Tablette D Tech 8,15 500 DA,hoc,0
df7a5817,D Link DWR G403,Routeur_Modem,D Link DWR G403,10 500 DA,revaleo tk80,0
9cb292bd,D Tech Tablette D Tech 7,Tablette,Tablette D Tech 7,13 200 DA,tablette,1
df7a5817,D Link DWR G403,Routeur_Modem,D Link DWR G403,10 500 DA,routeur  modem,1
f5350ba5,D Link Clé 4G DWR 910M Wifi,Routeur_Modem,Clé 4G DWR 910M Wifi,4 500 DA,revvaleo,0
844c2ce6,D Tech Tablette D Tech 8,Tablette,Tablette D Tech 8,15 500 DA,atb,1
c7197023,HOCO CAR HOLDER CA82,Accessoire_Audio,CAR HOLDER CA82,2 500 DA,nubia,0
4dd7aa74,HOCO IN CAR FM E62,Accessoire_Audio,IN CAR FM E62,4 900 DA,c72q,0
82197887,ZTE NUBIA MUSIC POP ART,Smartphone,NUBIA MUSIC POP ART,25 500 DA,music,1
e73471e1,D Link DWR M920 B1,Routeur_Modem,D Link DWR M920 B1,8 900 DA,dwr,1
aedf3d03,D Link DWR M961,Routeur_Modem,D Link DWR M961,9 900 DA,ccld003,0
df7a5817,D Link DWR G403,Routeur_Modem,D Link DWR G403,10 500 DA,wiffi,1
e73471e1,D Link DWR M920 B1,Routeur_Modem,D Link DWR M920 B1,8 900 DA,drw,1
c74b49e7,EL DJAZIRA CULD007 TYPE C,Accessoire_General,CULD007 TYPE C,500 DA,tyep,0
844c2ce6,D Tech Tablette D Tech 8,Tablette,Tablette D Tech 8,15 500 DA,d tech tablettee,1
2e57fc73,HOCO X88 Charging Cable,Accessoire_Audio,X88 Charging Cable,400 DA,el djazira,0
844c2ce6,D Tech Tablette D Tech 8,Tablette,Tablette D Tech 8,15 500 DA,d techh,1
87f8f1c1,D Link BOX Home M915V,Routeur_Modem,BOX Home M915V,9 100 DA,car,0
87f8f1c1,D Link BOX Home M915V,Routeur_Modem,BOX Home M915V,9 100 DA,m915,1
f207d538,ZTE Blade A55,Smartphone,Blade A55,20 900 DA,hooc,0
9cb292bd,D Tech Tablette D Tech 7,Tablette,Tablette D Tech 7,13 200 DA,d tech tablette,1
9cb292bd,D Tech Tablette D Tech 7,Tablette,Tablette D Tech 7,13 200 DA,tba,1
2157f1b5,Revaleo TK80 QC3 TYPE C,Accessoire_General,TK80 QC3 TYPE C,800 DA,rvaleo,1
844c2ce6,D Tech Tablette D Tech 8,Tablette,Tablette D Tech 8,15 500 DA,d tech tablette,1
f5350ba5,D Link Clé 4G DWR 910M Wifi,Routeur_Modem,Clé 4G DWR 910M Wifi,4 500 DA,routeur modme,1
844c2ce6,D Tech Tablette D Tech 8,Tablette,Tablette D Tech 8,15 500 DA,d tech tablette,1
14d55b8e,D Tech Power Bank DP10H,Accessoire_General,Power Bank DP10H,2 100 DA,power,1
c8256303,ZTE BLADE A35,Smartphone,ZTE BLADE A35,17 900 DA,lcch,0
aedf3d03,D Link DWR M961,Routeur_Modem,D Link DWR M961,9 900 DA,4g,1
9cb292bd,D Tech Tablette D Tech 7,Tablette,Tablette D Tech 7,13 200 DA,ttech,1
29fb7c1d,EL DJAZIRA FCLD 009 S4 MICRO USB,Accessoire_Charge,FCLD 009 S4 MICRO USB,1 800 DA,009,1
542f6246,Revaleo RCC 004 MICRO USB,Accessoire_Charge,RCC 004 MICRO USB,800 DA,accessoir eaudio,0
06dc318d,HOCO IN CAR HOLDER CA76,Accessoire_Audio,IN CAR HOLDER CA76,1 600 DA,el djazira,0
503172d4,HOCO DUAL PORT C103A TYPE C,Accessoire_Audio,DUAL PORT C103A TYPE C,850 DA,udal,1
87f8f1c1,D Link BOX Home M915V,Routeur_Modem,BOX Home M915V,9 100 DA,usb,0
9cb292bd,D Tech Tablette D Tech 7,Tablette,Tablette D Tech 7,13 200 DA,d tech tablette,1
aedf3d03,D Link DWR M961,Routeur_Modem,D Link DWR M961,9 900 DA,iwfi,1
322ad3aa,EL DJAZIRA CULD002 MICRO USB,Accessoire_Charge,CULD002 MICRO USB,600 DA,earhones,0
df7a5817,D Link DWR G403,Routeur_Modem,D Link DWR G403,10 500 DA,tze,0
9cb292bd,D Tech Tablette D Tech 7,Tablette,Tablette D Tech 7,13 200 DA,d tech tablette,1
df7a5817,D Link DWR G403,Routeur_Modem,D Link DWR G403,10 500 DA,wii,1
9cb292bd,D Tech Tablette D Tech 7,Tablette,Tablette D Tech 7,13 200 DA,eldjazira culd007,0
df7a5817,D Link DWR G403,Routeur_Modem,D Link DWR G403,10 500 DA,pwb,0
aedf3d03,D Link DWR M961,Routeur_Modem,D Link DWR M961,9 900 DA,dlink d,1
c8256303,ZTE BLADE A35,Smartphone,ZTE BLADE A35,17 900 DA,smartphone,1
87f8f1c1,D Link BOX Home M915V,Routeur_Modem,BOX Home M915V,9 100 DA,box,1
87f8f1c1,D Link BOX Home M915V,Routeur_Modem,BOX Home M915V,9 100 DA,4g,1
f5350ba5,D Link Clé 4G DWR 910M Wifi,Routeur_Modem,Clé 4G DWR 910M Wifi,4 500 DA,routeur modem,1
f5350ba5,D Link Clé 4G DWR 910M Wifi,Routeur_Modem,Clé 4G DWR 910M Wifi,4 500 DA,91m,1
aedf3d03,D Link DWR M961,Routeur_Modem,D Link DWR M961,9 900 DA,wdr,1
51c3b694,D Tech Tablette D Tech 10,Tablette,Tablette D Tech 10,18 100 DA,tab,1
9cb292bd,D Tech Tablette D Tech 7,Tablette,Tablette D Tech 7,13 200 DA,fcld013,0
91380175,HOCO X76 3in1 Charging Cable,Accessoire_Audio,X76 3in1 Charging Cable,1 200 DA,iios,0
df7a5817,D Link DWR G403,Routeur_Modem,D Link DWR G403,10 500 DA,routuer modem,1
df7a5817,D Link DWR G403,Routeur_Modem,D Link DWR G403,10 500 DA,4g,1
9cb292bd,D Tech Tablette D Tech 7,Tablette,Tablette D Tech 7,13 200 DA,tablettte,1
87f8f1c1,D Link BOX Home M915V,Routeur_Modem,BOX Home M915V,9 100 DA,4g,1
e73471e1,D Link DWR M920 B1,Routeur_Modem,D Link DWR M920 B1,8 900 DA,003,0
0ace84cd,Revaleo TK 75,Accessoire_General,TK 75,700 DA,ccd,0
e73471e1,D Link DWR M920 B1,Routeur_Modem,D Link DWR M920 B1,8 900 DA,powre,0
2db25980,EL DJAZIRA FCLD012 MICRO USB,Accessoire_Charge,FCLD012 MICRO USB,1 850 DA,micro,1
9cb292bd,D Tech Tablette D Tech 7,Tablette,Tablette D Tech 7,13 200 DA,el djazira,0
5e834565,Revaleo TK80 QC3 MICRO USB,Accessoire_Charge,TK80 QC3 MICRO USB,800 DA,cq3,1
6ff111a7,EL DJAZIRA CULD 004 C TYPE C,Accessoire_General,CULD 004 C TYPE C,700 DA,el djazira culd,1
cc3567ba,HOCO PD30W QC3 0 IN CAR  E70,Accessoire_Audio,PD30W QC3 0 IN CAR  E70,4 800 DA,4g,0
d4d94faf,HOCO ECOUTEUR EQ1,Accessoire_Audio,ECOUTEUR EQ1,2 950 DA,accssoire audio,1
e73471e1,D Link DWR M920 B1,Routeur_Modem,D Link DWR M920 B1,8 900 DA,el djazira charger,0
e73471e1,D Link DWR M920 B1,Routeur_Modem,D Link DWR M920 B1,8 900 DA,hoco dual,0
e73471e1,D Link DWR M920 B1,Routeur_Modem,D Link DWR M920 B1,8 900 DA,m9920,1
9129a21d,TECNO SPARK Go 1,Smartphone,SPARK Go 1,18 000 DA,rvaleo lch,0
4e786d3b,Revaleo RCB 007 5A VOOC TYPE C,Accessoire_General,RCB 007 5A VOOC TYPE C,800 DA,040,0
844c2ce6,D Tech Tablette D Tech 8,Tablette,Tablette D Tech 8,15 500 DA,true,0
87f8f1c1,D Link BOX Home M915V,Routeur_Modem,BOX Home M915V,9 100 DA,d link box,1
f1987c36,EL DJAZIRA CHARGEUR PSLD002,Accessoire_Charge,CHARGEUR PSLD002,3 000 DA,accessiore audio,0
82197887,ZTE NUBIA MUSIC POP ART,Smartphone,NUBIA MUSIC POP ART,25 500 DA,nubi,1
9cb292bd,D Tech Tablette D Tech 7,Tablette,Tablette D Tech 7,13 200 DA,d tech,1
5b33db8f,TCL HH40L1,Routeur_Modem,TCL HH40L1,8 690 DA,type,0
4f38c61d,HOCO Silicone 2 4A X82 IP,Accessoire_Audio,Silicone 2 4A X82 IP,1 500 DA,zzte,0
aedf3d03,D Link DWR M961,Routeur_Modem,D Link DWR M961,9 900 DA,d link,1
aedf3d03,D Link DWR M961,Routeur_Modem,D Link DWR M961,9 900 DA,dw,1
93d7e15d,Revaleo RCB 86 TYPE C,Accessoire_General,RCB 86 TYPE C,350 DA,couteur,0
87f8f1c1,D Link BOX Home M915V,Routeur_Modem,BOX Home M915V,9 100 DA,couteur,0
f5350ba5,D Link Clé 4G DWR 910M Wifi,Routeur_Modem,Clé 4G DWR 910M Wifi,4 500 DA,hoo ecouteur,0
5b33db8f,TCL HH40L1,Routeur_Modem,TCL HH40L1,8 690 DA,tcl,1
5b33db8f,TCL HH40L1,Routeur_Modem,TCL HH40L1,8 690 DA,tc tcl,1
e73471e1,D Link DWR M920 B1,Routeur_Modem,D Link DWR M920 B1,8 900 DA,car,0
6f27bb2d,EL DJAZIRA CULD012 TYPE C,Accessoire_General,CULD012 TYPE C,550 DA,cuuld012,1
87f8f1c1,D Link BOX Home M915V,Routeur_Modem,BOX Home M915V,9 100 DA,m95v,1
e73471e1,D Link DWR M920 B1,Routeur_Modem,D Link DWR M920 B1,8 900 DA,4g,1
a4465134,Revaleo LCH 086 MICRO USB,Accessoire_Charge,LCH 086 MICRO USB,1 200 DA,lh,1
844c2ce6,D Tech Tablette D Tech 8,Tablette,Tablette D Tech 8,15 500 DA,tab,1
f5350ba5,D Link Clé 4G DWR 910M Wifi,Routeur_Modem,Clé 4G DWR 910M Wifi,4 500 DA,910,1
f5350ba5,D Link Clé 4G DWR 910M Wifi,Routeur_Modem,Clé 4G DWR 910M Wifi,4 500 DA,d link,1
9cb292bd,D Tech Tablette D Tech 7,Tablette,Tablette D Tech 7,13 200 DA,d tech,1
df7a5817,D Link DWR G403,Routeur_Modem,D Link DWR G403,10 500 DA,d link d,1
5b33db8f,TCL HH40L1,Routeur_Modem,TCL HH40L1,8 690 DA,revaelo rtc,0
e2f59916,Revaleo RCB 005 IOS,Accessoire_General,RCB 005 IOS,600 DA,spots,0
844c2ce6,D Tech Tablette D Tech 8,Tablette,Tablette D Tech 8,15 500 DA,ew27,0
5b33db8f,TCL HH40L1,Routeur_Modem,TCL HH40L1,8 690 DA,revaleo rcb,0
9cb292bd,D Tech Tablette D Tech 7,Tablette,Tablette D Tech 7,13 200 DA,d tech tablette,1
c8256303,ZTE BLADE A35,Smartphone,ZTE BLADE A35,17 900 DA,hcoo,0
ba552b41,HOCO C101A TYPE C TO IP,Accessoire_Audio,C101A TYPE C TO IP,2 700 DA,aux,0
e73471e1,D Link DWR M920 B1,Routeur_Modem,D Link DWR M920 B1,8 900 DA,icro,0
9cb292bd,D Tech Tablette D Tech 7,Tablette,Tablette D Tech 7,13 200 DA,4g,0
88e90c36,TECNO POVA 6,Smartphone,POVA 6,43 300 DA,opva,1
aedf3d03,D Link DWR M961,Routeur_Modem,D Link DWR M961,9 900 DA,hoco x76,0
e0afe04d,EL DJAZIRA CCLD 001C MICRO USB,Accessoire_Charge,CCLD 001C MICRO USB,1 300 DA,3in1,0
e73471e1,D Link DWR M920 B1,Routeur_Modem,D Link DWR M920 B1,8 900 DA,type,0
51c3b694,D Tech Tablette D Tech 10,Tablette,Tablette D Tech 10,18 100 DA,tab,1
cc3567ba,HOCO PD30W QC3 0 IN CAR  E70,Accessoire_Audio,PD30W QC3 0 IN CAR  E70,4 800 DA,in,1
51c3b694,D Tech Tablette D Tech 10,Tablette,Tablette D Tech 10,18 100 DA,d tech,1
7366f5e2,EL DJAZIRA FCLD008 TYPE C,Accessoire_General,FCLD008 TYPE C,1 300 DA,tablettte,0
e73471e1,D Link DWR M920 B1,Routeur_Modem,D Link DWR M920 B1,8 900 DA,el djazira culd012,0
51c3b694,D Tech Tablette D Tech 10,Tablette,Tablette D Tech 10,18 100 DA,tceh,1
87f8f1c1,D Link BOX Home M915V,Routeur_Modem,BOX Home M915V,9 100 DA,4g,1
451f693f,HOCO X85 Type C TO Type C,Accessoire_Audio,X85 Type C TO Type C,1 000 DA,x85,1
844c2ce6,D Tech Tablette D Tech 8,Tablette,Tablette D Tech 8,15 500 DA,accessoire audio,0
c34963c0,Revaleo LCH 219 MICRO USB,Accessoire_Charge,LCH 219 MICRO USB,1 100 DA,sub,1
e73471e1,D Link DWR M920 B1,Routeur_Modem,D Link DWR M920 B1,8 900 DA,4g,1
737d1d6b,ZTE NUBIA Neo2 5G,Smartphone,ZTE NUBIA Neo2 5G,49 900 DA,hoco ecouteuur,0
c8256303,ZTE BLADE A35,Smartphone,ZTE BLADE A35,17 900 DA,routeur modeem,0
5b33db8f,TCL HH40L1,Routeur_Modem,TCL HH40L1,8 690 DA,hh4l01,1
e73471e1,D Link DWR M920 B1,Routeur_Modem,D Link DWR M920 B1,8 900 DA,m9915v,0
844c2ce6,D Tech Tablette D Tech 8,Tablette,Tablette D Tech 8,15 500 DA,d tech tablette,0
b002ea00,HOCO CABLE SILICONE 3A X82,Accessoire_Audio,CABLE SILICONE 3A X82,1 500 DA,hoco,1
d4d94faf,HOCO ECOUTEUR EQ1,Accessoire_Audio,ECOUTEUR EQ1,2 950 DA,reevaleo,0
88e90c36,TECNO POVA 6,Smartphone,POVA 6,43 300 DA,car,0
e73471e1,D Link DWR M920 B1,Routeur_Modem,D Link DWR M920 B1,8 900 DA,4g,1
9cb292bd,D Tech Tablette D Tech 7,Tablette,Tablette D Tech 7,13 200 DA,ca82,0
e73471e1,D Link DWR M920 B1,Routeur_Modem,D Link DWR M920 B1,8 900 DA,revaleo,0
aedf3d03,D Link DWR M961,Routeur_Modem,D Link DWR M961,9 900 DA,m961,1
f5350ba5,D Link Clé 4G DWR 910M Wifi,Routeur_Modem,Clé 4G DWR 910M Wifi,4 500 DA,90m,1
87f8f1c1,D Link BOX Home M915V,Routeur_Modem,BOX Home M915V,9 100 DA,wifi,1
9cb292bd,D Tech Tablette D Tech 7,Tablette,Tablette D Tech 7,13 200 DA,mmicro,0
8193aed5,HOCO PWB 20 000 mah J52A,Accessoire_Audio,PWB 20 000 mah J52A,4 300 DA,hocoo pwb,1
82197887,ZTE NUBIA MUSIC POP ART,Smartphone,NUBIA MUSIC POP ART,25 500 DA,hoco,0
cdc65717,ZTE BLADE A75,Smartphone,ZTE BLADE A75,31 900 DA,mini,0
f5350ba5,D Link Clé 4G DWR 910M Wifi,Routeur_Modem,Clé 4G DWR 910M Wifi,4 500 DA,music,0
aedf3d03,D Link DWR M961,Routeur_Modem,D Link DWR M961,9 900 DA,d lnk,1
f207d538,ZTE Blade A55,Smartphone,Blade A55,20 900 DA,zte,1
aedf3d03,D Link DWR M961,Routeur_Modem,D Link DWR M961,9 900 DA,hoco écouteurs,0
4dc74c0b,HOCO CUP CAR HOLDER CA95,Accessoire_Audio,CUP CAR HOLDER CA95,1 800 DA,082,0
5b33db8f,TCL HH40L1,Routeur_Modem,TCL HH40L1,8 690 DA,able,0
87f8f1c1,D Link BOX Home M915V,Routeur_Modem,BOX Home M915V,9 100 DA,home,1
83ef63bb,Revaleo RCB 86 MICRO USB,Accessoire_Charge,RCB 86 MICRO USB,300 DA,usbb,0
c2089f87,HOCO QC3 0 C72Q TYPE C,Accessoire_Audio,QC3 0 C72Q TYPE C,1 100 DA,sporrt,0
a923c5fd,HOCO Écouteurs  EW27,Accessoire_Audio,Écouteurs  EW27,3 400 DA,neo2,0
5b33db8f,TCL HH40L1,Routeur_Modem,TCL HH40L1,8 690 DA,port,0
51c3b694,D Tech Tablette D Tech 10,Tablette,Tablette D Tech 10,18 100 DA,tbalette,1
87f8f1c1,D Link BOX Home M915V,Routeur_Modem,BOX Home M915V,9 100 DA,07,0
c8256303,ZTE BLADE A35,Smartphone,ZTE BLADE A35,17 900 DA,el djazira,0
6e7b5218,HOCO STEREO Earphones  M90,Accessoire_Audio,STEREO Earphones  M90,1 500 DA,tk80,0
e73471e1,D Link DWR M920 B1,Routeur_Modem,D Link DWR M920 B1,8 900 DA,lnk,1
87f8f1c1,D Link BOX Home M915V,Routeur_Modem,BOX Home M915V,9 100 DA,accessoire charge,0
844c2ce6,D Tech Tablette D Tech 8,Tablette,Tablette D Tech 8,15 500 DA,tech,1
df7a5817,D Link DWR G403,Routeur_Modem,D Link DWR G403,10 500 DA,link,1
51c3b694,D Tech Tablette D Tech 10,Tablette,Tablette D Tech 10,18 100 DA,d tech tablette,1
f5350ba5,D Link Clé 4G DWR 910M Wifi,Routeur_Modem,Clé 4G DWR 910M Wifi,4 500 DA,wfii,1
df7a5817,D Link DWR G403,Routeur_Modem,D Link DWR G403,10 500 DA,wifi,1
aedf3d03,D Link DWR M961,Routeur_Modem,D Link DWR M961,9 900 DA,wifi,1
51c3b694,D Tech Tablette D Tech 10,Tablette,Tablette D Tech 10,18 100 DA,revaleo,0
5b33db8f,TCL HH40L1,Routeur_Modem,TCL HH40L1,8 690 DA,wifi,1
aedf3d03,D Link DWR M961,Routeur_Modem,D Link DWR M961,9 900 DA,m961,1
2c6aa736,EL DJAZIRA CHARGEUR PSLD001,Accessoire_Charge,CHARGEUR PSLD001,2 690 DA,acccessoire charge,1
f5350ba5,D Link Clé 4G DWR 910M Wifi,Routeur_Modem,Clé 4G DWR 910M Wifi,4 500 DA,9910m,1
f207d538,ZTE Blade A55,Smartphone,Blade A55,20 900 DA,smarttphone,1
c18021dc,HOCO Charger QC3 0 C72Q,Accessoire_Audio,Charger QC3 0 C72Q,1 100 DA,d tech,0
2feb93aa,EL DJAZIRA CULD007 MICRO USB,Accessoire_Charge,CULD007 MICRO USB,450 DA,miicro,1
88e90c36,TECNO POVA 6,Smartphone,POVA 6,43 300 DA,tye,0
5b33db8f,TCL HH40L1,Routeur_Modem,TCL HH40L1,8 690 DA,m900,0
f5350ba5,D Link Clé 4G DWR 910M Wifi,Routeur_Modem,Clé 4G DWR 910M Wifi,4 500 DA,hoco,0
18b67eb7,EL DJAZIRA CABLE 3IN1 CULD015,Accessoire_Charge,CABLE 3IN1 CULD015,950 DA,el djazira,1
f5350ba5,D Link Clé 4G DWR 910M Wifi,Routeur_Modem,Clé 4G DWR 910M Wifi,4 500 DA,revaleo cabble,0
9129a21d,TECNO SPARK Go 1,Smartphone,SPARK Go 1,18 000 DA,revaleo,0
5b33db8f,TCL HH40L1,Routeur_Modem,TCL HH40L1,8 690 DA,tcl ctl,1
844c2ce6,D Tech Tablette D Tech 8,Tablette,Tablette D Tech 8,15 500 DA,type,0
e73471e1,D Link DWR M920 B1,Routeur_Modem,D Link DWR M920 B1,8 900 DA,ecouteur,0
6c3ac5c8,HOCO CAR FM Transmitter E59,Accessoire_Audio,CAR FM Transmitter E59,2 500 DA,accessoire audio,1
e73471e1,D Link DWR M920 B1,Routeur_Modem,D Link DWR M920 B1,8 900 DA,m920,1
737d1d6b,ZTE NUBIA Neo2 5G,Smartphone,ZTE NUBIA Neo2 5G,49 900 DA,zte,1
82197887,ZTE NUBIA MUSIC POP ART,Smartphone,NUBIA MUSIC POP ART,25 500 DA,at,1
f5350ba5,D Link Clé 4G DWR 910M Wifi,Routeur_Modem,Clé 4G DWR 910M Wifi,4 500 DA,eldjazira,0
df7a5817,D Link DWR G403,Routeur_Modem,D Link DWR G403,10 500 DA,ifi,1
844c2ce6,D Tech Tablette D Tech 8,Tablette,Tablette D Tech 8,15 500 DA,d  tech,1
c7197023,HOCO CAR HOLDER CA82,Accessoire_Audio,CAR HOLDER CA82,2 500 DA,accessoire audio,1
f5350ba5,D Link Clé 4G DWR 910M Wifi,Routeur_Modem,Clé 4G DWR 910M Wifi,4 500 DA,zte,0
18b67eb7,EL DJAZIRA CABLE 3IN1 CULD015,Accessoire_Charge,CABLE 3IN1 CULD015,950 DA,20,0
88e90c36,TECNO POVA 6,Smartphone,POVA 6,43 300 DA,noe2,0
c8256303,ZTE BLADE A35,Smartphone,ZTE BLADE A35,17 900 DA,hoco ca,0
c8256303,ZTE BLADE A35,Smartphone,ZTE BLADE A35,17 900 DA,zte zet,1
9129a21d,TECNO SPARK Go 1,Smartphone,SPARK Go 1,18 000 DA,fcld00,0
51c3b694,D Tech Tablette D Tech 10,Tablette,Tablette D Tech 10,18 100 DA,smartphone,0
844c2ce6,D Tech Tablette D Tech 8,Tablette,Tablette D Tech 8,15 500 DA,hoco écouteusr,0
9cb292bd,D Tech Tablette D Tech 7,Tablette,Tablette D Tech 7,13 200 DA,d  tech power,0
51c3b694,D Tech Tablette D Tech 10,Tablette,Tablette D Tech 10,18 100 DA,tceh,1
df7a5817,D Link DWR G403,Routeur_Modem,D Link DWR G403,10 500 DA,accessoier audio,0
9cb292bd,D Tech Tablette D Tech 7,Tablette,Tablette D Tech 7,13 200 DA,tk,0
51c3b694,D Tech Tablette D Tech 10,Tablette,Tablette D Tech 10,18 100 DA,tab,1
87f8f1c1,D Link BOX Home M915V,Routeur_Modem,BOX Home M915V,9 100 DA,m91v,1
5b33db8f,TCL HH40L1,Routeur_Modem,TCL HH40L1,8 690 DA,te zte,0
51c3b694,D Tech Tablette D Tech 10,Tablette,Tablette D Tech 10,18 100 DA,el djaziira fcld008,0
df7a5817,D Link DWR G403,Routeur_Modem,D Link DWR G403,10 500 DA,rrouteur modem,1
9cb292bd,D Tech Tablette D Tech 7,Tablette,Tablette D Tech 7,13 200 DA,el djazira culd010,0
844c2ce6,D Tech Tablette D Tech 8,Tablette,Tablette D Tech 8,15 500 DA,accessoire general,0
aedf3d03,D Link DWR M961,Routeur_Modem,D Link DWR M961,9 900 DA,accessoire audio,0
df7a5817,D Link DWR G403,Routeur_Modem,D Link DWR G403,10 500 DA,accesssoire audio,0
87f8f1c1,D Link BOX Home M915V,Routeur_Modem,BOX Home M915V,9 100 DA,d link,1
51c3b694,D Tech Tablette D Tech 10,Tablette,Tablette D Tech 10,18 100 DA,ttech,1
e73471e1,D Link DWR M920 B1,Routeur_Modem,D Link DWR M920 B1,8 900 DA,b1,1
41e04e2e,D Tech Power Bank DP15,Accessoire_General,Power Bank DP15,4 590 DA,hoco,0
5b33db8f,TCL HH40L1,Routeur_Modem,TCL HH40L1,8 690 DA,routeur modem,1
87f8f1c1,D Link BOX Home M915V,Routeur_Modem,BOX Home M915V,9 100 DA,4g,1
87f8f1c1,D Link BOX Home M915V,Routeur_Modem,BOX Home M915V,9 100 DA,tech,0
844c2ce6,D Tech Tablette D Tech 8,Tablette,Tablette D Tech 8,15 500 DA,tab,1
aedf3d03,D Link DWR M961,Routeur_Modem,D Link DWR M961,9 900 DA,usb,0
9cb292bd,D Tech Tablette D Tech 7,Tablette,Tablette D Tech 7,13 200 DA,culd105,0
737d1d6b,ZTE NUBIA Neo2 5G,Smartphone,ZTE NUBIA Neo2 5G,49 900 DA,neo2,1
51c3b694,D Tech Tablette D Tech 10,Tablette,Tablette D Tech 10,18 100 DA,10,1
a923c5fd,HOCO Écouteurs  EW27,Accessoire_Audio,Écouteurs  EW27,3 400 DA,hocoo,0
737d1d6b,ZTE NUBIA Neo2 5G,Smartphone,ZTE NUBIA Neo2 5G,49 900 DA,ip,0
41e04e2e,D Tech Power Bank DP15,Accessoire_General,Power Bank DP15,4 590 DA,d teech,1
df7a5817,D Link DWR G403,Routeur_Modem,D Link DWR G403,10 500 DA,qc3,0
b132d198,EL DJAZIRA FCLD013 MICRO USB,Accessoire_Charge,FCLD013 MICRO USB,950 DA,hoco x76,0
5b33db8f,TCL HH40L1,Routeur_Modem,TCL HH40L1,8 690 DA,chaarger,0
df7a5817,D Link DWR G403,Routeur_Modem,D Link DWR G403,10 500 DA,accessoireg eneral,0
87f8f1c1,D Link BOX Home M915V,Routeur_Modem,BOX Home M915V,9 100 DA,box,1
51c3b694,D Tech Tablette D Tech 10,Tablette,Tablette D Tech 10,18 100 DA,hoco,0
9cb292bd,D Tech Tablette D Tech 7,Tablette,Tablette D Tech 7,13 200 DA,miccro,0
54c80c44,EL DJAZIRA CHARGER FCLD008,Accessoire_General,CHARGER FCLD008,1 250 DA,power,0
844c2ce6,D Tech Tablette D Tech 8,Tablette,Tablette D Tech 8,15 500 DA,tech,1
844c2ce6,D Tech Tablette D Tech 8,Tablette,Tablette D Tech 8,15 500 DA,tab,1
5b33db8f,TCL HH40L1,Routeur_Modem,TCL HH40L1,8 690 DA,4g,1
f5350ba5,D Link Clé 4G DWR 910M Wifi,Routeur_Modem,Clé 4G DWR 910M Wifi,4 500 DA,clé,1
737d1d6b,ZTE NUBIA Neo2 5G,Smartphone,ZTE NUBIA Neo2 5G,49 900 DA,zt,1
f5350ba5,D Link Clé 4G DWR 910M Wifi,Routeur_Modem,Clé 4G DWR 910M Wifi,4 500 DA,d link,1
5b33db8f,TCL HH40L1,Routeur_Modem,TCL HH40L1,8 690 DA,imcro,0
87f8f1c1,D Link BOX Home M915V,Routeur_Modem,BOX Home M915V,9 100 DA,wfi,1
0ae3b7d8,ZTE BLADE V60 DESIGN,Smartphone,ZTE BLADE V60 DESIGN,32 900 DA,zte,1
87f8f1c1,D Link BOX Home M915V,Routeur_Modem,BOX Home M915V,9 100 DA,n13,0
c8256303,ZTE BLADE A35,Smartphone,ZTE BLADE A35,17 900 DA,zte,1
aedf3d03,D Link DWR M961,Routeur_Modem,D Link DWR M961,9 900 DA,d lik d,1
844c2ce6,D Tech Tablette D Tech 8,Tablette,Tablette D Tech 8,15 500 DA,d tech tablette,1
aedf3d03,D Link DWR M961,Routeur_Modem,D Link DWR M961,9 900 DA,4g,1
9cb292bd,D Tech Tablette D Tech 7,Tablette,Tablette D Tech 7,13 200 DA,micro,0
82197887,ZTE NUBIA MUSIC POP ART,Smartphone,NUBIA MUSIC POP ART,25 500 DA,ew2,0
87f8f1c1,D Link BOX Home M915V,Routeur_Modem,BOX Home M915V,9 100 DA,dl ink,1
0d43a74c,EL DJAZIRA MOUNTCHLD002,Accessoire_General,MOUNTCHLD002,950 DA,accessoire general,1
fb9408a7,EL DJAZIRA CULD 014 C TYPE C,Accessoire_General,CULD 014 C TYPE C,500 DA,ccld003,0
51c3b694,D Tech Tablette D Tech 10,Tablette,Tablette D Tech 10,18 100 DA,10,1
5b33db8f,TCL HH40L1,Routeur_Modem,TCL HH40L1,8 690 DA,tlc,1
54c4a777,HOCO Écouteurs  EW25,Accessoire_Audio,Écouteurs  EW25,2 550 DA,carger,0
844c2ce6,D Tech Tablette D Tech 8,Tablette,Tablette D Tech 8,15 500 DA, tech,1
f5350ba5,D Link Clé 4G DWR 910M Wifi,Routeur_Modem,Clé 4G DWR 910M Wifi,4 500 DA,wiffi,1
f207d538,ZTE Blade A55,Smartphone,Blade A55,20 900 DA,smartphoen,1
88e90c36,TECNO POVA 6,Smartphone,POVA 6,43 300 DA,etcno,1
503172d4,HOCO DUAL PORT C103A TYPE C,Accessoire_Audio,DUAL PORT C103A TYPE C,850 DA,4g,0
9cb292bd,D Tech Tablette D Tech 7,Tablette,Tablette D Tech 7,13 200 DA,culd002,0
aedf3d03,D Link DWR M961,Routeur_Modem,D Link DWR M961,9 900 DA,accessoire audio,0
e73471e1,D Link DWR M920 B1,Routeur_Modem,D Link DWR M920 B1,8 900 DA,type,0
df7a5817,D Link DWR G403,Routeur_Modem,D Link DWR G403,10 500 DA,hoco,0
0ae3b7d8,ZTE BLADE V60 DESIGN,Smartphone,ZTE BLADE V60 DESIGN,32 900 DA,smartphnoe,1
87f8f1c1,D Link BOX Home M915V,Routeur_Modem,BOX Home M915V,9 100 DA,ip,0
f5350ba5,D Link Clé 4G DWR 910M Wifi,Routeur_Modem,Clé 4G DWR 910M Wifi,4 500 DA,xx86,0
82197887,ZTE NUBIA MUSIC POP ART,Smartphone,NUBIA MUSIC POP ART,25 500 DA,music,1
e73471e1,D Link DWR M920 B1,Routeur_Modem,D Link DWR M920 B1,8 900 DA,accessoire geeral,0
51c3b694,D Tech Tablette D Tech 10,Tablette,Tablette D Tech 10,18 100 DA,mic,0
ed82fff0,HOCO Silicone 3A X86 Type C,Accessoire_Audio,Silicone 3A X86 Type C,1 200 DA,d tehc,0
51c3b694,D Tech Tablette D Tech 10,Tablette,Tablette D Tech 10,18 100 DA,ttech,1
844c2ce6,D Tech Tablette D Tech 8,Tablette,Tablette D Tech 8,15 500 DA,accessoire genreal,0
9cb292bd,D Tech Tablette D Tech 7,Tablette,Tablette D Tech 7,13 200 DA,tech,1
844c2ce6,D Tech Tablette D Tech 8,Tablette,Tablette D Tech 8,15 500 DA,cfld008,0
9cb292bd,D Tech Tablette D Tech 7,Tablette,Tablette D Tech 7,13 200 DA,routeur omdem,0
844c2ce6,D Tech Tablette D Tech 8,Tablette,Tablette D Tech 8,15 500 DA,tablette,1
9cb292bd,D Tech Tablette D Tech 7,Tablette,Tablette D Tech 7,13 200 DA,tec,1
c8256303,ZTE BLADE A35,Smartphone,ZTE BLADE A35,17 900 DA,el djazira culd010,0
df7a5817,D Link DWR G403,Routeur_Modem,D Link DWR G403,10 500 DA,wifi,1
9cb292bd,D Tech Tablette D Tech 7,Tablette,Tablette D Tech 7,13 200 DA,tch,1
9cb292bd,D Tech Tablette D Tech 7,Tablette,Tablette D Tech 7,13 200 DA,d tech tabltete,1
9cb292bd,D Tech Tablette D Tech 7,Tablette,Tablette D Tech 7,13 200 DA,able,0
df7a5817,D Link DWR G403,Routeur_Modem,D Link DWR G403,10 500 DA,link,1
87f8f1c1,D Link BOX Home M915V,Routeur_Modem,BOX Home M915V,9 100 DA,m915v,1
82197887,ZTE NUBIA MUSIC POP ART,Smartphone,NUBIA MUSIC POP ART,25 500 DA,powerr,0
6f27bb2d,EL DJAZIRA CULD012 TYPE C,Accessoire_General,CULD012 TYPE C,550 DA,hco,0
87f8f1c1,D Link BOX Home M915V,Routeur_Modem,BOX Home M915V,9 100 DA,wifi,1
4dc74c0b,HOCO CUP CAR HOLDER CA95,Accessoire_Audio,CUP CAR HOLDER CA95,1 800 DA,holder,1
87f8f1c1,D Link BOX Home M915V,Routeur_Modem,BOX Home M915V,9 100 DA,m951v,1
87f8f1c1,D Link BOX Home M915V,Routeur_Modem,BOX Home M915V,9 100 DA,mm915v,1
df7a5817,D Link DWR G403,Routeur_Modem,D Link DWR G403,10 500 DA,4g,1
aedf3d03,D Link DWR M961,Routeur_Modem,D Link DWR M961,9 900 DA,4g,1
df7a5817,D Link DWR G403,Routeur_Modem,D Link DWR G403,10 500 DA,link,1
aedf3d03,D Link DWR M961,Routeur_Modem,D Link DWR M961,9 900 DA,rvaleo rcb,0
df7a5817,D Link DWR G403,Routeur_Modem,D Link DWR G403,10 500 DA,3a,0
f5350ba5,D Link Clé 4G DWR 910M Wifi,Routeur_Modem,Clé 4G DWR 910M Wifi,4 500 DA,hhoco,0
51c3b694,D Tech Tablette D Tech 10,Tablette,Tablette D Tech 10,18 100 DA,tabb,1
aedf3d03,D Link DWR M961,Routeur_Modem,D Link DWR M961,9 900 DA,m961,1
aedf3d03,D Link DWR M961,Routeur_Modem,D Link DWR M961,9 900 DA,go,0
df7a5817,D Link DWR G403,Routeur_Modem,D Link DWR G403,10 500 DA,usb,0
e0afe04d,EL DJAZIRA CCLD 001C MICRO USB,Accessoire_Charge,CCLD 001C MICRO USB,1 300 DA,accessoire charge,1
844c2ce6,D Tech Tablette D Tech 8,Tablette,Tablette D Tech 8,15 500 DA,tabletet,1
f5350ba5,D Link Clé 4G DWR 910M Wifi,Routeur_Modem,Clé 4G DWR 910M Wifi,4 500 DA,accesoire charge,0
9cb292bd,D Tech Tablette D Tech 7,Tablette,Tablette D Tech 7,13 200 DA,el dazira,0
844c2ce6,D Tech Tablette D Tech 8,Tablette,Tablette D Tech 8,15 500 DA,linnk,0
e73471e1,D Link DWR M920 B1,Routeur_Modem,D Link DWR M920 B1,8 900 DA,type,0
cdc65717,ZTE BLADE A75,Smartphone,ZTE BLADE A75,31 900 DA,el ddjazira,0
737d1d6b,ZTE NUBIA Neo2 5G,Smartphone,ZTE NUBIA Neo2 5G,49 900 DA,psld001,0
5b33db8f,TCL HH40L1,Routeur_Modem,TCL HH40L1,8 690 DA,hoco,0
51c3b694,D Tech Tablette D Tech 10,Tablette,Tablette D Tech 10,18 100 DA,hoco pwb,0
e73471e1,D Link DWR M920 B1,Routeur_Modem,D Link DWR M920 B1,8 900 DA,accessoire charge,0
f5350ba5,D Link Clé 4G DWR 910M Wifi,Routeur_Modem,Clé 4G DWR 910M Wifi,4 500 DA,in,0
aedf3d03,D Link DWR M961,Routeur_Modem,D Link DWR M961,9 900 DA,lc,0
5b33db8f,TCL HH40L1,Routeur_Modem,TCL HH40L1,8 690 DA,accessoir general,0
88e90c36,TECNO POVA 6,Smartphone,POVA 6,43 300 DA,accessorie audio,0
f207d538,ZTE Blade A55,Smartphone,Blade A55,20 900 DA,hocco,0
5b33db8f,TCL HH40L1,Routeur_Modem,TCL HH40L1,8 690 DA,tcl tcl,1
15bce452,EL DJAZIRA CULD 004 S MICRO USB,Accessoire_Charge,CULD 004 S MICRO USB,600 DA,cr,0
9cb292bd,D Tech Tablette D Tech 7,Tablette,Tablette D Tech 7,13 200 DA,d tec tablette,1
b5d43017,EL DJAZIRA FCLD 002 S MICRO USB,Accessoire_Charge,FCLD 002 S MICRO USB,1 800 DA,el djazira,1
0e65439e,HOCO ES61 Mannersport,Accessoire_Audio,ES61 Mannersport,4 900 DA,tyep,0
5b33db8f,TCL HH40L1,Routeur_Modem,TCL HH40L1,8 690 DA,routeur mdem,1
51c3b694,D Tech Tablette D Tech 10,Tablette,Tablette D Tech 10,18 100 DA,ubs,0
17ec0241,HOCO TRUE  SPEAKER HC11,Accessoire_Audio,TRUE  SPEAKER HC11,3 500 DA,hc11,1
9cb292bd,D Tech Tablette D Tech 7,Tablette,Tablette D Tech 7,13 200 DA,tech,1
5b33db8f,TCL HH40L1,Routeur_Modem,TCL HH40L1,8 690 DA,tc,1
844c2ce6,D Tech Tablette D Tech 8,Tablette,Tablette D Tech 8,15 500 DA,earbbuds,0
f5350ba5,D Link Clé 4G DWR 910M Wifi,Routeur_Modem,Clé 4G DWR 910M Wifi,4 500 DA,wiif,1
b954095b,HOCO ECOUTEUR EQ2,Accessoire_Audio,ECOUTEUR EQ2,2 800 DA,hcoo,1
e0a8bc66,EL DJAZIRA CCULD009 MICRO USB,Accessoire_Charge,CCULD009 MICRO USB,500 DA,us,1
f5350ba5,D Link Clé 4G DWR 910M Wifi,Routeur_Modem,Clé 4G DWR 910M Wifi,4 500 DA,d link clé,1
5ee9df66,HOCO Magnetic U90 TYPE C,Accessoire_Audio,Magnetic U90 TYPE C,1 500 DA,ohme,0
88e90c36,TECNO POVA 6,Smartphone,POVA 6,43 300 DA,smartphoone,1
844c2ce6,D Tech Tablette D Tech 8,Tablette,Tablette D Tech 8,15 500 DA,accessoire general,0
aedf3d03,D Link DWR M961,Routeur_Modem,D Link DWR M961,9 900 DA,dwwr,1
f5350ba5,D Link Clé 4G DWR 910M Wifi,Routeur_Modem,Clé 4G DWR 910M Wifi,4 500 DA,routeur modem,1
aedf3d03,D Link DWR M961,Routeur_Modem,D Link DWR M961,9 900 DA,tablette,0
844c2ce6,D Tech Tablette D Tech 8,Tablette,Tablette D Tech 8,15 500 DA,d tech tablettte,1
87f8f1c1,D Link BOX Home M915V,Routeur_Modem,BOX Home M915V,9 100 DA,accessoire genearl,0
e73471e1,D Link DWR M920 B1,Routeur_Modem,D Link DWR M920 B1,8 900 DA,prt,0
f5350ba5,D Link Clé 4G DWR 910M Wifi,Routeur_Modem,Clé 4G DWR 910M Wifi,4 500 DA,drw,1
aedf3d03,D Link DWR M961,Routeur_Modem,D Link DWR M961,9 900 DA,smartphonne,0
e73471e1,D Link DWR M920 B1,Routeur_Modem,D Link DWR M920 B1,8 900 DA,smartphone,0
aedf3d03,D Link DWR M961,Routeur_Modem,D Link DWR M961,9 900 DA,revaleo,0
87f8f1c1,D Link BOX Home M915V,Routeur_Modem,BOX Home M915V,9 100 DA,h40l1,0
b954095b,HOCO ECOUTEUR EQ2,Accessoire_Audio,ECOUTEUR EQ2,2 800 DA,revaleeo,0
e73471e1,D Link DWR M920 B1,Routeur_Modem,D Link DWR M920 B1,8 900 DA,routeurm odem,1
c1f271a1,HOCO TRUE  SPEAKER HC4,Accessoire_Audio,TRUE  SPEAKER HC4,4 500 DA,accessore audio,1
844c2ce6,D Tech Tablette D Tech 8,Tablette,Tablette D Tech 8,15 500 DA,accessoire auido,0
9cb292bd,D Tech Tablette D Tech 7,Tablette,Tablette D Tech 7,13 200 DA,d tceh,1
9cb292bd,D Tech Tablette D Tech 7,Tablette,Tablette D Tech 7,13 200 DA,el djazira,0
5b33db8f,TCL HH40L1,Routeur_Modem,TCL HH40L1,8 690 DA,tlc tcl,1
82197887,ZTE NUBIA MUSIC POP ART,Smartphone,NUBIA MUSIC POP ART,25 500 DA,accessoire auudio,0
87f8f1c1,D Link BOX Home M915V,Routeur_Modem,BOX Home M915V,9 100 DA,rotueur modem,1
9cb292bd,D Tech Tablette D Tech 7,Tablette,Tablette D Tech 7,13 200 DA,tab,1
82197887,ZTE NUBIA MUSIC POP ART,Smartphone,NUBIA MUSIC POP ART,25 500 DA,ype,0
e73471e1,D Link DWR M920 B1,Routeur_Modem,D Link DWR M920 B1,8 900 DA,wifi,1
c8256303,ZTE BLADE A35,Smartphone,ZTE BLADE A35,17 900 DA,culd01,0
88e90c36,TECNO POVA 6,Smartphone,POVA 6,43 300 DA,pov,1
a923c5fd,HOCO Écouteurs  EW27,Accessoire_Audio,Écouteurs  EW27,3 400 DA,accessoire audio,1
e73471e1,D Link DWR M920 B1,Routeur_Modem,D Link DWR M920 B1,8 900 DA,routeur modem,1
2db25980,EL DJAZIRA FCLD012 MICRO USB,Accessoire_Charge,FCLD012 MICRO USB,1 850 DA,fcl,0
844c2ce6,D Tech Tablette D Tech 8,Tablette,Tablette D Tech 8,15 500 DA,d tech tablette,1
e73471e1,D Link DWR M920 B1,Routeur_Modem,D Link DWR M920 B1,8 900 DA,culd007,0
aedf3d03,D Link DWR M961,Routeur_Modem,D Link DWR M961,9 900 DA,el djazira culd,0
f207d538,ZTE Blade A55,Smartphone,Blade A55,20 900 DA,tpe,0
844c2ce6,D Tech Tablette D Tech 8,Tablette,Tablette D Tech 8,15 500 DA,el djazira fcld012,0
e73471e1,D Link DWR M920 B1,Routeur_Modem,D Link DWR M920 B1,8 900 DA,d link d,1
844c2ce6,D Tech Tablette D Tech 8,Tablette,Tablette D Tech 8,15 500 DA,accessoire aaudio,0
87f8f1c1,D Link BOX Home M915V,Routeur_Modem,BOX Home M915V,9 100 DA,wifii,1
aedf3d03,D Link DWR M961,Routeur_Modem,D Link DWR M961,9 900 DA,d lik d,1
844c2ce6,D Tech Tablette D Tech 8,Tablette,Tablette D Tech 8,15 500 DA,accessoire general,0
e73471e1,D Link DWR M920 B1,Routeur_Modem,D Link DWR M920 B1,8 900 DA,z40,0
f5350ba5,D Link Clé 4G DWR 910M Wifi,Routeur_Modem,Clé 4G DWR 910M Wifi,4 500 DA,d link,1
737d1d6b,ZTE NUBIA Neo2 5G,Smartphone,ZTE NUBIA Neo2 5G,49 900 DA,zte,1
51c3b694,D Tech Tablette D Tech 10,Tablette,Tablette D Tech 10,18 100 DA,tk,0
f5350ba5,D Link Clé 4G DWR 910M Wifi,Routeur_Modem,Clé 4G DWR 910M Wifi,4 500 DA,el djazira culd0022,0
e73471e1,D Link DWR M920 B1,Routeur_Modem,D Link DWR M920 B1,8 900 DA,routeu modem,1
348d2281,HOCO ES51 Era sport earphone,Accessoire_Audio,ES51 Era sport earphone,3 500 DA,era,1
f5350ba5,D Link Clé 4G DWR 910M Wifi,Routeur_Modem,Clé 4G DWR 910M Wifi,4 500 DA,accessoire audio,0
87f8f1c1,D Link BOX Home M915V,Routeur_Modem,BOX Home M915V,9 100 DA,m9115v,1
9cb292bd,D Tech Tablette D Tech 7,Tablette,Tablette D Tech 7,13 200 DA,tecch,1
5b33db8f,TCL HH40L1,Routeur_Modem,TCL HH40L1,8 690 DA,14,0
aedf3d03,D Link DWR M961,Routeur_Modem,D Link DWR M961,9 900 DA,el djazira fcl008,0
737d1d6b,ZTE NUBIA Neo2 5G,Smartphone,ZTE NUBIA Neo2 5G,49 900 DA,el djazira fcld013,0
87f8f1c1,D Link BOX Home M915V,Routeur_Modem,BOX Home M915V,9 100 DA,hhome,1
cdc65717,ZTE BLADE A75,Smartphone,ZTE BLADE A75,31 900 DA,dp15,0
87f8f1c1,D Link BOX Home M915V,Routeur_Modem,BOX Home M915V,9 100 DA,c110a,0
5b33db8f,TCL HH40L1,Routeur_Modem,TCL HH40L1,8 690 DA,hoco ecouteur,0
5b33db8f,TCL HH40L1,Routeur_Modem,TCL HH40L1,8 690 DA,hh400l1,1
0e65439e,HOCO ES61 Mannersport,Accessoire_Audio,ES61 Mannersport,4 900 DA,accessoire audio,1
844c2ce6,D Tech Tablette D Tech 8,Tablette,Tablette D Tech 8,15 500 DA,tblette,1
51c3b694,D Tech Tablette D Tech 10,Tablette,Tablette D Tech 10,18 100 DA,rvealeo,0
87f8f1c1,D Link BOX Home M915V,Routeur_Modem,BOX Home M915V,9 100 DA,home,1
5b33db8f,TCL HH40L1,Routeur_Modem,TCL HH40L1,8 690 DA,4g,1
f5350ba5,D Link Clé 4G DWR 910M Wifi,Routeur_Modem,Clé 4G DWR 910M Wifi,4 500 DA,el djazira fcld012,0
f5350ba5,D Link Clé 4G DWR 910M Wifi,Routeur_Modem,Clé 4G DWR 910M Wifi,4 500 DA,usb,0
451f693f,HOCO X85 Type C TO Type C,Accessoire_Audio,X85 Type C TO Type C,1 000 DA,9m0,0
e73471e1,D Link DWR M920 B1,Routeur_Modem,D Link DWR M920 B1,8 900 DA,4g,0
df7a5817,D Link DWR G403,Routeur_Modem,D Link DWR G403,10 500 DA,accessoire audio,0
df7a5817,D Link DWR G403,Routeur_Modem,D Link DWR G403,10 500 DA,g43,1
87f8f1c1,D Link BOX Home M915V,Routeur_Modem,BOX Home M915V,9 100 DA,d lnk,1
87f8f1c1,D Link BOX Home M915V,Routeur_Modem,BOX Home M915V,9 100 DA,wii,1
aedf3d03,D Link DWR M961,Routeur_Modem,D Link DWR M961,9 900 DA,lin,1
5b33db8f,TCL HH40L1,Routeur_Modem,TCL HH40L1,8 690 DA,cl,1
51c3b694,D Tech Tablette D Tech 10,Tablette,Tablette D Tech 10,18 100 DA,3a,0
5b33db8f,TCL HH40L1,Routeur_Modem,TCL HH40L1,8 690 DA,hh40l1,1
51c3b694,D Tech Tablette D Tech 10,Tablette,Tablette D Tech 10,18 100 DA,etch,1
9129a21d,TECNO SPARK Go 1,Smartphone,SPARK Go 1,18 000 DA,tecno spark,1
df7a5817,D Link DWR G403,Routeur_Modem,D Link DWR G403,10 500 DA,accessoire general,0
ed82fff0,HOCO Silicone 3A X86 Type C,Accessoire_Audio,Silicone 3A X86 Type C,1 200 DA,x86,1
9cb292bd,D Tech Tablette D Tech 7,Tablette,Tablette D Tech 7,13 200 DA,cable,0
f207d538,ZTE Blade A55,Smartphone,Blade A55,20 900 DA,revaleo lch,0
82197887,ZTE NUBIA MUSIC POP ART,Smartphone,NUBIA MUSIC POP ART,25 500 DA,accessoirea udio,0
df7a5817,D Link DWR G403,Routeur_Modem,D Link DWR G403,10 500 DA,accessorie audio,0
df7a5817,D Link DWR G403,Routeur_Modem,D Link DWR G403,10 500 DA,type,0
f207d538,ZTE Blade A55,Smartphone,Blade A55,20 900 DA,zt,1
e73471e1,D Link DWR M920 B1,Routeur_Modem,D Link DWR M920 B1,8 900 DA,hoco,0
d6acdc94,EL DJAZIRA FCLD010 TYPE C,Accessoire_General,FCLD010 TYPE C,1 350 DA,fcld100,1
df7a5817,D Link DWR G403,Routeur_Modem,D Link DWR G403,10 500 DA,g403,1
5b33db8f,TCL HH40L1,Routeur_Modem,TCL HH40L1,8 690 DA,accessoire generla,0
f5350ba5,D Link Clé 4G DWR 910M Wifi,Routeur_Modem,Clé 4G DWR 910M Wifi,4 500 DA,dwr,1
f9d627ef,HOCO METAL HOLDER CA56,Accessoire_Audio,METAL HOLDER CA56,1 400 DA,prot,0
aedf3d03,D Link DWR M961,Routeur_Modem,D Link DWR M961,9 900 DA,m961,1
9cb292bd,D Tech Tablette D Tech 7,Tablette,Tablette D Tech 7,13 200 DA,accessoire charge,0
737d1d6b,ZTE NUBIA Neo2 5G,Smartphone,ZTE NUBIA Neo2 5G,49 900 DA,z40,0
5b33db8f,TCL HH40L1,Routeur_Modem,TCL HH40L1,8 690 DA,ucld,0
aedf3d03,D Link DWR M961,Routeur_Modem,D Link DWR M961,9 900 DA,rtc,0
aedf3d03,D Link DWR M961,Routeur_Modem,D Link DWR M961,9 900 DA,likn,0
9dd6883e,HOCO Silicone 2 4A  X86 IP,Accessoire_Audio,Silicone 2 4A  X86 IP,1 200 DA,hoco silicone,1
e73471e1,D Link DWR M920 B1,Routeur_Modem,D Link DWR M920 B1,8 900 DA,in,0
5b33db8f,TCL HH40L1,Routeur_Modem,TCL HH40L1,8 690 DA,tcl tcl,1
82197887,ZTE NUBIA MUSIC POP ART,Smartphone,NUBIA MUSIC POP ART,25 500 DA,culd,0
9cb292bd,D Tech Tablette D Tech 7,Tablette,Tablette D Tech 7,13 200 DA,accessoire chage,0
5b33db8f,TCL HH40L1,Routeur_Modem,TCL HH40L1,8 690 DA,tcl tcl,1
aedf3d03,D Link DWR M961,Routeur_Modem,D Link DWR M961,9 900 DA,hoo,0
9cb292bd,D Tech Tablette D Tech 7,Tablette,Tablette D Tech 7,13 200 DA,teh,1
51c3b694,D Tech Tablette D Tech 10,Tablette,Tablette D Tech 10,18 100 DA,tablete,1
87f8f1c1,D Link BOX Home M915V,Routeur_Modem,BOX Home M915V,9 100 DA,lhc,0
87f8f1c1,D Link BOX Home M915V,Routeur_Modem,BOX Home M915V,9 100 DA,hoome,1
a1b76c05,EL DJAZIRA FCLD010 MICRO USB,Accessoire_Charge,FCLD010 MICRO USB,1 300 DA,accessoire general,0
844c2ce6,D Tech Tablette D Tech 8,Tablette,Tablette D Tech 8,15 500 DA,e62,0
f5350ba5,D Link Clé 4G DWR 910M Wifi,Routeur_Modem,Clé 4G DWR 910M Wifi,4 500 DA,micro,0
d944ef59,Revaleo LCH 082 MICRO USB,Accessoire_Charge,LCH 082 MICRO USB,1 250 DA,uusb,1
aedf3d03,D Link DWR M961,Routeur_Modem,D Link DWR M961,9 900 DA,4g,1
844c2ce6,D Tech Tablette D Tech 8,Tablette,Tablette D Tech 8,15 500 DA,tech,1
aedf3d03,D Link DWR M961,Routeur_Modem,D Link DWR M961,9 900 DA,el djazia,0
8fa3eb17,Revaleo RTC 004 TYPE C,Accessoire_General,RTC 004 TYPE C,900 DA,hoco,0
026e501d,Revaleo RCB 003 MICRO USB,Accessoire_Charge,RCB 003 MICRO USB,500 DA,10m,0
88e90c36,TECNO POVA 6,Smartphone,POVA 6,43 300 DA,typpe,0
c8256303,ZTE BLADE A35,Smartphone,ZTE BLADE A35,17 900 DA,micro,0
e73471e1,D Link DWR M920 B1,Routeur_Modem,D Link DWR M920 B1,8 900 DA,écoouteurs,0
51c3b694,D Tech Tablette D Tech 10,Tablette,Tablette D Tech 10,18 100 DA,xx88,0
9cb292bd,D Tech Tablette D Tech 7,Tablette,Tablette D Tech 7,13 200 DA,lch,0
f207d538,ZTE Blade A55,Smartphone,Blade A55,20 900 DA,zet,1
aedf3d03,D Link DWR M961,Routeur_Modem,D Link DWR M961,9 900 DA,d link,1
82197887,ZTE NUBIA MUSIC POP ART,Smartphone,NUBIA MUSIC POP ART,25 500 DA,culd009,0
9129a21d,TECNO SPARK Go 1,Smartphone,SPARK Go 1,18 000 DA,smartphonee,1
aedf3d03,D Link DWR M961,Routeur_Modem,D Link DWR M961,9 900 DA,q4,0
f5350ba5,D Link Clé 4G DWR 910M Wifi,Routeur_Modem,Clé 4G DWR 910M Wifi,4 500 DA,routeur moem,1
5b33db8f,TCL HH40L1,Routeur_Modem,TCL HH40L1,8 690 DA,hoco,0
87f8f1c1,D Link BOX Home M915V,Routeur_Modem,BOX Home M915V,9 100 DA,rcb,0
844c2ce6,D Tech Tablette D Tech 8,Tablette,Tablette D Tech 8,15 500 DA,d techtablette,1
f5350ba5,D Link Clé 4G DWR 910M Wifi,Routeur_Modem,Clé 4G DWR 910M Wifi,4 500 DA,el djaira fcld010,0
f207d538,ZTE Blade A55,Smartphone,Blade A55,20 900 DA,a55,1
87f8f1c1,D Link BOX Home M915V,Routeur_Modem,BOX Home M915V,9 100 DA,revaleeo,0
5b33db8f,TCL HH40L1,Routeur_Modem,TCL HH40L1,8 690 DA,4g,1
e73471e1,D Link DWR M920 B1,Routeur_Modem,D Link DWR M920 B1,8 900 DA,4g,1
964f844a,D Tech Power Bank DPC65,Accessoire_General,Power Bank DPC65,7 990 DA,ell djazira culd002,0
737d1d6b,ZTE NUBIA Neo2 5G,Smartphone,ZTE NUBIA Neo2 5G,49 900 DA,el djazzira,0
9cb292bd,D Tech Tablette D Tech 7,Tablette,Tablette D Tech 7,13 200 DA,tablette,1
51c3b694,D Tech Tablette D Tech 10,Tablette,Tablette D Tech 10,18 100 DA,tba,1
aedf3d03,D Link DWR M961,Routeur_Modem,D Link DWR M961,9 900 DA,accessoire generl,0
9129a21d,TECNO SPARK Go 1,Smartphone,SPARK Go 1,18 000 DA,spark,1
844c2ce6,D Tech Tablette D Tech 8,Tablette,Tablette D Tech 8,15 500 DA,accessoiree charge,0
87f8f1c1,D Link BOX Home M915V,Routeur_Modem,BOX Home M915V,9 100 DA,smartphone,0
82197887,ZTE NUBIA MUSIC POP ART,Smartphone,NUBIA MUSIC POP ART,25 500 DA,smartphone,1
df7a5817,D Link DWR G403,Routeur_Modem,D Link DWR G403,10 500 DA,m0,0
5b33db8f,TCL HH40L1,Routeur_Modem,TCL HH40L1,8 690 DA,m1,0
df7a5817,D Link DWR G403,Routeur_Modem,D Link DWR G403,10 500 DA,86,0
0ae3b7d8,ZTE BLADE V60 DESIGN,Smartphone,ZTE BLADE V60 DESIGN,32 900 DA,ssmartphone,1
30887e16,Revaleo LCH 086 QC3 3A TYPE C,Accessoire_General,LCH 086 QC3 3A TYPE C,1 250 DA,ytpe,1
6e7b5218,HOCO STEREO Earphones  M90,Accessoire_Audio,STEREO Earphones  M90,1 500 DA,hocco stereo,1
9cb292bd,D Tech Tablette D Tech 7,Tablette,Tablette D Tech 7,13 200 DA,hoco metal,0
51c3b694,D Tech Tablette D Tech 10,Tablette,Tablette D Tech 10,18 100 DA,tecno,0
87f8f1c1,D Link BOX Home M915V,Routeur_Modem,BOX Home M915V,9 100 DA,uusb,0
9700a48e,EL DJAZIRA CAR MOUNTCHLD001  DV,Accessoire_Auto,CAR MOUNTCHLD001  DV,850 DA,el djazira,1
2157f1b5,Revaleo TK80 QC3 TYPE C,Accessoire_General,TK80 QC3 TYPE C,800 DA,accessoire general,0
e0a8bc66,EL DJAZIRA CCULD009 MICRO USB,Accessoire_Charge,CCULD009 MICRO USB,500 DA,micro,0
aedf3d03,D Link DWR M961,Routeur_Modem,D Link DWR M961,9 900 DA,miro,0
d6acdc94,EL DJAZIRA FCLD010 TYPE C,Accessoire_General,FCLD010 TYPE C,1 350 DA,écouteurs,0
9cb292bd,D Tech Tablette D Tech 7,Tablette,Tablette D Tech 7,13 200 DA,revaleo lc,0
0ae3b7d8,ZTE BLADE V60 DESIGN,Smartphone,ZTE BLADE V60 DESIGN,32 900 DA,v06,1
18b67eb7,EL DJAZIRA CABLE 3IN1 CULD015,Accessoire_Charge,CABLE 3IN1 CULD015,950 DA,d techpower,0
aedf3d03,D Link DWR M961,Routeur_Modem,D Link DWR M961,9 900 DA,a35,0
f5350ba5,D Link Clé 4G DWR 910M Wifi,Routeur_Modem,Clé 4G DWR 910M Wifi,4 500 DA,d linnk,1
cdc65717,ZTE BLADE A75,Smartphone,ZTE BLADE A75,31 900 DA,accessoire general,0
0e65439e,HOCO ES61 Mannersport,Accessoire_Audio,ES61 Mannersport,4 900 DA,charger,0
df7a5817,D Link DWR G403,Routeur_Modem,D Link DWR G403,10 500 DA,bnk,0
df7a5817,D Link DWR G403,Routeur_Modem,D Link DWR G403,10 500 DA,link,1
30887e16,Revaleo LCH 086 QC3 3A TYPE C,Accessoire_General,LCH 086 QC3 3A TYPE C,1 250 DA,qc3,1
aedf3d03,D Link DWR M961,Routeur_Modem,D Link DWR M961,9 900 DA,el djazira fcld0133,0
df7a5817,D Link DWR G403,Routeur_Modem,D Link DWR G403,10 500 DA,g403,1
2c6aa736,EL DJAZIRA CHARGEUR PSLD001,Accessoire_Charge,CHARGEUR PSLD001,2 690 DA,el djazira,1
51ebb54c,HOCO Cable Silicone 3A X82IP,Accessoire_Audio,Cable Silicone 3A X82IP,1 500 DA,cable,1
bdf8217c,HOCO Écouteurs M1 PRO,Accessoire_Audio,Écouteurs M1 PRO,1 500 DA,el djazra cculd009,0
df7a5817,D Link DWR G403,Routeur_Modem,D Link DWR G403,10 500 DA,dp1,0
88e90c36,TECNO POVA 6,Smartphone,POVA 6,43 300 DA,ssmartphone,1
9cb292bd,D Tech Tablette D Tech 7,Tablette,Tablette D Tech 7,13 200 DA,ttech,1
f5350ba5,D Link Clé 4G DWR 910M Wifi,Routeur_Modem,Clé 4G DWR 910M Wifi,4 500 DA,4g,1
a4701ff6,HOCO CABLE 3A X86 TYPE C,Accessoire_Audio,CABLE 3A X86 TYPE C,1 200 DA,fcld008,0
51c3b694,D Tech Tablette D Tech 10,Tablette,Tablette D Tech 10,18 100 DA,tba,1
9cb292bd,D Tech Tablette D Tech 7,Tablette,Tablette D Tech 7,13 200 DA,el djaziira,0
87f8f1c1,D Link BOX Home M915V,Routeur_Modem,BOX Home M915V,9 100 DA,m961,0
ba552b41,HOCO C101A TYPE C TO IP,Accessoire_Audio,C101A TYPE C TO IP,2 700 DA,el djzaira,0
e73471e1,D Link DWR M920 B1,Routeur_Modem,D Link DWR M920 B1,8 900 DA,ucld015,0
35491815,HOCO Écouteurs M1 Max IP,Accessoire_Audio,Écouteurs M1 Max IP,2 200 DA,rtc,0
c74b49e7,EL DJAZIRA CULD007 TYPE C,Accessoire_General,CULD007 TYPE C,500 DA,revaleeo,0
d69c72b8,Revaleo RTC 004 MICRO USB,Accessoire_Charge,RTC 004 MICRO USB,800 DA,el djazira,0
844c2ce6,D Tech Tablette D Tech 8,Tablette,Tablette D Tech 8,15 500 DA,tabletet,1
f5350ba5,D Link Clé 4G DWR 910M Wifi,Routeur_Modem,Clé 4G DWR 910M Wifi,4 500 DA,revleo,0
0ae3b7d8,ZTE BLADE V60 DESIGN,Smartphone,ZTE BLADE V60 DESIGN,32 900 DA,75,0
a47989bd,EL DJAZIRA CCULD009 TYPE C,Accessoire_General,CCULD009 TYPE C,550 DA,hoco ecouteur,0
503172d4,HOCO DUAL PORT C103A TYPE C,Accessoire_Audio,DUAL PORT C103A TYPE C,850 DA,75,0
87f8f1c1,D Link BOX Home M915V,Routeur_Modem,BOX Home M915V,9 100 DA,4g,1
9cb292bd,D Tech Tablette D Tech 7,Tablette,Tablette D Tech 7,13 200 DA,tpe,0
fb9d4c38,EL DJAZIRA FCLD013 TYPE C,Accessoire_General,FCLD013 TYPE C,1 000 DA,micro,0
9129a21d,TECNO SPARK Go 1,Smartphone,SPARK Go 1,18 000 DA,go,1
e73471e1,D Link DWR M920 B1,Routeur_Modem,D Link DWR M920 B1,8 900 DA,usb,0
2dda0e31,Revaleo RCB 005 MICRO USB,Accessoire_Charge,RCB 005 MICRO USB,400 DA,accessoire charge,1
e73471e1,D Link DWR M920 B1,Routeur_Modem,D Link DWR M920 B1,8 900 DA,d lnik,1
f5350ba5,D Link Clé 4G DWR 910M Wifi,Routeur_Modem,Clé 4G DWR 910M Wifi,4 500 DA,0001c,0
aedf3d03,D Link DWR M961,Routeur_Modem,D Link DWR M961,9 900 DA,hooc,0
5ee9df66,HOCO Magnetic U90 TYPE C,Accessoire_Audio,Magnetic U90 TYPE C,1 500 DA,accessoire audio,1
87f8f1c1,D Link BOX Home M915V,Routeur_Modem,BOX Home M915V,9 100 DA,ip,0
737d1d6b,ZTE NUBIA Neo2 5G,Smartphone,ZTE NUBIA Neo2 5G,49 900 DA,cable,0
aedf3d03,D Link DWR M961,Routeur_Modem,D Link DWR M961,9 900 DA,cculd009,0
4310cc39,HOCO Chargeur N13 Type C TO IP,Accessoire_Audio,Chargeur N13 Type C TO IP,3 800 DA,accessoire general,0
d1abf471,HOCO Dual Port C88A MICRO,Accessoire_Audio,Dual Port C88A MICRO,900 DA,hoco dal,1
9cb292bd,D Tech Tablette D Tech 7,Tablette,Tablette D Tech 7,13 200 DA,d tech,1
cdc65717,ZTE BLADE A75,Smartphone,ZTE BLADE A75,31 900 DA,smartpohne,1
87f8f1c1,D Link BOX Home M915V,Routeur_Modem,BOX Home M915V,9 100 DA,d ink box,1
51c3b694,D Tech Tablette D Tech 10,Tablette,Tablette D Tech 10,18 100 DA,accessoiire audio,0
e73471e1,D Link DWR M920 B1,Routeur_Modem,D Link DWR M920 B1,8 900 DA,link,1
9129a21d,TECNO SPARK Go 1,Smartphone,SPARK Go 1,18 000 DA,go,1
f5350ba5,D Link Clé 4G DWR 910M Wifi,Routeur_Modem,Clé 4G DWR 910M Wifi,4 500 DA,cabl,0
e73471e1,D Link DWR M920 B1,Routeur_Modem,D Link DWR M920 B1,8 900 DA,4g,1
5b33db8f,TCL HH40L1,Routeur_Modem,TCL HH40L1,8 690 DA,smartphone,0
9cb292bd,D Tech Tablette D Tech 7,Tablette,Tablette D Tech 7,13 200 DA,smartphone,0
844c2ce6,D Tech Tablette D Tech 8,Tablette,Tablette D Tech 8,15 500 DA,balde,0
c74b49e7,EL DJAZIRA CULD007 TYPE C,Accessoire_General,CULD007 TYPE C,500 DA,accessoire geeneral,1
87f8f1c1,D Link BOX Home M915V,Routeur_Modem,BOX Home M915V,9 100 DA,x6,0
5b33db8f,TCL HH40L1,Routeur_Modem,TCL HH40L1,8 690 DA,accessoire general,0
51c3b694,D Tech Tablette D Tech 10,Tablette,Tablette D Tech 10,18 100 DA,accessoire charge,0
f5350ba5,D Link Clé 4G DWR 910M Wifi,Routeur_Modem,Clé 4G DWR 910M Wifi,4 500 DA,smartphone,0
344c9a11,EL DJAZIRA FCLD012 TYPE C,Accessoire_General,FCLD012 TYPE C,1 900 DA,tyep,1
964f844a,D Tech Power Bank DPC65,Accessoire_General,Power Bank DPC65,7 990 DA,us,0
9cb292bd,D Tech Tablette D Tech 7,Tablette,Tablette D Tech 7,13 200 DA,hoco,0
15f29a3c,Revaleo RCC 004 TYPE C,Accessoire_General,RCC 004 TYPE C,900 DA,rcc,1
f5350ba5,D Link Clé 4G DWR 910M Wifi,Routeur_Modem,Clé 4G DWR 910M Wifi,4 500 DA,9910m,1
5b33db8f,TCL HH40L1,Routeur_Modem,TCL HH40L1,8 690 DA,4g,1
f207d538,ZTE Blade A55,Smartphone,Blade A55,20 900 DA,004,0
5b33db8f,TCL HH40L1,Routeur_Modem,TCL HH40L1,8 690 DA,tcl tcl,1
f5350ba5,D Link Clé 4G DWR 910M Wifi,Routeur_Modem,Clé 4G DWR 910M Wifi,4 500 DA,m1,0
9129a21d,TECNO SPARK Go 1,Smartphone,SPARK Go 1,18 000 DA,sprak,1
51c3b694,D Tech Tablette D Tech 10,Tablette,Tablette D Tech 10,18 100 DA,el djazira culd007,0
322ad3aa,EL DJAZIRA CULD002 MICRO USB,Accessoire_Charge,CULD002 MICRO USB,600 DA,hocco,0
51c3b694,D Tech Tablette D Tech 10,Tablette,Tablette D Tech 10,18 100 DA,10,1
87f8f1c1,D Link BOX Home M915V,Routeur_Modem,BOX Home M915V,9 100 DA,m15v,1
87f8f1c1,D Link BOX Home M915V,Routeur_Modem,BOX Home M915V,9 100 DA,dlink box,1
df7a5817,D Link DWR G403,Routeur_Modem,D Link DWR G403,10 500 DA,ecouteur,0
82197887,ZTE NUBIA MUSIC POP ART,Smartphone,NUBIA MUSIC POP ART,25 500 DA,x86,0
2dda0e31,Revaleo RCB 005 MICRO USB,Accessoire_Charge,RCB 005 MICRO USB,400 DA,usb,1
f5350ba5,D Link Clé 4G DWR 910M Wifi,Routeur_Modem,Clé 4G DWR 910M Wifi,4 500 DA,at,0
41825058,Revaleo EARBUDS REVALEO V6,Accessoire_Audio,EARBUDS REVALEO V6,6 500 DA,earbus,1
9cb292bd,D Tech Tablette D Tech 7,Tablette,Tablette D Tech 7,13 200 DA,d tech,1
aedf3d03,D Link DWR M961,Routeur_Modem,D Link DWR M961,9 900 DA, dlink,1
df7a5817,D Link DWR G403,Routeur_Modem,D Link DWR G403,10 500 DA,smatphone,0
f5350ba5,D Link Clé 4G DWR 910M Wifi,Routeur_Modem,Clé 4G DWR 910M Wifi,4 500 DA,d link,1
844c2ce6,D Tech Tablette D Tech 8,Tablette,Tablette D Tech 8,15 500 DA,d teech,1
844c2ce6,D Tech Tablette D Tech 8,Tablette,Tablette D Tech 8,15 500 DA,qqc3,0
51c3b694,D Tech Tablette D Tech 10,Tablette,Tablette D Tech 10,18 100 DA,tablette,1
5b33db8f,TCL HH40L1,Routeur_Modem,TCL HH40L1,8 690 DA,tcl,1
df7a5817,D Link DWR G403,Routeur_Modem,D Link DWR G403,10 500 DA,usb,0
5e834565,Revaleo TK80 QC3 MICRO USB,Accessoire_Charge,TK80 QC3 MICRO USB,800 DA,accessoire charge,0
9dd6883e,HOCO Silicone 2 4A  X86 IP,Accessoire_Audio,Silicone 2 4A  X86 IP,1 200 DA,hoco,1
c8256303,ZTE BLADE A35,Smartphone,ZTE BLADE A35,17 900 DA,nubia,0
87f8f1c1,D Link BOX Home M915V,Routeur_Modem,BOX Home M915V,9 100 DA,d tech,0
844c2ce6,D Tech Tablette D Tech 8,Tablette,Tablette D Tech 8,15 500 DA,ech,1
cdc65717,ZTE BLADE A75,Smartphone,ZTE BLADE A75,31 900 DA,accessoire auddio,0
e84c1001,EL DJAZIRA AUX 3 5 CAULD001  DV,Accessoire_General,AUX 3 5 CAULD001  DV,500 DA,el djazira,0
f5350ba5,D Link Clé 4G DWR 910M Wifi,Routeur_Modem,Clé 4G DWR 910M Wifi,4 500 DA,dwrr,1
322ad3aa,EL DJAZIRA CULD002 MICRO USB,Accessoire_Charge,CULD002 MICRO USB,600 DA,e ldjazira culd002,1
844c2ce6,D Tech Tablette D Tech 8,Tablette,Tablette D Tech 8,15 500 DA,tecch,1
df7a5817,D Link DWR G403,Routeur_Modem,D Link DWR G403,10 500 DA,d link,1
87f8f1c1,D Link BOX Home M915V,Routeur_Modem,BOX Home M915V,9 100 DA,d link,1
9cb292bd,D Tech Tablette D Tech 7,Tablette,Tablette D Tech 7,13 200 DA,accessoire audio,0
82197887,ZTE NUBIA MUSIC POP ART,Smartphone,NUBIA MUSIC POP ART,25 500 DA,pop,1
f5350ba5,D Link Clé 4G DWR 910M Wifi,Routeur_Modem,Clé 4G DWR 910M Wifi,4 500 DA,dd link,1
51c3b694,D Tech Tablette D Tech 10,Tablette,Tablette D Tech 10,18 100 DA,el djaizra fcld010,0
844c2ce6,D Tech Tablette D Tech 8,Tablette,Tablette D Tech 8,15 500 DA,accessoire geeneral,0
9cb292bd,D Tech Tablette D Tech 7,Tablette,Tablette D Tech 7,13 200 DA,hcoo,0
df7a5817,D Link DWR G403,Routeur_Modem,D Link DWR G403,10 500 DA,d llink,1
df7a5817,D Link DWR G403,Routeur_Modem,D Link DWR G403,10 500 DA,wifi,1
844c2ce6,D Tech Tablette D Tech 8,Tablette,Tablette D Tech 8,15 500 DA,el djzaira fcld,0
e73471e1,D Link DWR M920 B1,Routeur_Modem,D Link DWR M920 B1,8 900 DA,routeur modem,1
f5350ba5,D Link Clé 4G DWR 910M Wifi,Routeur_Modem,Clé 4G DWR 910M Wifi,4 500 DA,el djazia,0
5b33db8f,TCL HH40L1,Routeur_Modem,TCL HH40L1,8 690 DA,routeur odem,0
9129a21d,TECNO SPARK Go 1,Smartphone,SPARK Go 1,18 000 DA,smartphonee,1
aedf3d03,D Link DWR M961,Routeur_Modem,D Link DWR M961,9 900 DA,el djaziar,0
f5350ba5,D Link Clé 4G DWR 910M Wifi,Routeur_Modem,Clé 4G DWR 910M Wifi,4 500 DA,d link clé,1
e73471e1,D Link DWR M920 B1,Routeur_Modem,D Link DWR M920 B1,8 900 DA,dwr,0
0d43a74c,EL DJAZIRA MOUNTCHLD002,Accessoire_General,MOUNTCHLD002,950 DA,c8a0,0
87f8f1c1,D Link BOX Home M915V,Routeur_Modem,BOX Home M915V,9 100 DA,accessoire audio,0
51c3b694,D Tech Tablette D Tech 10,Tablette,Tablette D Tech 10,18 100 DA,dd tech,1
df7a5817,D Link DWR G403,Routeur_Modem,D Link DWR G403,10 500 DA,wr,1
df7a5817,D Link DWR G403,Routeur_Modem,D Link DWR G403,10 500 DA,d lik,1
344c9a11,EL DJAZIRA FCLD012 TYPE C,Accessoire_General,FCLD012 TYPE C,1 900 DA,ecoutur,0
844c2ce6,D Tech Tablette D Tech 8,Tablette,Tablette D Tech 8,15 500 DA,type,0
802f6a69,EL DJAZIRA FCLD007,Accessoire_General,FCLD007,1 450 DA,reavleo,0
d1abf471,HOCO Dual Port C88A MICRO,Accessoire_Audio,Dual Port C88A MICRO,900 DA,duaal,1
cdc65717,ZTE BLADE A75,Smartphone,ZTE BLADE A75,31 900 DA,ip,0
844c2ce6,D Tech Tablette D Tech 8,Tablette,Tablette D Tech 8,15 500 DA,cud,0
df7a5817,D Link DWR G403,Routeur_Modem,D Link DWR G403,10 500 DA,to,0
df7a5817,D Link DWR G403,Routeur_Modem,D Link DWR G403,10 500 DA,4g,1
9129a21d,TECNO SPARK Go 1,Smartphone,SPARK Go 1,18 000 DA,hoco,0
df7a5817,D Link DWR G403,Routeur_Modem,D Link DWR G403,10 500 DA,4g,1
0ae3b7d8,ZTE BLADE V60 DESIGN,Smartphone,ZTE BLADE V60 DESIGN,32 900 DA,uusb,0
e73471e1,D Link DWR M920 B1,Routeur_Modem,D Link DWR M920 B1,8 900 DA,ew27,0
fb9d4c38,EL DJAZIRA FCLD013 TYPE C,Accessoire_General,FCLD013 TYPE C,1 000 DA,port,0
df7a5817,D Link DWR G403,Routeur_Modem,D Link DWR G403,10 500 DA,76,0
87f8f1c1,D Link BOX Home M915V,Routeur_Modem,BOX Home M915V,9 100 DA,d link box,1
f207d538,ZTE Blade A55,Smartphone,Blade A55,20 900 DA,cacessoire general,0
5b33db8f,TCL HH40L1,Routeur_Modem,TCL HH40L1,8 690 DA,4g,0
51c3b694,D Tech Tablette D Tech 10,Tablette,Tablette D Tech 10,18 100 DA,eld jazira,0
87f8f1c1,D Link BOX Home M915V,Routeur_Modem,BOX Home M915V,9 100 DA,ubs,0
03a1ebbd,Revaleo RTC 003 3USB MICRO USB,Accessoire_Charge,RTC 003 3USB MICRO USB,1 200 DA,miicro,1
844c2ce6,D Tech Tablette D Tech 8,Tablette,Tablette D Tech 8,15 500 DA,d  tech,1
f5350ba5,D Link Clé 4G DWR 910M Wifi,Routeur_Modem,Clé 4G DWR 910M Wifi,4 500 DA,routeur modem,1
844c2ce6,D Tech Tablette D Tech 8,Tablette,Tablette D Tech 8,15 500 DA,car,0
aedf3d03,D Link DWR M961,Routeur_Modem,D Link DWR M961,9 900 DA,m961,1
87f8f1c1,D Link BOX Home M915V,Routeur_Modem,BOX Home M915V,9 100 DA,wiffi,1
9cb292bd,D Tech Tablette D Tech 7,Tablette,Tablette D Tech 7,13 200 DA,usb,0
82197887,ZTE NUBIA MUSIC POP ART,Smartphone,NUBIA MUSIC POP ART,25 500 DA,muic,1
e73471e1,D Link DWR M920 B1,Routeur_Modem,D Link DWR M920 B1,8 900 DA,u90,0
a923c5fd,HOCO Écouteurs  EW27,Accessoire_Audio,Écouteurs  EW27,3 400 DA,pd1,0
e73471e1,D Link DWR M920 B1,Routeur_Modem,D Link DWR M920 B1,8 900 DA,ink,1
12a3838d,EL DJAZIRA CCLD003 TYPE C,Accessoire_General,CCLD003 TYPE C,1 150 DA,uax,0
9129a21d,TECNO SPARK Go 1,Smartphone,SPARK Go 1,18 000 DA,smrtphone,1
5b33db8f,TCL HH40L1,Routeur_Modem,TCL HH40L1,8 690 DA,iwfi,1
f207d538,ZTE Blade A55,Smartphone,Blade A55,20 900 DA,tze,1
87f8f1c1,D Link BOX Home M915V,Routeur_Modem,BOX Home M915V,9 100 DA,hoco pwb,0
aedf3d03,D Link DWR M961,Routeur_Modem,D Link DWR M961,9 900 DA,c1103a,0
aedf3d03,D Link DWR M961,Routeur_Modem,D Link DWR M961,9 900 DA,9m61,1
87f8f1c1,D Link BOX Home M915V,Routeur_Modem,BOX Home M915V,9 100 DA,ub,0
aedf3d03,D Link DWR M961,Routeur_Modem,D Link DWR M961,9 900 DA,accessoire  charge,0
e73471e1,D Link DWR M920 B1,Routeur_Modem,D Link DWR M920 B1,8 900 DA,oruteur modem,1
d69c72b8,Revaleo RTC 004 MICRO USB,Accessoire_Charge,RTC 004 MICRO USB,800 DA,wfii,0
df7a5817,D Link DWR G403,Routeur_Modem,D Link DWR G403,10 500 DA,dwr,1
5b33db8f,TCL HH40L1,Routeur_Modem,TCL HH40L1,8 690 DA,ccld,0
f5350ba5,D Link Clé 4G DWR 910M Wifi,Routeur_Modem,Clé 4G DWR 910M Wifi,4 500 DA,d link cllé,1
df7a5817,D Link DWR G403,Routeur_Modem,D Link DWR G403,10 500 DA,likn,1
87f8f1c1,D Link BOX Home M915V,Routeur_Modem,BOX Home M915V,9 100 DA,d linkk box,1
df7a5817,D Link DWR G403,Routeur_Modem,D Link DWR G403,10 500 DA,mico,0
9129a21d,TECNO SPARK Go 1,Smartphone,SPARK Go 1,18 000 DA,cacessoire audio,0
f207d538,ZTE Blade A55,Smartphone,Blade A55,20 900 DA,blade,1
844c2ce6,D Tech Tablette D Tech 8,Tablette,Tablette D Tech 8,15 500 DA,972,0
9cb292bd,D Tech Tablette D Tech 7,Tablette,Tablette D Tech 7,13 200 DA,dp1,0
f5350ba5,D Link Clé 4G DWR 910M Wifi,Routeur_Modem,Clé 4G DWR 910M Wifi,4 500 DA,d lik clé,1
f5350ba5,D Link Clé 4G DWR 910M Wifi,Routeur_Modem,Clé 4G DWR 910M Wifi,4 500 DA,hoco mmagnetic,0
51c3b694,D Tech Tablette D Tech 10,Tablette,Tablette D Tech 10,18 100 DA,3n1,0
29fb7c1d,EL DJAZIRA FCLD 009 S4 MICRO USB,Accessoire_Charge,FCLD 009 S4 MICRO USB,1 800 DA,el djaizra fcld,1
51c3b694,D Tech Tablette D Tech 10,Tablette,Tablette D Tech 10,18 100 DA,accessoire general,0
dbe78970,HOCO Chargeur C88A TYPE C,Accessoire_Audio,Chargeur C88A TYPE C,900 DA,hocoe couteur,0
87f8f1c1,D Link BOX Home M915V,Routeur_Modem,BOX Home M915V,9 100 DA,accessoire general,0
5b33db8f,TCL HH40L1,Routeur_Modem,TCL HH40L1,8 690 DA,acessoire audio,0
503172d4,HOCO DUAL PORT C103A TYPE C,Accessoire_Audio,DUAL PORT C103A TYPE C,850 DA,accessoire charge,0
844c2ce6,D Tech Tablette D Tech 8,Tablette,Tablette D Tech 8,15 500 DA,tehc,1
88e90c36,TECNO POVA 6,Smartphone,POVA 6,43 300 DA,tecno pova,1
5b33db8f,TCL HH40L1,Routeur_Modem,TCL HH40L1,8 690 DA,superoir,0
87f8f1c1,D Link BOX Home M915V,Routeur_Modem,BOX Home M915V,9 100 DA,el djazira fcld007,0
51c3b694,D Tech Tablette D Tech 10,Tablette,Tablette D Tech 10,18 100 DA,d tech,0
aedf3d03,D Link DWR M961,Routeur_Modem,D Link DWR M961,9 900 DA,ttype,0
f5350ba5,D Link Clé 4G DWR 910M Wifi,Routeur_Modem,Clé 4G DWR 910M Wifi,4 500 DA,dwr,1
705f7822,HOCO C101A TYPE C TO TYPE C,Accessoire_Audio,C101A TYPE C TO TYPE C,2 700 DA,hoco c1011a,1
9c45ae8d,HOCO Écouteur  EW26,Accessoire_Audio,Écouteur  EW26,2 900 DA,hooc,1
844c2ce6,D Tech Tablette D Tech 8,Tablette,Tablette D Tech 8,15 500 DA,cculd00,0
87f8f1c1,D Link BOX Home M915V,Routeur_Modem,BOX Home M915V,9 100 DA,hoco tsereo,0
844c2ce6,D Tech Tablette D Tech 8,Tablette,Tablette D Tech 8,15 500 DA,tech,1
87f8f1c1,D Link BOX Home M915V,Routeur_Modem,BOX Home M915V,9 100 DA,accessoire audio,0
318ee4df,Revaleo AUX TK 79,Accessoire_General,AUX TK 79,400 DA,revaleo aux,1
51c3b694,D Tech Tablette D Tech 10,Tablette,Tablette D Tech 10,18 100 DA,tech,1
51c3b694,D Tech Tablette D Tech 10,Tablette,Tablette D Tech 10,18 100 DA,dp1,0
5b33db8f,TCL HH40L1,Routeur_Modem,TCL HH40L1,8 690 DA,eq3,0
0ae3b7d8,ZTE BLADE V60 DESIGN,Smartphone,ZTE BLADE V60 DESIGN,32 900 DA,desig,1
df7a5817,D Link DWR G403,Routeur_Modem,D Link DWR G403,10 500 DA,d liink d,1
df7a5817,D Link DWR G403,Routeur_Modem,D Link DWR G403,10 500 DA,udal,0
87f8f1c1,D Link BOX Home M915V,Routeur_Modem,BOX Home M915V,9 100 DA,ox,1
844c2ce6,D Tech Tablette D Tech 8,Tablette,Tablette D Tech 8,15 500 DA,tba,1
844c2ce6,D Tech Tablette D Tech 8,Tablette,Tablette D Tech 8,15 500 DA,hoco,0
e73471e1,D Link DWR M920 B1,Routeur_Modem,D Link DWR M920 B1,8 900 DA,9m20,1
51c3b694,D Tech Tablette D Tech 10,Tablette,Tablette D Tech 10,18 100 DA,ab,1
51ebb54c,HOCO Cable Silicone 3A X82IP,Accessoire_Audio,Cable Silicone 3A X82IP,1 500 DA,el dajzira fcld007,0
e73471e1,D Link DWR M920 B1,Routeur_Modem,D Link DWR M920 B1,8 900 DA, dlink,1
f5350ba5,D Link Clé 4G DWR 910M Wifi,Routeur_Modem,Clé 4G DWR 910M Wifi,4 500 DA, dlink,1
5b33db8f,TCL HH40L1,Routeur_Modem,TCL HH40L1,8 690 DA,accessoire audio,0
844c2ce6,D Tech Tablette D Tech 8,Tablette,Tablette D Tech 8,15 500 DA,accessoire generaal,0
5b33db8f,TCL HH40L1,Routeur_Modem,TCL HH40L1,8 690 DA,routeur modem,1
844c2ce6,D Tech Tablette D Tech 8,Tablette,Tablette D Tech 8,15 500 DA,tablette,1
aedf3d03,D Link DWR M961,Routeur_Modem,D Link DWR M961,9 900 DA,culd002,0
51c3b694,D Tech Tablette D Tech 10,Tablette,Tablette D Tech 10,18 100 DA,d tech tablette,1
9cb292bd,D Tech Tablette D Tech 7,Tablette,Tablette D Tech 7,13 200 DA,d tech tablett,1
e73471e1,D Link DWR M920 B1,Routeur_Modem,D Link DWR M920 B1,8 900 DA,d tech tabllette,0
5ee9df66,HOCO Magnetic U90 TYPE C,Accessoire_Audio,Magnetic U90 TYPE C,1 500 DA,86,0
f5350ba5,D Link Clé 4G DWR 910M Wifi,Routeur_Modem,Clé 4G DWR 910M Wifi,4 500 DA,accessoire charge,0
cdc65717,ZTE BLADE A75,Smartphone,ZTE BLADE A75,31 900 DA,smartphonne,1
844c2ce6,D Tech Tablette D Tech 8,Tablette,Tablette D Tech 8,15 500 DA,ze,0
9129a21d,TECNO SPARK Go 1,Smartphone,SPARK Go 1,18 000 DA,hco car,0
e73471e1,D Link DWR M920 B1,Routeur_Modem,D Link DWR M920 B1,8 900 DA,routeeur modem,1
aedf3d03,D Link DWR M961,Routeur_Modem,D Link DWR M961,9 900 DA,roouteur modem,1
a47989bd,EL DJAZIRA CCULD009 TYPE C,Accessoire_General,CCULD009 TYPE C,550 DA,el djazira,1
df7a5817,D Link DWR G403,Routeur_Modem,D Link DWR G403,10 500 DA,accessoire charge,0
87f8f1c1,D Link BOX Home M915V,Routeur_Modem,BOX Home M915V,9 100 DA,wiif,1
f207d538,ZTE Blade A55,Smartphone,Blade A55,20 900 DA,typee,0
87f8f1c1,D Link BOX Home M915V,Routeur_Modem,BOX Home M915V,9 100 DA,tk,0
aedf3d03,D Link DWR M961,Routeur_Modem,D Link DWR M961,9 900 DA,wr,1
87f8f1c1,D Link BOX Home M915V,Routeur_Modem,BOX Home M915V,9 100 DA,hoco,0
88e90c36,TECNO POVA 6,Smartphone,POVA 6,43 300 DA,type,0
87f8f1c1,D Link BOX Home M915V,Routeur_Modem,BOX Home M915V,9 100 DA,tk,0
12a3838d,EL DJAZIRA CCLD003 TYPE C,Accessoire_General,CCLD003 TYPE C,1 150 DA,el djazira,0
aedf3d03,D Link DWR M961,Routeur_Modem,D Link DWR M961,9 900 DA,accessoir audio,0
9cb292bd,D Tech Tablette D Tech 7,Tablette,Tablette D Tech 7,13 200 DA,hoco able,0
e2f59916,Revaleo RCB 005 IOS,Accessoire_General,RCB 005 IOS,600 DA,accessoire general,1
87f8f1c1,D Link BOX Home M915V,Routeur_Modem,BOX Home M915V,9 100 DA,accessoirec harge,0
a1b76c05,EL DJAZIRA FCLD010 MICRO USB,Accessoire_Charge,FCLD010 MICRO USB,1 300 DA,el djaizra,1
c8256303,ZTE BLADE A35,Smartphone,ZTE BLADE A35,17 900 DA,smartphone,1
9cb292bd,D Tech Tablette D Tech 7,Tablette,Tablette D Tech 7,13 200 DA,tablette,1
e73471e1,D Link DWR M920 B1,Routeur_Modem,D Link DWR M920 B1,8 900 DA,acble,0
c18021dc,HOCO Charger QC3 0 C72Q,Accessoire_Audio,Charger QC3 0 C72Q,1 100 DA,hocoo charger,1
e84c1001,EL DJAZIRA AUX 3 5 CAULD001  DV,Accessoire_General,AUX 3 5 CAULD001  DV,500 DA,dv,1
a1b76c05,EL DJAZIRA FCLD010 MICRO USB,Accessoire_Charge,FCLD010 MICRO USB,1 300 DA,vooc,0
844c2ce6,D Tech Tablette D Tech 8,Tablette,Tablette D Tech 8,15 500 DA,tab,1
e73471e1,D Link DWR M920 B1,Routeur_Modem,D Link DWR M920 B1,8 900 DA,d link,1
9cb292bd,D Tech Tablette D Tech 7,Tablette,Tablette D Tech 7,13 200 DA,tab,1
51c3b694,D Tech Tablette D Tech 10,Tablette,Tablette D Tech 10,18 100 DA,accessoire auddio,0
0ae3b7d8,ZTE BLADE V60 DESIGN,Smartphone,ZTE BLADE V60 DESIGN,32 900 DA,bldae,1
5b33db8f,TCL HH40L1,Routeur_Modem,TCL HH40L1,8 690 DA,mannnersport,0
f5350ba5,D Link Clé 4G DWR 910M Wifi,Routeur_Modem,Clé 4G DWR 910M Wifi,4 500 DA,910m,1
5b33db8f,TCL HH40L1,Routeur_Modem,TCL HH40L1,8 690 DA,tc,1
88e90c36,TECNO POVA 6,Smartphone,POVA 6,43 300 DA,smartphone,1
c1f271a1,HOCO TRUE  SPEAKER HC4,Accessoire_Audio,TRUE  SPEAKER HC4,4 500 DA,hoco rue,1
9cb292bd,D Tech Tablette D Tech 7,Tablette,Tablette D Tech 7,13 200 DA,ubs,0
322ad3aa,EL DJAZIRA CULD002 MICRO USB,Accessoire_Charge,CULD002 MICRO USB,600 DA,accessoire charge,1
737d1d6b,ZTE NUBIA Neo2 5G,Smartphone,ZTE NUBIA Neo2 5G,49 900 DA,unbia,1
e73471e1,D Link DWR M920 B1,Routeur_Modem,D Link DWR M920 B1,8 900 DA,routeur omdem,1
9129a21d,TECNO SPARK Go 1,Smartphone,SPARK Go 1,18 000 DA,5g,0
aedf3d03,D Link DWR M961,Routeur_Modem,D Link DWR M961,9 900 DA,wr,1
d944ef59,Revaleo LCH 082 MICRO USB,Accessoire_Charge,LCH 082 MICRO USB,1 250 DA,ubs,0
9cb292bd,D Tech Tablette D Tech 7,Tablette,Tablette D Tech 7,13 200 DA,accessoire general,0
aedf3d03,D Link DWR M961,Routeur_Modem,D Link DWR M961,9 900 DA,accessoire audo,0
df7a5817,D Link DWR G403,Routeur_Modem,D Link DWR G403,10 500 DA,liink,1
9cb292bd,D Tech Tablette D Tech 7,Tablette,Tablette D Tech 7,13 200 DA,realeo,0
aedf3d03,D Link DWR M961,Routeur_Modem,D Link DWR M961,9 900 DA,ink,1
a19db3e8,HOCO Data cable BX54 TYPE C,Accessoire_Audio,Data cable BX54 TYPE C,400 DA,accessoire auio,1
e73471e1,D Link DWR M920 B1,Routeur_Modem,D Link DWR M920 B1,8 900 DA,routeur moddem,1
9cb292bd,D Tech Tablette D Tech 7,Tablette,Tablette D Tech 7,13 200 DA,ubs,0
5b33db8f,TCL HH40L1,Routeur_Modem,TCL HH40L1,8 690 DA,routeur modem,1
51c3b694,D Tech Tablette D Tech 10,Tablette,Tablette D Tech 10,18 100 DA,tab,1
9cb292bd,D Tech Tablette D Tech 7,Tablette,Tablette D Tech 7,13 200 DA,d teh,0
aedf3d03,D Link DWR M961,Routeur_Modem,D Link DWR M961,9 900 DA,smartphone,0
9cb292bd,D Tech Tablette D Tech 7,Tablette,Tablette D Tech 7,13 200 DA,mcro,0
f5350ba5,D Link Clé 4G DWR 910M Wifi,Routeur_Modem,Clé 4G DWR 910M Wifi,4 500 DA,smaartphone,0
844c2ce6,D Tech Tablette D Tech 8,Tablette,Tablette D Tech 8,15 500 DA,d teh,1
844c2ce6,D Tech Tablette D Tech 8,Tablette,Tablette D Tech 8,15 500 DA,revaleo aux,0
aedf3d03,D Link DWR M961,Routeur_Modem,D Link DWR M961,9 900 DA,wifi,1
318ee4df,Revaleo AUX TK 79,Accessoire_General,AUX TK 79,400 DA,revalleo,0
87f8f1c1,D Link BOX Home M915V,Routeur_Modem,BOX Home M915V,9 100 DA,hoco chargeur,0
9cb292bd,D Tech Tablette D Tech 7,Tablette,Tablette D Tech 7,13 200 DA,dt ech,1
87f8f1c1,D Link BOX Home M915V,Routeur_Modem,BOX Home M915V,9 100 DA,d link,1
87f8f1c1,D Link BOX Home M915V,Routeur_Modem,BOX Home M915V,9 100 DA,wifi,0
9cb292bd,D Tech Tablette D Tech 7,Tablette,Tablette D Tech 7,13 200 DA,tech,1
844c2ce6,D Tech Tablette D Tech 8,Tablette,Tablette D Tech 8,15 500 DA,tablette,1
e73471e1,D Link DWR M920 B1,Routeur_Modem,D Link DWR M920 B1,8 900 DA,d linkk d,1
5b33db8f,TCL HH40L1,Routeur_Modem,TCL HH40L1,8 690 DA,routteur modem,1
aedf3d03,D Link DWR M961,Routeur_Modem,D Link DWR M961,9 900 DA,d linkk,0
737d1d6b,ZTE NUBIA Neo2 5G,Smartphone,ZTE NUBIA Neo2 5G,49 900 DA,nbuia,1
51c3b694,D Tech Tablette D Tech 10,Tablette,Tablette D Tech 10,18 100 DA,tabltete,1
5b33db8f,TCL HH40L1,Routeur_Modem,TCL HH40L1,8 690 DA,revalo rcb,0
737d1d6b,ZTE NUBIA Neo2 5G,Smartphone,ZTE NUBIA Neo2 5G,49 900 DA,wifii,0
9cb292bd,D Tech Tablette D Tech 7,Tablette,Tablette D Tech 7,13 200 DA,d tech atblette,1
f5350ba5,D Link Clé 4G DWR 910M Wifi,Routeur_Modem,Clé 4G DWR 910M Wifi,4 500 DA,ifi,1
87f8f1c1,D Link BOX Home M915V,Routeur_Modem,BOX Home M915V,9 100 DA,ruteur modem,1
0e65439e,HOCO ES61 Mannersport,Accessoire_Audio,ES61 Mannersport,4 900 DA,accessoire aaudio,0
7366f5e2,EL DJAZIRA FCLD008 TYPE C,Accessoire_General,FCLD008 TYPE C,1 300 DA,accessoire general,1
51c3b694,D Tech Tablette D Tech 10,Tablette,Tablette D Tech 10,18 100 DA,d tech tablette,1
ecf6f099,HOCO ECOUTEUR EQ3,Accessoire_Audio,ECOUTEUR EQ3,3 500 DA,e3q,1
2feb93aa,EL DJAZIRA CULD007 MICRO USB,Accessoire_Charge,CULD007 MICRO USB,450 DA,accessoire cahrge,1
2feb93aa,EL DJAZIRA CULD007 MICRO USB,Accessoire_Charge,CULD007 MICRO USB,450 DA,hoco,0
aedf3d03,D Link DWR M961,Routeur_Modem,D Link DWR M961,9 900 DA,4g,0
df7a5817,D Link DWR G403,Routeur_Modem,D Link DWR G403,10 500 DA,e70,0
e73471e1,D Link DWR M920 B1,Routeur_Modem,D Link DWR M920 B1,8 900 DA,accessoire audio,0
87f8f1c1,D Link BOX Home M915V,Routeur_Modem,BOX Home M915V,9 100 DA,el djazira carger,0
87f8f1c1,D Link BOX Home M915V,Routeur_Modem,BOX Home M915V,9 100 DA,ze,0
9cb292bd,D Tech Tablette D Tech 7,Tablette,Tablette D Tech 7,13 200 DA,hcargeur,0
e73471e1,D Link DWR M920 B1,Routeur_Modem,D Link DWR M920 B1,8 900 DA,mirco,0
9cb292bd,D Tech Tablette D Tech 7,Tablette,Tablette D Tech 7,13 200 DA,tceh,1
df7a5817,D Link DWR G403,Routeur_Modem,D Link DWR G403,10 500 DA,wifi,1
5b33db8f,TCL HH40L1,Routeur_Modem,TCL HH40L1,8 690 DA,hh40l1,1
cdc65717,ZTE BLADE A75,Smartphone,ZTE BLADE A75,31 900 DA,cld,0
f5350ba5,D Link Clé 4G DWR 910M Wifi,Routeur_Modem,Clé 4G DWR 910M Wifi,4 500 DA, tech,0
f207d538,ZTE Blade A55,Smartphone,Blade A55,20 900 DA,ohco,0
ba552b41,HOCO C101A TYPE C TO IP,Accessoire_Audio,C101A TYPE C TO IP,2 700 DA,accessoire audio,1
f5350ba5,D Link Clé 4G DWR 910M Wifi,Routeur_Modem,Clé 4G DWR 910M Wifi,4 500 DA,hoco pd30ww,0
f207d538,ZTE Blade A55,Smartphone,Blade A55,20 900 DA,ze blade,1
df7a5817,D Link DWR G403,Routeur_Modem,D Link DWR G403,10 500 DA,el djazira,0
c34963c0,Revaleo LCH 219 MICRO USB,Accessoire_Charge,LCH 219 MICRO USB,1 100 DA,el djzaira culd012,0
e73471e1,D Link DWR M920 B1,Routeur_Modem,D Link DWR M920 B1,8 900 DA,8x2,0
844c2ce6,D Tech Tablette D Tech 8,Tablette,Tablette D Tech 8,15 500 DA,blade,0
844c2ce6,D Tech Tablette D Tech 8,Tablette,Tablette D Tech 8,15 500 DA,tech,1
87f8f1c1,D Link BOX Home M915V,Routeur_Modem,BOX Home M915V,9 100 DA,d lik box,1
54c80c44,EL DJAZIRA CHARGER FCLD008,Accessoire_General,CHARGER FCLD008,1 250 DA,i3n1,0
87f8f1c1,D Link BOX Home M915V,Routeur_Modem,BOX Home M915V,9 100 DA,d tech,0
f5350ba5,D Link Clé 4G DWR 910M Wifi,Routeur_Modem,Clé 4G DWR 910M Wifi,4 500 DA,routeur modem,1
5b33db8f,TCL HH40L1,Routeur_Modem,TCL HH40L1,8 690 DA,wfi,1
b0ff9432,EL DJAZIRA FCLD 009 C TYPE C,Accessoire_General,FCLD 009 C TYPE C,1 800 DA,4z0,0
aedf3d03,D Link DWR M961,Routeur_Modem,D Link DWR M961,9 900 DA,acessoire audio,0
f5350ba5,D Link Clé 4G DWR 910M Wifi,Routeur_Modem,Clé 4G DWR 910M Wifi,4 500 DA,dwr,1
9129a21d,TECNO SPARK Go 1,Smartphone,SPARK Go 1,18 000 DA,go,1
aedf3d03,D Link DWR M961,Routeur_Modem,D Link DWR M961,9 900 DA,etch,0
5b33db8f,TCL HH40L1,Routeur_Modem,TCL HH40L1,8 690 DA,77,0
e73471e1,D Link DWR M920 B1,Routeur_Modem,D Link DWR M920 B1,8 900 DA,920,1
87f8f1c1,D Link BOX Home M915V,Routeur_Modem,BOX Home M915V,9 100 DA,uusb,0
51c3b694,D Tech Tablette D Tech 10,Tablette,Tablette D Tech 10,18 100 DA,10,1
ac721003,EL DJAZIRA FCLD 002 C TYPE C,Accessoire_General,FCLD 002 C TYPE C,1 900 DA,ucld007,0
82197887,ZTE NUBIA MUSIC POP ART,Smartphone,NUBIA MUSIC POP ART,25 500 DA,zte,1
aedf3d03,D Link DWR M961,Routeur_Modem,D Link DWR M961,9 900 DA,dr,1
aedf3d03,D Link DWR M961,Routeur_Modem,D Link DWR M961,9 900 DA,routeur moedm,1
e73471e1,D Link DWR M920 B1,Routeur_Modem,D Link DWR M920 B1,8 900 DA,b1,1
df7a5817,D Link DWR G403,Routeur_Modem,D Link DWR G403,10 500 DA,lch,0
15f29a3c,Revaleo RCC 004 TYPE C,Accessoire_General,RCC 004 TYPE C,900 DA,004,1
9cb292bd,D Tech Tablette D Tech 7,Tablette,Tablette D Tech 7,13 200 DA,el djazir fcld012,0
aedf3d03,D Link DWR M961,Routeur_Modem,D Link DWR M961,9 900 DA,d link d,1
51c3b694,D Tech Tablette D Tech 10,Tablette,Tablette D Tech 10,18 100 DA,el djazir aculd007,0
df7a5817,D Link DWR G403,Routeur_Modem,D Link DWR G403,10 500 DA,type,0
c74b49e7,EL DJAZIRA CULD007 TYPE C,Accessoire_General,CULD007 TYPE C,500 DA,el djazira,1
aedf3d03,D Link DWR M961,Routeur_Modem,D Link DWR M961,9 900 DA,m691,1
aedf3d03,D Link DWR M961,Routeur_Modem,D Link DWR M961,9 900 DA,ruoteur modem,1
4e786d3b,Revaleo RCB 007 5A VOOC TYPE C,Accessoire_General,RCB 007 5A VOOC TYPE C,800 DA,tlc,0
87f8f1c1,D Link BOX Home M915V,Routeur_Modem,BOX Home M915V,9 100 DA,routeur modem,1
844c2ce6,D Tech Tablette D Tech 8,Tablette,Tablette D Tech 8,15 500 DA,ttab,1
9cb292bd,D Tech Tablette D Tech 7,Tablette,Tablette D Tech 7,13 200 DA,powe,0
df7a5817,D Link DWR G403,Routeur_Modem,D Link DWR G403,10 500 DA,hh40l1,0
aedf3d03,D Link DWR M961,Routeur_Modem,D Link DWR M961,9 900 DA,9m61,1
5b33db8f,TCL HH40L1,Routeur_Modem,TCL HH40L1,8 690 DA,mini,0
844c2ce6,D Tech Tablette D Tech 8,Tablette,Tablette D Tech 8,15 500 DA,tablette,1
51c3b694,D Tech Tablette D Tech 10,Tablette,Tablette D Tech 10,18 100 DA,culd,0
e73471e1,D Link DWR M920 B1,Routeur_Modem,D Link DWR M920 B1,8 900 DA,m9920,1
318ee4df,Revaleo AUX TK 79,Accessoire_General,AUX TK 79,400 DA,79,1
4f38c61d,HOCO Silicone 2 4A X82 IP,Accessoire_Audio,Silicone 2 4A X82 IP,1 500 DA,silicone,1
5b33db8f,TCL HH40L1,Routeur_Modem,TCL HH40L1,8 690 DA,4g,1
f5350ba5,D Link Clé 4G DWR 910M Wifi,Routeur_Modem,Clé 4G DWR 910M Wifi,4 500 DA,4g,1
e73471e1,D Link DWR M920 B1,Routeur_Modem,D Link DWR M920 B1,8 900 DA,reevaleo rcc,0
a7c8b379,D Tech Power Bank DP1 Mini,Accessoire_General,Power Bank DP1 Mini,2 200 DA,hoco stereo,0
df7a5817,D Link DWR G403,Routeur_Modem,D Link DWR G403,10 500 DA,el djazira flcd010,0
87f8f1c1,D Link BOX Home M915V,Routeur_Modem,BOX Home M915V,9 100 DA,d link box,1
87f8f1c1,D Link BOX Home M915V,Routeur_Modem,BOX Home M915V,9 100 DA,iso,0
844c2ce6,D Tech Tablette D Tech 8,Tablette,Tablette D Tech 8,15 500 DA,d tech,1
9cb292bd,D Tech Tablette D Tech 7,Tablette,Tablette D Tech 7,13 200 DA, dtech,1
aedf3d03,D Link DWR M961,Routeur_Modem,D Link DWR M961,9 900 DA,smatrphone,0
9cb292bd,D Tech Tablette D Tech 7,Tablette,Tablette D Tech 7,13 200 DA,tech,1
df7a5817,D Link DWR G403,Routeur_Modem,D Link DWR G403,10 500 DA,wifi,1
9700a48e,EL DJAZIRA CAR MOUNTCHLD001  DV,Accessoire_Auto,CAR MOUNTCHLD001  DV,850 DA,0009,0
87f8f1c1,D Link BOX Home M915V,Routeur_Modem,BOX Home M915V,9 100 DA,hoco,0
9cb292bd,D Tech Tablette D Tech 7,Tablette,Tablette D Tech 7,13 200 DA,tech,1
93d7e15d,Revaleo RCB 86 TYPE C,Accessoire_General,RCB 86 TYPE C,350 DA,revaleo rcb,1
df7a5817,D Link DWR G403,Routeur_Modem,D Link DWR G403,10 500 DA,revvaleo,0
51c3b694,D Tech Tablette D Tech 10,Tablette,Tablette D Tech 10,18 100 DA,tablette,1
4dc74c0b,HOCO CUP CAR HOLDER CA95,Accessoire_Audio,CUP CAR HOLDER CA95,1 800 DA,cup,1
aedf3d03,D Link DWR M961,Routeur_Modem,D Link DWR M961,9 900 DA,accessoire uadio,0
4dd7aa74,HOCO IN CAR FM E62,Accessoire_Audio,IN CAR FM E62,4 900 DA,to,0
df7a5817,D Link DWR G403,Routeur_Modem,D Link DWR G403,10 500 DA,culd012,0
aedf3d03,D Link DWR M961,Routeur_Modem,D Link DWR M961,9 900 DA,dl ink d,1
87f8f1c1,D Link BOX Home M915V,Routeur_Modem,BOX Home M915V,9 100 DA,cccld,0
844c2ce6,D Tech Tablette D Tech 8,Tablette,Tablette D Tech 8,15 500 DA,sprak,0
87f8f1c1,D Link BOX Home M915V,Routeur_Modem,BOX Home M915V,9 100 DA,4g,1
9129a21d,TECNO SPARK Go 1,Smartphone,SPARK Go 1,18 000 DA,005,0
aedf3d03,D Link DWR M961,Routeur_Modem,D Link DWR M961,9 900 DA,blade,0
e73471e1,D Link DWR M920 B1,Routeur_Modem,D Link DWR M920 B1,8 900 DA,d link,1
5b33db8f,TCL HH40L1,Routeur_Modem,TCL HH40L1,8 690 DA,revaleo tk,0
ed82fff0,HOCO Silicone 3A X86 Type C,Accessoire_Audio,Silicone 3A X86 Type C,1 200 DA,accessoire audio,0
c8256303,ZTE BLADE A35,Smartphone,ZTE BLADE A35,17 900 DA,el djazira,0
083bce55,HOCO Z40 Dual Port Car Charge,Accessoire_Audio,Z40 Dual Port Car Charge,1 200 DA,accessoire audio,1
844c2ce6,D Tech Tablette D Tech 8,Tablette,Tablette D Tech 8,15 500 DA,d teech tablette,1
f5350ba5,D Link Clé 4G DWR 910M Wifi,Routeur_Modem,Clé 4G DWR 910M Wifi,4 500 DA,91m0,1
51c3b694,D Tech Tablette D Tech 10,Tablette,Tablette D Tech 10,18 100 DA,10,1
51c3b694,D Tech Tablette D Tech 10,Tablette,Tablette D Tech 10,18 100 DA,tech,1
2e57fc73,HOCO X88 Charging Cable,Accessoire_Audio,X88 Charging Cable,400 DA,cable,1
e73471e1,D Link DWR M920 B1,Routeur_Modem,D Link DWR M920 B1,8 900 DA,routeur modem,1
cdc65717,ZTE BLADE A75,Smartphone,ZTE BLADE A75,31 900 DA,accessoire audio,0
8890c2a9,EL DJAZIRA CHARGER FCLD004,Accessoire_General,CHARGER FCLD004,950 DA,hco,0
f5350ba5,D Link Clé 4G DWR 910M Wifi,Routeur_Modem,Clé 4G DWR 910M Wifi,4 500 DA,ew399,0
87f8f1c1,D Link BOX Home M915V,Routeur_Modem,BOX Home M915V,9 100 DA,wifi,1
9cb292bd,D Tech Tablette D Tech 7,Tablette,Tablette D Tech 7,13 200 DA,d etch tablette,1
f5350ba5,D Link Clé 4G DWR 910M Wifi,Routeur_Modem,Clé 4G DWR 910M Wifi,4 500 DA,tablette,0
5b33db8f,TCL HH40L1,Routeur_Modem,TCL HH40L1,8 690 DA,hh40l1,1
e73471e1,D Link DWR M920 B1,Routeur_Modem,D Link DWR M920 B1,8 900 DA,tpe,0
9dd6883e,HOCO Silicone 2 4A  X86 IP,Accessoire_Audio,Silicone 2 4A  X86 IP,1 200 DA,75,0
844c2ce6,D Tech Tablette D Tech 8,Tablette,Tablette D Tech 8,15 500 DA,atb,1
5b33db8f,TCL HH40L1,Routeur_Modem,TCL HH40L1,8 690 DA,neo2,0
844c2ce6,D Tech Tablette D Tech 8,Tablette,Tablette D Tech 8,15 500 DA,tabllette,1
df7a5817,D Link DWR G403,Routeur_Modem,D Link DWR G403,10 500 DA,el djazira,0
51c3b694,D Tech Tablette D Tech 10,Tablette,Tablette D Tech 10,18 100 DA,d tech tablette,1
5b33db8f,TCL HH40L1,Routeur_Modem,TCL HH40L1,8 690 DA,hcoo c97a,0
82197887,ZTE NUBIA MUSIC POP ART,Smartphone,NUBIA MUSIC POP ART,25 500 DA,zte,1
e73471e1,D Link DWR M920 B1,Routeur_Modem,D Link DWR M920 B1,8 900 DA,b1,1
87f8f1c1,D Link BOX Home M915V,Routeur_Modem,BOX Home M915V,9 100 DA,accessoire audio,0
9cb292bd,D Tech Tablette D Tech 7,Tablette,Tablette D Tech 7,13 200 DA,d tech tablette,1
51c3b694,D Tech Tablette D Tech 10,Tablette,Tablette D Tech 10,18 100 DA,10,1
88e90c36,TECNO POVA 6,Smartphone,POVA 6,43 300 DA,ttecno,1
51c3b694,D Tech Tablette D Tech 10,Tablette,Tablette D Tech 10,18 100 DA,ccld009,0
f5350ba5,D Link Clé 4G DWR 910M Wifi,Routeur_Modem,Clé 4G DWR 910M Wifi,4 500 DA,clé,1
5b33db8f,TCL HH40L1,Routeur_Modem,TCL HH40L1,8 690 DA,roouteur modem,1
dbe78970,HOCO Chargeur C88A TYPE C,Accessoire_Audio,Chargeur C88A TYPE C,900 DA,hoco charguer,1
e73471e1,D Link DWR M920 B1,Routeur_Modem,D Link DWR M920 B1,8 900 DA,qe1,0
b47b1328,EL DJAZIRA CCLD 001C TYPE C,Accessoire_General,CCLD 001C TYPE C,1 350 DA,typ,0
51c3b694,D Tech Tablette D Tech 10,Tablette,Tablette D Tech 10,18 100 DA,el djazira,0
f207d538,ZTE Blade A55,Smartphone,Blade A55,20 900 DA,smartphne,1
aedf3d03,D Link DWR M961,Routeur_Modem,D Link DWR M961,9 900 DA,wr,1
f207d538,ZTE Blade A55,Smartphone,Blade A55,20 900 DA,clud015,0
9cb292bd,D Tech Tablette D Tech 7,Tablette,Tablette D Tech 7,13 200 DA,revaleo earbbuds,0
f5350ba5,D Link Clé 4G DWR 910M Wifi,Routeur_Modem,Clé 4G DWR 910M Wifi,4 500 DA,9910m,1
df7a5817,D Link DWR G403,Routeur_Modem,D Link DWR G403,10 500 DA,wiifi,1
9cb292bd,D Tech Tablette D Tech 7,Tablette,Tablette D Tech 7,13 200 DA,tab,1
054fcc38,Revaleo RCB 005 TYPE C,Accessoire_General,RCB 005 TYPE C,500 DA,ype,1
87f8f1c1,D Link BOX Home M915V,Routeur_Modem,BOX Home M915V,9 100 DA,mcro,0
51c3b694,D Tech Tablette D Tech 10,Tablette,Tablette D Tech 10,18 100 DA,to,0
df7a5817,D Link DWR G403,Routeur_Modem,D Link DWR G403,10 500 DA,rc,0
51c3b694,D Tech Tablette D Tech 10,Tablette,Tablette D Tech 10,18 100 DA,el djazira,0
844c2ce6,D Tech Tablette D Tech 8,Tablette,Tablette D Tech 8,15 500 DA,hco,0
df7a5817,D Link DWR G403,Routeur_Modem,D Link DWR G403,10 500 DA,revleo rcb,0
054fcc38,Revaleo RCB 005 TYPE C,Accessoire_General,RCB 005 TYPE C,500 DA,type,1
df7a5817,D Link DWR G403,Routeur_Modem,D Link DWR G403,10 500 DA,el djazir,0
03a1ebbd,Revaleo RTC 003 3USB MICRO USB,Accessoire_Charge,RTC 003 3USB MICRO USB,1 200 DA,to,0
9cb292bd,D Tech Tablette D Tech 7,Tablette,Tablette D Tech 7,13 200 DA,d tec,1
88e90c36,TECNO POVA 6,Smartphone,POVA 6,43 300 DA,poa,1
083bce55,HOCO Z40 Dual Port Car Charge,Accessoire_Audio,Z40 Dual Port Car Charge,1 200 DA,z40,1
87f8f1c1,D Link BOX Home M915V,Routeur_Modem,BOX Home M915V,9 100 DA,mha,0
51c3b694,D Tech Tablette D Tech 10,Tablette,Tablette D Tech 10,18 100 DA,d tech tablette,1
87f8f1c1,D Link BOX Home M915V,Routeur_Modem,BOX Home M915V,9 100 DA,fld004,0
844c2ce6,D Tech Tablette D Tech 8,Tablette,Tablette D Tech 8,15 500 DA,ohco,0
87f8f1c1,D Link BOX Home M915V,Routeur_Modem,BOX Home M915V,9 100 DA,d llink box,1
5b33db8f,TCL HH40L1,Routeur_Modem,TCL HH40L1,8 690 DA,hoco,0
cdc65717,ZTE BLADE A75,Smartphone,ZTE BLADE A75,31 900 DA,qcc3,0
9129a21d,TECNO SPARK Go 1,Smartphone,SPARK Go 1,18 000 DA,spark,1
df7a5817,D Link DWR G403,Routeur_Modem,D Link DWR G403,10 500 DA,g403,1
aedf3d03,D Link DWR M961,Routeur_Modem,D Link DWR M961,9 900 DA,tecno psark,0
87f8f1c1,D Link BOX Home M915V,Routeur_Modem,BOX Home M915V,9 100 DA,accessoire gneeral,0
4dc74c0b,HOCO CUP CAR HOLDER CA95,Accessoire_Audio,CUP CAR HOLDER CA95,1 800 DA,mic,0
c8256303,ZTE BLADE A35,Smartphone,ZTE BLADE A35,17 900 DA,bladde,1
df7a5817,D Link DWR G403,Routeur_Modem,D Link DWR G403,10 500 DA,g403,1
87f8f1c1,D Link BOX Home M915V,Routeur_Modem,BOX Home M915V,9 100 DA,ttype,0
87f8f1c1,D Link BOX Home M915V,Routeur_Modem,BOX Home M915V,9 100 DA,routeur modem,1
df7a5817,D Link DWR G403,Routeur_Modem,D Link DWR G403,10 500 DA,0882,0
51c3b694,D Tech Tablette D Tech 10,Tablette,Tablette D Tech 10,18 100 DA,ta,1
0ae3b7d8,ZTE BLADE V60 DESIGN,Smartphone,ZTE BLADE V60 DESIGN,32 900 DA,hhoco,0
82197887,ZTE NUBIA MUSIC POP ART,Smartphone,NUBIA MUSIC POP ART,25 500 DA,art,1
51c3b694,D Tech Tablette D Tech 10,Tablette,Tablette D Tech 10,18 100 DA,d tceh,1
737d1d6b,ZTE NUBIA Neo2 5G,Smartphone,ZTE NUBIA Neo2 5G,49 900 DA,zte zte,1
aedf3d03,D Link DWR M961,Routeur_Modem,D Link DWR M961,9 900 DA,wiffi,1
51c3b694,D Tech Tablette D Tech 10,Tablette,Tablette D Tech 10,18 100 DA,el djazira fcld,0
df7a5817,D Link DWR G403,Routeur_Modem,D Link DWR G403,10 500 DA,d lnik,1
e73471e1,D Link DWR M920 B1,Routeur_Modem,D Link DWR M920 B1,8 900 DA,el djazira culd012,0
4e786d3b,Revaleo RCB 007 5A VOOC TYPE C,Accessoire_General,RCB 007 5A VOOC TYPE C,800 DA,revaleo rcb,1
87f8f1c1,D Link BOX Home M915V,Routeur_Modem,BOX Home M915V,9 100 DA,hoco 97a,0
e0a8bc66,EL DJAZIRA CCULD009 MICRO USB,Accessoire_Charge,CCULD009 MICRO USB,500 DA,accessoire geeral,0
a4465134,Revaleo LCH 086 MICRO USB,Accessoire_Charge,LCH 086 MICRO USB,1 200 DA,usb,1
e73471e1,D Link DWR M920 B1,Routeur_Modem,D Link DWR M920 B1,8 900 DA,m920,1
51c3b694,D Tech Tablette D Tech 10,Tablette,Tablette D Tech 10,18 100 DA,tab,1
aedf3d03,D Link DWR M961,Routeur_Modem,D Link DWR M961,9 900 DA,stereo,0
c8256303,ZTE BLADE A35,Smartphone,ZTE BLADE A35,17 900 DA,culd,0
51c3b694,D Tech Tablette D Tech 10,Tablette,Tablette D Tech 10,18 100 DA,tab,1
36660025,HOCO SPORTS BT SPEAKER HC13,Accessoire_Audio,SPORTS BT SPEAKER HC13,3 500 DA,4g,0
51c3b694,D Tech Tablette D Tech 10,Tablette,Tablette D Tech 10,18 100 DA,dtech tablette,1
e73471e1,D Link DWR M920 B1,Routeur_Modem,D Link DWR M920 B1,8 900 DA,4g,1
f5350ba5,D Link Clé 4G DWR 910M Wifi,Routeur_Modem,Clé 4G DWR 910M Wifi,4 500 DA,dwr,1
c74b49e7,EL DJAZIRA CULD007 TYPE C,Accessoire_General,CULD007 TYPE C,500 DA,hoco cable,0
844c2ce6,D Tech Tablette D Tech 8,Tablette,Tablette D Tech 8,15 500 DA,007,0
e73471e1,D Link DWR M920 B1,Routeur_Modem,D Link DWR M920 B1,8 900 DA,accessoire charge,0
844c2ce6,D Tech Tablette D Tech 8,Tablette,Tablette D Tech 8,15 500 DA,005,0
0ae3b7d8,ZTE BLADE V60 DESIGN,Smartphone,ZTE BLADE V60 DESIGN,32 900 DA,blae,1
844c2ce6,D Tech Tablette D Tech 8,Tablette,Tablette D Tech 8,15 500 DA,d tech,1
cdc65717,ZTE BLADE A75,Smartphone,ZTE BLADE A75,31 900 DA,a75,1
df7a5817,D Link DWR G403,Routeur_Modem,D Link DWR G403,10 500 DA,link,0
083519d5,Revaleo TK 73,Accessoire_General,TK 73,600 DA,3a,0
df7a5817,D Link DWR G403,Routeur_Modem,D Link DWR G403,10 500 DA,el djazira cul0d12,0
e73471e1,D Link DWR M920 B1,Routeur_Modem,D Link DWR M920 B1,8 900 DA,920,1
aedf3d03,D Link DWR M961,Routeur_Modem,D Link DWR M961,9 900 DA,revaleo,0
9cb292bd,D Tech Tablette D Tech 7,Tablette,Tablette D Tech 7,13 200 DA,d tech tabllette,1
5e834565,Revaleo TK80 QC3 MICRO USB,Accessoire_Charge,TK80 QC3 MICRO USB,800 DA,qc3,1
9cb292bd,D Tech Tablette D Tech 7,Tablette,Tablette D Tech 7,13 200 DA,atb,1
51c3b694,D Tech Tablette D Tech 10,Tablette,Tablette D Tech 10,18 100 DA,d etch,1
f5350ba5,D Link Clé 4G DWR 910M Wifi,Routeur_Modem,Clé 4G DWR 910M Wifi,4 500 DA,dr,1
844c2ce6,D Tech Tablette D Tech 8,Tablette,Tablette D Tech 8,15 500 DA,tceh,1
51c3b694,D Tech Tablette D Tech 10,Tablette,Tablette D Tech 10,18 100 DA,d teh tablette,1
844c2ce6,D Tech Tablette D Tech 8,Tablette,Tablette D Tech 8,15 500 DA,tablete,1
f5350ba5,D Link Clé 4G DWR 910M Wifi,Routeur_Modem,Clé 4G DWR 910M Wifi,4 500 DA,rc,0
5b33db8f,TCL HH40L1,Routeur_Modem,TCL HH40L1,8 690 DA,hhh40l1,1
503172d4,HOCO DUAL PORT C103A TYPE C,Accessoire_Audio,DUAL PORT C103A TYPE C,850 DA,accessoire geeral,0
df7a5817,D Link DWR G403,Routeur_Modem,D Link DWR G403,10 500 DA,hooc c97a,0
e73471e1,D Link DWR M920 B1,Routeur_Modem,D Link DWR M920 B1,8 900 DA,d lik,1
c8256303,ZTE BLADE A35,Smartphone,ZTE BLADE A35,17 900 DA,zte zte,1
aedf3d03,D Link DWR M961,Routeur_Modem,D Link DWR M961,9 900 DA,dd link,1
f5350ba5,D Link Clé 4G DWR 910M Wifi,Routeur_Modem,Clé 4G DWR 910M Wifi,4 500 DA,routeur modem,1
844c2ce6,D Tech Tablette D Tech 8,Tablette,Tablette D Tech 8,15 500 DA,el djazira,0
cdc65717,ZTE BLADE A75,Smartphone,ZTE BLADE A75,31 900 DA,zet zte,1
a1b76c05,EL DJAZIRA FCLD010 MICRO USB,Accessoire_Charge,FCLD010 MICRO USB,1 300 DA,car,0
df7a5817,D Link DWR G403,Routeur_Modem,D Link DWR G403,10 500 DA,accessoire charge,0
e73471e1,D Link DWR M920 B1,Routeur_Modem,D Link DWR M920 B1,8 900 DA,b1,1
e73471e1,D Link DWR M920 B1,Routeur_Modem,D Link DWR M920 B1,8 900 DA,d  link,1
844c2ce6,D Tech Tablette D Tech 8,Tablette,Tablette D Tech 8,15 500 DA,oco,0
844c2ce6,D Tech Tablette D Tech 8,Tablette,Tablette D Tech 8,15 500 DA,eq2,0
f5350ba5,D Link Clé 4G DWR 910M Wifi,Routeur_Modem,Clé 4G DWR 910M Wifi,4 500 DA,el djaziira,0
df7a5817,D Link DWR G403,Routeur_Modem,D Link DWR G403,10 500 DA,accessoire general,0
f5350ba5,D Link Clé 4G DWR 910M Wifi,Routeur_Modem,Clé 4G DWR 910M Wifi,4 500 DA,d link clé,1
5b33db8f,TCL HH40L1,Routeur_Modem,TCL HH40L1,8 690 DA,bank,0
737d1d6b,ZTE NUBIA Neo2 5G,Smartphone,ZTE NUBIA Neo2 5G,49 900 DA,neo2,1
51c3b694,D Tech Tablette D Tech 10,Tablette,Tablette D Tech 10,18 100 DA,type,0
51c3b694,D Tech Tablette D Tech 10,Tablette,Tablette D Tech 10,18 100 DA,mannersport,0
844c2ce6,D Tech Tablette D Tech 8,Tablette,Tablette D Tech 8,15 500 DA,d tech,1
f5350ba5,D Link Clé 4G DWR 910M Wifi,Routeur_Modem,Clé 4G DWR 910M Wifi,4 500 DA,4a,0
844c2ce6,D Tech Tablette D Tech 8,Tablette,Tablette D Tech 8,15 500 DA,ab,1
51c3b694,D Tech Tablette D Tech 10,Tablette,Tablette D Tech 10,18 100 DA,5g,0
964f844a,D Tech Power Bank DPC65,Accessoire_General,Power Bank DPC65,7 990 DA,d techp ower,1
9cb292bd,D Tech Tablette D Tech 7,Tablette,Tablette D Tech 7,13 200 DA,tech,1
82197887,ZTE NUBIA MUSIC POP ART,Smartphone,NUBIA MUSIC POP ART,25 500 DA,revaloe,0
844c2ce6,D Tech Tablette D Tech 8,Tablette,Tablette D Tech 8,15 500 DA,tab,1
737d1d6b,ZTE NUBIA Neo2 5G,Smartphone,ZTE NUBIA Neo2 5G,49 900 DA,hoco,0
e73471e1,D Link DWR M920 B1,Routeur_Modem,D Link DWR M920 B1,8 900 DA,mc,0
844c2ce6,D Tech Tablette D Tech 8,Tablette,Tablette D Tech 8,15 500 DA,d tech,1
aedf3d03,D Link DWR M961,Routeur_Modem,D Link DWR M961,9 900 DA,accessoire charge,0
e73471e1,D Link DWR M920 B1,Routeur_Modem,D Link DWR M920 B1,8 900 DA,lnik,1
5b33db8f,TCL HH40L1,Routeur_Modem,TCL HH40L1,8 690 DA,el djazira cccld003,0
9cb292bd,D Tech Tablette D Tech 7,Tablette,Tablette D Tech 7,13 200 DA, tech,1
6f27bb2d,EL DJAZIRA CULD012 TYPE C,Accessoire_General,CULD012 TYPE C,550 DA,tpe,1
e73471e1,D Link DWR M920 B1,Routeur_Modem,D Link DWR M920 B1,8 900 DA,hhoco,0
737d1d6b,ZTE NUBIA Neo2 5G,Smartphone,ZTE NUBIA Neo2 5G,49 900 DA,zte zte,1
df7a5817,D Link DWR G403,Routeur_Modem,D Link DWR G403,10 500 DA,d ilnk d,1
30887e16,Revaleo LCH 086 QC3 3A TYPE C,Accessoire_General,LCH 086 QC3 3A TYPE C,1 250 DA,hocco,0
737d1d6b,ZTE NUBIA Neo2 5G,Smartphone,ZTE NUBIA Neo2 5G,49 900 DA,n13,0
9461652e,HOCO ECOUTEUR EQ4,Accessoire_Audio,ECOUTEUR EQ4,4 800 DA,hoco,0
844c2ce6,D Tech Tablette D Tech 8,Tablette,Tablette D Tech 8,15 500 DA,d tech tablette,1
844c2ce6,D Tech Tablette D Tech 8,Tablette,Tablette D Tech 8,15 500 DA,d teech,1
51c3b694,D Tech Tablette D Tech 10,Tablette,Tablette D Tech 10,18 100 DA,el ddjazira ccld,0
9cb292bd,D Tech Tablette D Tech 7,Tablette,Tablette D Tech 7,13 200 DA,hc11,0
ee096ae0,EL DJAZIRA CULD002 TYPE C,Accessoire_General,CULD002 TYPE C,650 DA,accessoire general,1
e73471e1,D Link DWR M920 B1,Routeur_Modem,D Link DWR M920 B1,8 900 DA,910m,0
51c3b694,D Tech Tablette D Tech 10,Tablette,Tablette D Tech 10,18 100 DA,d tech ttablette,1
844c2ce6,D Tech Tablette D Tech 8,Tablette,Tablette D Tech 8,15 500 DA,tech,1
aedf3d03,D Link DWR M961,Routeur_Modem,D Link DWR M961,9 900 DA,el djzaira fcld007,0
5b33db8f,TCL HH40L1,Routeur_Modem,TCL HH40L1,8 690 DA,roteur modem,1
844c2ce6,D Tech Tablette D Tech 8,Tablette,Tablette D Tech 8,15 500 DA,hoco chargeur,0
cdc65717,ZTE BLADE A75,Smartphone,ZTE BLADE A75,31 900 DA,zte zte,1
8193aed5,HOCO PWB 20 000 mah J52A,Accessoire_Audio,PWB 20 000 mah J52A,4 300 DA,hoco,1
f5350ba5,D Link Clé 4G DWR 910M Wifi,Routeur_Modem,Clé 4G DWR 910M Wifi,4 500 DA,ecouteur,0
9129a21d,TECNO SPARK Go 1,Smartphone,SPARK Go 1,18 000 DA,tecno,1
d1abf471,HOCO Dual Port C88A MICRO,Accessoire_Audio,Dual Port C88A MICRO,900 DA,d tech powerr,0
51c3b694,D Tech Tablette D Tech 10,Tablette,Tablette D Tech 10,18 100 DA,tech,1
e73471e1,D Link DWR M920 B1,Routeur_Modem,D Link DWR M920 B1,8 900 DA,d ilnk,1
503172d4,HOCO DUAL PORT C103A TYPE C,Accessoire_Audio,DUAL PORT C103A TYPE C,850 DA,type,1
5b33db8f,TCL HH40L1,Routeur_Modem,TCL HH40L1,8 690 DA,4g,1
aedf3d03,D Link DWR M961,Routeur_Modem,D Link DWR M961,9 900 DA,lc,0
51c3b694,D Tech Tablette D Tech 10,Tablette,Tablette D Tech 10,18 100 DA,d tech tablette,1
51c3b694,D Tech Tablette D Tech 10,Tablette,Tablette D Tech 10,18 100 DA,d etch,0
f5350ba5,D Link Clé 4G DWR 910M Wifi,Routeur_Modem,Clé 4G DWR 910M Wifi,4 500 DA,type,0
87f8f1c1,D Link BOX Home M915V,Routeur_Modem,BOX Home M915V,9 100 DA,ox,1
f5350ba5,D Link Clé 4G DWR 910M Wifi,Routeur_Modem,Clé 4G DWR 910M Wifi,4 500 DA,accessoire audio,0
f5350ba5,D Link Clé 4G DWR 910M Wifi,Routeur_Modem,Clé 4G DWR 910M Wifi,4 500 DA,routeur modem,1
87f8f1c1,D Link BOX Home M915V,Routeur_Modem,BOX Home M915V,9 100 DA,type,0
844c2ce6,D Tech Tablette D Tech 8,Tablette,Tablette D Tech 8,15 500 DA,rb,0
87f8f1c1,D Link BOX Home M915V,Routeur_Modem,BOX Home M915V,9 100 DA,wwifi,1
51c3b694,D Tech Tablette D Tech 10,Tablette,Tablette D Tech 10,18 100 DA,ytpe,0
df7a5817,D Link DWR G403,Routeur_Modem,D Link DWR G403,10 500 DA,g403,1
e73471e1,D Link DWR M920 B1,Routeur_Modem,D Link DWR M920 B1,8 900 DA,d link d,1
d69c72b8,Revaleo RTC 004 MICRO USB,Accessoire_Charge,RTC 004 MICRO USB,800 DA,micr,1
aedf3d03,D Link DWR M961,Routeur_Modem,D Link DWR M961,9 900 DA,lik,1
33312035,Revaleo LCH 082 TYPE C,Accessoire_General,LCH 082 TYPE C,1 300 DA,revaleo lch,1
737d1d6b,ZTE NUBIA Neo2 5G,Smartphone,ZTE NUBIA Neo2 5G,49 900 DA,routeur moem,0
df7a5817,D Link DWR G403,Routeur_Modem,D Link DWR G403,10 500 DA,tab,0
844c2ce6,D Tech Tablette D Tech 8,Tablette,Tablette D Tech 8,15 500 DA,tba,1
f207d538,ZTE Blade A55,Smartphone,Blade A55,20 900 DA,ztee,1
844c2ce6,D Tech Tablette D Tech 8,Tablette,Tablette D Tech 8,15 500 DA,d tech tablette,1
cdc65717,ZTE BLADE A75,Smartphone,ZTE BLADE A75,31 900 DA,smarthone,1
9129a21d,TECNO SPARK Go 1,Smartphone,SPARK Go 1,18 000 DA,tecno spark,1
9cb292bd,D Tech Tablette D Tech 7,Tablette,Tablette D Tech 7,13 200 DA,sb,0
ee096ae0,EL DJAZIRA CULD002 TYPE C,Accessoire_General,CULD002 TYPE C,650 DA,el djazira,0
87f8f1c1,D Link BOX Home M915V,Routeur_Modem,BOX Home M915V,9 100 DA,hoc,0
e6c50ee8,HOCO QC3 0 C72Q MICRO,Accessoire_Audio,QC3 0 C72Q MICRO,1 100 DA,c72q,1
e0afe04d,EL DJAZIRA CCLD 001C MICRO USB,Accessoire_Charge,CCLD 001C MICRO USB,1 300 DA,accessoire generaal,0
5e834565,Revaleo TK80 QC3 MICRO USB,Accessoire_Charge,TK80 QC3 MICRO USB,800 DA,accessoire chaarge,0
f5350ba5,D Link Clé 4G DWR 910M Wifi,Routeur_Modem,Clé 4G DWR 910M Wifi,4 500 DA,usb,0
844c2ce6,D Tech Tablette D Tech 8,Tablette,Tablette D Tech 8,15 500 DA,hoco,0
df7a5817,D Link DWR G403,Routeur_Modem,D Link DWR G403,10 500 DA,4g,1
aedf3d03,D Link DWR M961,Routeur_Modem,D Link DWR M961,9 900 DA,revaleo lch,0
e73471e1,D Link DWR M920 B1,Routeur_Modem,D Link DWR M920 B1,8 900 DA,hoco,0
f5350ba5,D Link Clé 4G DWR 910M Wifi,Routeur_Modem,Clé 4G DWR 910M Wifi,4 500 DA,clé,1
aedf3d03,D Link DWR M961,Routeur_Modem,D Link DWR M961,9 900 DA,m61,1
f5350ba5,D Link Clé 4G DWR 910M Wifi,Routeur_Modem,Clé 4G DWR 910M Wifi,4 500 DA,ecouteur,0
9cb292bd,D Tech Tablette D Tech 7,Tablette,Tablette D Tech 7,13 200 DA,tech,1
51c3b694,D Tech Tablette D Tech 10,Tablette,Tablette D Tech 10,18 100 DA,tehc,1
9cb292bd,D Tech Tablette D Tech 7,Tablette,Tablette D Tech 7,13 200 DA,tab,1
82197887,ZTE NUBIA MUSIC POP ART,Smartphone,NUBIA MUSIC POP ART,25 500 DA,usb,0
9cb292bd,D Tech Tablette D Tech 7,Tablette,Tablette D Tech 7,13 200 DA,10,0
e73471e1,D Link DWR M920 B1,Routeur_Modem,D Link DWR M920 B1,8 900 DA,hoco x85,0
844c2ce6,D Tech Tablette D Tech 8,Tablette,Tablette D Tech 8,15 500 DA,linnk,0
df7a5817,D Link DWR G403,Routeur_Modem,D Link DWR G403,10 500 DA,accessoire audio,0
51c3b694,D Tech Tablette D Tech 10,Tablette,Tablette D Tech 10,18 100 DA,ell djazira fcld013,0
844c2ce6,D Tech Tablette D Tech 8,Tablette,Tablette D Tech 8,15 500 DA,c27q,0
cdc65717,ZTE BLADE A75,Smartphone,ZTE BLADE A75,31 900 DA,ttipe,0
51c3b694,D Tech Tablette D Tech 10,Tablette,Tablette D Tech 10,18 100 DA,d etch,1
f5350ba5,D Link Clé 4G DWR 910M Wifi,Routeur_Modem,Clé 4G DWR 910M Wifi,4 500 DA,wfi,1
f5350ba5,D Link Clé 4G DWR 910M Wifi,Routeur_Modem,Clé 4G DWR 910M Wifi,4 500 DA,10,0
51c3b694,D Tech Tablette D Tech 10,Tablette,Tablette D Tech 10,18 100 DA,el djazira fcld007,0
802f6a69,EL DJAZIRA FCLD007,Accessoire_General,FCLD007,1 450 DA,x82,0
87f8f1c1,D Link BOX Home M915V,Routeur_Modem,BOX Home M915V,9 100 DA,4g,1
df7a5817,D Link DWR G403,Routeur_Modem,D Link DWR G403,10 500 DA,ink,1
5b33db8f,TCL HH40L1,Routeur_Modem,TCL HH40L1,8 690 DA,tcl tcl,1
df7a5817,D Link DWR G403,Routeur_Modem,D Link DWR G403,10 500 DA,g043,1
aedf3d03,D Link DWR M961,Routeur_Modem,D Link DWR M961,9 900 DA,revaleo rcc,0
51c3b694,D Tech Tablette D Tech 10,Tablette,Tablette D Tech 10,18 100 DA,dtech,1
5b33db8f,TCL HH40L1,Routeur_Modem,TCL HH40L1,8 690 DA,routeur modem,1
aedf3d03,D Link DWR M961,Routeur_Modem,D Link DWR M961,9 900 DA,link,1
51c3b694,D Tech Tablette D Tech 10,Tablette,Tablette D Tech 10,18 100 DA,c72q,0
0ae3b7d8,ZTE BLADE V60 DESIGN,Smartphone,ZTE BLADE V60 DESIGN,32 900 DA,smartphnoe,1
4f38c61d,HOCO Silicone 2 4A X82 IP,Accessoire_Audio,Silicone 2 4A X82 IP,1 500 DA,silicone,1
51c3b694,D Tech Tablette D Tech 10,Tablette,Tablette D Tech 10,18 100 DA,revaleo k,0
87f8f1c1,D Link BOX Home M915V,Routeur_Modem,BOX Home M915V,9 100 DA,accessoire charge,0
aedf3d03,D Link DWR M961,Routeur_Modem,D Link DWR M961,9 900 DA,d lnk d,1
4dc74c0b,HOCO CUP CAR HOLDER CA95,Accessoire_Audio,CUP CAR HOLDER CA95,1 800 DA,cra,1
f5350ba5,D Link Clé 4G DWR 910M Wifi,Routeur_Modem,Clé 4G DWR 910M Wifi,4 500 DA,4g,1
c2089f87,HOCO QC3 0 C72Q TYPE C,Accessoire_Audio,QC3 0 C72Q TYPE C,1 100 DA,hoco qc33,1
4e786d3b,Revaleo RCB 007 5A VOOC TYPE C,Accessoire_General,RCB 007 5A VOOC TYPE C,800 DA,routeur modem,0
51c3b694,D Tech Tablette D Tech 10,Tablette,Tablette D Tech 10,18 100 DA,d  tech,1
df7a5817,D Link DWR G403,Routeur_Modem,D Link DWR G403,10 500 DA,4g,1
9cb292bd,D Tech Tablette D Tech 7,Tablette,Tablette D Tech 7,13 200 DA,tech,1
df7a5817,D Link DWR G403,Routeur_Modem,D Link DWR G403,10 500 DA,lnik,1
9cb292bd,D Tech Tablette D Tech 7,Tablette,Tablette D Tech 7,13 200 DA,type,0
0ace84cd,Revaleo TK 75,Accessoire_General,TK 75,700 DA,écouteus,0
d173166c,Revaleo LCH 219 3USB TYPE C,Accessoire_Charge,LCH 219 3USB TYPE C,1 100 DA,type,0
b002ea00,HOCO CABLE SILICONE 3A X82,Accessoire_Audio,CABLE SILICONE 3A X82,1 500 DA,accessoire audio,1
0ae3b7d8,ZTE BLADE V60 DESIGN,Smartphone,ZTE BLADE V60 DESIGN,32 900 DA,s4,0
e73471e1,D Link DWR M920 B1,Routeur_Modem,D Link DWR M920 B1,8 900 DA,link,1
aedf3d03,D Link DWR M961,Routeur_Modem,D Link DWR M961,9 900 DA,wifi,1
9cb292bd,D Tech Tablette D Tech 7,Tablette,Tablette D Tech 7,13 200 DA,tech,1
82197887,ZTE NUBIA MUSIC POP ART,Smartphone,NUBIA MUSIC POP ART,25 500 DA,tze,1
f207d538,ZTE Blade A55,Smartphone,Blade A55,20 900 DA,blade,1
5b33db8f,TCL HH40L1,Routeur_Modem,TCL HH40L1,8 690 DA,lch,0
9cb292bd,D Tech Tablette D Tech 7,Tablette,Tablette D Tech 7,13 200 DA,d tech tablette,1
cdc65717,ZTE BLADE A75,Smartphone,ZTE BLADE A75,31 900 DA,smartphoen,1
41e04e2e,D Tech Power Bank DP15,Accessoire_General,Power Bank DP15,4 590 DA,atb,0
83ef63bb,Revaleo RCB 86 MICRO USB,Accessoire_Charge,RCB 86 MICRO USB,300 DA,accessoire charge,1
87f8f1c1,D Link BOX Home M915V,Routeur_Modem,BOX Home M915V,9 100 DA,4g,1
9cb292bd,D Tech Tablette D Tech 7,Tablette,Tablette D Tech 7,13 200 DA,tablette,1
36660025,HOCO SPORTS BT SPEAKER HC13,Accessoire_Audio,SPORTS BT SPEAKER HC13,3 500 DA,el djazira cable,0
51c3b694,D Tech Tablette D Tech 10,Tablette,Tablette D Tech 10,18 100 DA,accessoire charge,0
51c3b694,D Tech Tablette D Tech 10,Tablette,Tablette D Tech 10,18 100 DA,microo,0
88e90c36,TECNO POVA 6,Smartphone,POVA 6,43 300 DA,ip,0
51c3b694,D Tech Tablette D Tech 10,Tablette,Tablette D Tech 10,18 100 DA,d tech tablette,1
87f8f1c1,D Link BOX Home M915V,Routeur_Modem,BOX Home M915V,9 100 DA,accessoire charge,0
29fb7c1d,EL DJAZIRA FCLD 009 S4 MICRO USB,Accessoire_Charge,FCLD 009 S4 MICRO USB,1 800 DA,accessoire audio,0
c8256303,ZTE BLADE A35,Smartphone,ZTE BLADE A35,17 900 DA,blade,1
aedf3d03,D Link DWR M961,Routeur_Modem,D Link DWR M961,9 900 DA,m91,1
df7a5817,D Link DWR G403,Routeur_Modem,D Link DWR G403,10 500 DA,d lin,1
5b33db8f,TCL HH40L1,Routeur_Modem,TCL HH40L1,8 690 DA,tcl tcl,1
d173166c,Revaleo LCH 219 3USB TYPE C,Accessoire_Charge,LCH 219 3USB TYPE C,1 100 DA,ch,1
5b33db8f,TCL HH40L1,Routeur_Modem,TCL HH40L1,8 690 DA,75,0
87f8f1c1,D Link BOX Home M915V,Routeur_Modem,BOX Home M915V,9 100 DA,accessoire generl,0
d4d94faf,HOCO ECOUTEUR EQ1,Accessoire_Audio,ECOUTEUR EQ1,2 950 DA,accessoire general,0
aedf3d03,D Link DWR M961,Routeur_Modem,D Link DWR M961,9 900 DA,0144,0
88e90c36,TECNO POVA 6,Smartphone,POVA 6,43 300 DA,micro,0
f5350ba5,D Link Clé 4G DWR 910M Wifi,Routeur_Modem,Clé 4G DWR 910M Wifi,4 500 DA,910m,1
03a1ebbd,Revaleo RTC 003 3USB MICRO USB,Accessoire_Charge,RTC 003 3USB MICRO USB,1 200 DA,wifi,0
844c2ce6,D Tech Tablette D Tech 8,Tablette,Tablette D Tech 8,15 500 DA,accessoire audio,0
5b33db8f,TCL HH40L1,Routeur_Modem,TCL HH40L1,8 690 DA,tcl,1
054fcc38,Revaleo RCB 005 TYPE C,Accessoire_General,RCB 005 TYPE C,500 DA,revaleo lcch,0
9cb292bd,D Tech Tablette D Tech 7,Tablette,Tablette D Tech 7,13 200 DA,86,0
df7a5817,D Link DWR G403,Routeur_Modem,D Link DWR G403,10 500 DA,wifi,1
0ae3b7d8,ZTE BLADE V60 DESIGN,Smartphone,ZTE BLADE V60 DESIGN,32 900 DA,acessoire general,0
737d1d6b,ZTE NUBIA Neo2 5G,Smartphone,ZTE NUBIA Neo2 5G,49 900 DA,291,0
87f8f1c1,D Link BOX Home M915V,Routeur_Modem,BOX Home M915V,9 100 DA,hoco ecouteur,0
87f8f1c1,D Link BOX Home M915V,Routeur_Modem,BOX Home M915V,9 100 DA,4g,1
d944ef59,Revaleo LCH 082 MICRO USB,Accessoire_Charge,LCH 082 MICRO USB,1 250 DA,micro,0
e73471e1,D Link DWR M920 B1,Routeur_Modem,D Link DWR M920 B1,8 900 DA,wr,1
9cb292bd,D Tech Tablette D Tech 7,Tablette,Tablette D Tech 7,13 200 DA,routeur modem,0
9cb292bd,D Tech Tablette D Tech 7,Tablette,Tablette D Tech 7,13 200 DA,d tech  tablette,1
9129a21d,TECNO SPARK Go 1,Smartphone,SPARK Go 1,18 000 DA,ubia,0
49d2f7b9,HOCO Single Port C81A TYPE C,Accessoire_Audio,Single Port C81A TYPE C,850 DA,prt,1
51c3b694,D Tech Tablette D Tech 10,Tablette,Tablette D Tech 10,18 100 DA,fcld013,0
c8256303,ZTE BLADE A35,Smartphone,ZTE BLADE A35,17 900 DA,hoco,0
0ae3b7d8,ZTE BLADE V60 DESIGN,Smartphone,ZTE BLADE V60 DESIGN,32 900 DA,tk,0
0ae3b7d8,ZTE BLADE V60 DESIGN,Smartphone,ZTE BLADE V60 DESIGN,32 900 DA,revaleo,0
87f8f1c1,D Link BOX Home M915V,Routeur_Modem,BOX Home M915V,9 100 DA,psld002,0
51c3b694,D Tech Tablette D Tech 10,Tablette,Tablette D Tech 10,18 100 DA,blade,0
87f8f1c1,D Link BOX Home M915V,Routeur_Modem,BOX Home M915V,9 100 DA,obx,1
91380175,HOCO X76 3in1 Charging Cable,Accessoire_Audio,X76 3in1 Charging Cable,1 200 DA,x76,1
88e90c36,TECNO POVA 6,Smartphone,POVA 6,43 300 DA,teco,1
c74b49e7,EL DJAZIRA CULD007 TYPE C,Accessoire_General,CULD007 TYPE C,500 DA,culd07,1
9cb292bd,D Tech Tablette D Tech 7,Tablette,Tablette D Tech 7,13 200 DA,revaleo tk,0
df7a5817,D Link DWR G403,Routeur_Modem,D Link DWR G403,10 500 DA,wdr,1
9129a21d,TECNO SPARK Go 1,Smartphone,SPARK Go 1,18 000 DA,fcld,0
5b33db8f,TCL HH40L1,Routeur_Modem,TCL HH40L1,8 690 DA,tlc,1
87f8f1c1,D Link BOX Home M915V,Routeur_Modem,BOX Home M915V,9 100 DA,wifi,1
aedf3d03,D Link DWR M961,Routeur_Modem,D Link DWR M961,9 900 DA,4g,1
5b33db8f,TCL HH40L1,Routeur_Modem,TCL HH40L1,8 690 DA,rtc,0
e80f62a2,D Tech Power Bank DP20H,Accessoire_General,Power Bank DP20H,3 290 DA,earphonse,0
844c2ce6,D Tech Tablette D Tech 8,Tablette,Tablette D Tech 8,15 500 DA,ip,0
5b33db8f,TCL HH40L1,Routeur_Modem,TCL HH40L1,8 690 DA,tcl,1
0ae3b7d8,ZTE BLADE V60 DESIGN,Smartphone,ZTE BLADE V60 DESIGN,32 900 DA,type,0
a7c8b379,D Tech Power Bank DP1 Mini,Accessoire_General,Power Bank DP1 Mini,2 200 DA,power,1
87f8f1c1,D Link BOX Home M915V,Routeur_Modem,BOX Home M915V,9 100 DA,accessoire auido,0
f5350ba5,D Link Clé 4G DWR 910M Wifi,Routeur_Modem,Clé 4G DWR 910M Wifi,4 500 DA,d tecch power,0
df7a5817,D Link DWR G403,Routeur_Modem,D Link DWR G403,10 500 DA,qqc3,0
88e90c36,TECNO POVA 6,Smartphone,POVA 6,43 300 DA,pova,1
87f8f1c1,D Link BOX Home M915V,Routeur_Modem,BOX Home M915V,9 100 DA,73,0
0ae3b7d8,ZTE BLADE V60 DESIGN,Smartphone,ZTE BLADE V60 DESIGN,32 900 DA,hoco c10a1,0
9129a21d,TECNO SPARK Go 1,Smartphone,SPARK Go 1,18 000 DA,fcdl013,0
0ae3b7d8,ZTE BLADE V60 DESIGN,Smartphone,ZTE BLADE V60 DESIGN,32 900 DA,type,0
f5350ba5,D Link Clé 4G DWR 910M Wifi,Routeur_Modem,Clé 4G DWR 910M Wifi,4 500 DA,hcoo,0
9cb292bd,D Tech Tablette D Tech 7,Tablette,Tablette D Tech 7,13 200 DA,l djazira fcld013,0
87f8f1c1,D Link BOX Home M915V,Routeur_Modem,BOX Home M915V,9 100 DA,m195v,1
9cb292bd,D Tech Tablette D Tech 7,Tablette,Tablette D Tech 7,13 200 DA,accessoire genearl,0
2e57fc73,HOCO X88 Charging Cable,Accessoire_Audio,X88 Charging Cable,400 DA,port,0
87f8f1c1,D Link BOX Home M915V,Routeur_Modem,BOX Home M915V,9 100 DA,wifi,1
844c2ce6,D Tech Tablette D Tech 8,Tablette,Tablette D Tech 8,15 500 DA,tyep,0
15f29a3c,Revaleo RCC 004 TYPE C,Accessoire_General,RCC 004 TYPE C,900 DA,revaleo rcb,0
9cb292bd,D Tech Tablette D Tech 7,Tablette,Tablette D Tech 7,13 200 DA,d teech,1
87f8f1c1,D Link BOX Home M915V,Routeur_Modem,BOX Home M915V,9 100 DA,accessoire audio,0
df7a5817,D Link DWR G403,Routeur_Modem,D Link DWR G403,10 500 DA,zte zte,0
9cb292bd,D Tech Tablette D Tech 7,Tablette,Tablette D Tech 7,13 200 DA,ttablette,1
87f8f1c1,D Link BOX Home M915V,Routeur_Modem,BOX Home M915V,9 100 DA,hoome,1
844c2ce6,D Tech Tablette D Tech 8,Tablette,Tablette D Tech 8,15 500 DA,atb,1
9cb292bd,D Tech Tablette D Tech 7,Tablette,Tablette D Tech 7,13 200 DA,ubs,0
737d1d6b,ZTE NUBIA Neo2 5G,Smartphone,ZTE NUBIA Neo2 5G,49 900 DA,hoco,0
5b33db8f,TCL HH40L1,Routeur_Modem,TCL HH40L1,8 690 DA,004,0
51c3b694,D Tech Tablette D Tech 10,Tablette,Tablette D Tech 10,18 100 DA,10,1
aedf3d03,D Link DWR M961,Routeur_Modem,D Link DWR M961,9 900 DA,d lin,1
9cb292bd,D Tech Tablette D Tech 7,Tablette,Tablette D Tech 7,13 200 DA,ar,0
0ae3b7d8,ZTE BLADE V60 DESIGN,Smartphone,ZTE BLADE V60 DESIGN,32 900 DA,zte,1
aedf3d03,D Link DWR M961,Routeur_Modem,D Link DWR M961,9 900 DA,cudl007,0
5b33db8f,TCL HH40L1,Routeur_Modem,TCL HH40L1,8 690 DA,ruteur modem,1
82197887,ZTE NUBIA MUSIC POP ART,Smartphone,NUBIA MUSIC POP ART,25 500 DA,zte,1
df7a5817,D Link DWR G403,Routeur_Modem,D Link DWR G403,10 500 DA,drw,1
e73471e1,D Link DWR M920 B1,Routeur_Modem,D Link DWR M920 B1,8 900 DA,ios,0
87f8f1c1,D Link BOX Home M915V,Routeur_Modem,BOX Home M915V,9 100 DA,routeur modem,1
5b33db8f,TCL HH40L1,Routeur_Modem,TCL HH40L1,8 690 DA,routuer modem,1
cdc65717,ZTE BLADE A75,Smartphone,ZTE BLADE A75,31 900 DA,90m,0
51c3b694,D Tech Tablette D Tech 10,Tablette,Tablette D Tech 10,18 100 DA,bblade,0
844c2ce6,D Tech Tablette D Tech 8,Tablette,Tablette D Tech 8,15 500 DA,aux,0
9cb292bd,D Tech Tablette D Tech 7,Tablette,Tablette D Tech 7,13 200 DA,cculd010,0
41825058,Revaleo EARBUDS REVALEO V6,Accessoire_Audio,EARBUDS REVALEO V6,6 500 DA,revaelo,1
f1987c36,EL DJAZIRA CHARGEUR PSLD002,Accessoire_Charge,CHARGEUR PSLD002,3 000 DA,accessoire gneeral,0
aedf3d03,D Link DWR M961,Routeur_Modem,D Link DWR M961,9 900 DA,deesign,0
51c3b694,D Tech Tablette D Tech 10,Tablette,Tablette D Tech 10,18 100 DA,tab,0
49d2f7b9,HOCO Single Port C81A TYPE C,Accessoire_Audio,Single Port C81A TYPE C,850 DA,hoco,1
51c3b694,D Tech Tablette D Tech 10,Tablette,Tablette D Tech 10,18 100 DA,tablette,1
f207d538,ZTE Blade A55,Smartphone,Blade A55,20 900 DA,a55,1
9cb292bd,D Tech Tablette D Tech 7,Tablette,Tablette D Tech 7,13 200 DA,ech,1
9cb292bd,D Tech Tablette D Tech 7,Tablette,Tablette D Tech 7,13 200 DA,d tech,1
9cb292bd,D Tech Tablette D Tech 7,Tablette,Tablette D Tech 7,13 200 DA,cbale,0
aedf3d03,D Link DWR M961,Routeur_Modem,D Link DWR M961,9 900 DA,routeu modem,1
5b33db8f,TCL HH40L1,Routeur_Modem,TCL HH40L1,8 690 DA,h40l1,1
b002ea00,HOCO CABLE SILICONE 3A X82,Accessoire_Audio,CABLE SILICONE 3A X82,1 500 DA,hcoo,0
9129a21d,TECNO SPARK Go 1,Smartphone,SPARK Go 1,18 000 DA,hoco,0
f207d538,ZTE Blade A55,Smartphone,Blade A55,20 900 DA,accesssoire audio,0
2dda0e31,Revaleo RCB 005 MICRO USB,Accessoire_Charge,RCB 005 MICRO USB,400 DA,hooco chargeur,0
f0a4b0b1,EL DJAZIRA CULD010 MICRO USB,Accessoire_Charge,CULD010 MICRO USB,500 DA,10,0
aedf3d03,D Link DWR M961,Routeur_Modem,D Link DWR M961,9 900 DA,ub,0
0ae3b7d8,ZTE BLADE V60 DESIGN,Smartphone,ZTE BLADE V60 DESIGN,32 900 DA,ze,0
f5350ba5,D Link Clé 4G DWR 910M Wifi,Routeur_Modem,Clé 4G DWR 910M Wifi,4 500 DA,el djaziraf cld008,0
844c2ce6,D Tech Tablette D Tech 8,Tablette,Tablette D Tech 8,15 500 DA,ohco qc3,0
aedf3d03,D Link DWR M961,Routeur_Modem,D Link DWR M961,9 900 DA,micro,0
51c3b694,D Tech Tablette D Tech 10,Tablette,Tablette D Tech 10,18 100 DA,tech,1
e73471e1,D Link DWR M920 B1,Routeur_Modem,D Link DWR M920 B1,8 900 DA,wifi,1
f5350ba5,D Link Clé 4G DWR 910M Wifi,Routeur_Modem,Clé 4G DWR 910M Wifi,4 500 DA,5a,0
51c3b694,D Tech Tablette D Tech 10,Tablette,Tablette D Tech 10,18 100 DA,slicone,0
88e90c36,TECNO POVA 6,Smartphone,POVA 6,43 300 DA,tecno pova,1
33312035,Revaleo LCH 082 TYPE C,Accessoire_General,LCH 082 TYPE C,1 300 DA,hoco,0
f5350ba5,D Link Clé 4G DWR 910M Wifi,Routeur_Modem,Clé 4G DWR 910M Wifi,4 500 DA,lc,0
51c3b694,D Tech Tablette D Tech 10,Tablette,Tablette D Tech 10,18 100 DA,tablette,1
88e90c36,TECNO POVA 6,Smartphone,POVA 6,43 300 DA,hoco c97a,0
f5350ba5,D Link Clé 4G DWR 910M Wifi,Routeur_Modem,Clé 4G DWR 910M Wifi,4 500 DA,910m,1
bbe397ae,HOCO C97A TYPE C TO TYPE C,Accessoire_Audio,C97A TYPE C TO TYPE C,2 200 DA,ttype,1
aedf3d03,D Link DWR M961,Routeur_Modem,D Link DWR M961,9 900 DA,dwr,1
aedf3d03,D Link DWR M961,Routeur_Modem,D Link DWR M961,9 900 DA,el djazira charger,0
88e90c36,TECNO POVA 6,Smartphone,POVA 6,43 300 DA,9277,0
9cb292bd,D Tech Tablette D Tech 7,Tablette,Tablette D Tech 7,13 200 DA,910m,0
5b33db8f,TCL HH40L1,Routeur_Modem,TCL HH40L1,8 690 DA,iwfi,1
5b33db8f,TCL HH40L1,Routeur_Modem,TCL HH40L1,8 690 DA,4g,1
e73471e1,D Link DWR M920 B1,Routeur_Modem,D Link DWR M920 B1,8 900 DA,ccessoire general,0
5b33db8f,TCL HH40L1,Routeur_Modem,TCL HH40L1,8 690 DA,routeur  modem,1
9cb292bd,D Tech Tablette D Tech 7,Tablette,Tablette D Tech 7,13 200 DA,revaleo ttk,0
e73471e1,D Link DWR M920 B1,Routeur_Modem,D Link DWR M920 B1,8 900 DA,b1,1
9cb292bd,D Tech Tablette D Tech 7,Tablette,Tablette D Tech 7,13 200 DA,d tech poewr,0
e73471e1,D Link DWR M920 B1,Routeur_Modem,D Link DWR M920 B1,8 900 DA,to,0
844c2ce6,D Tech Tablette D Tech 8,Tablette,Tablette D Tech 8,15 500 DA,d ttech,1
9cb292bd,D Tech Tablette D Tech 7,Tablette,Tablette D Tech 7,13 200 DA,rc,0
f5350ba5,D Link Clé 4G DWR 910M Wifi,Routeur_Modem,Clé 4G DWR 910M Wifi,4 500 DA,ccld,0
5e834565,Revaleo TK80 QC3 MICRO USB,Accessoire_Charge,TK80 QC3 MICRO USB,800 DA,dp20h,0
9700a48e,EL DJAZIRA CAR MOUNTCHLD001  DV,Accessoire_Auto,CAR MOUNTCHLD001  DV,850 DA,dv,1
87f8f1c1,D Link BOX Home M915V,Routeur_Modem,BOX Home M915V,9 100 DA,accessoirre charge,0
cdc65717,ZTE BLADE A75,Smartphone,ZTE BLADE A75,31 900 DA,ew72,0
c8256303,ZTE BLADE A35,Smartphone,ZTE BLADE A35,17 900 DA,balde,1
9129a21d,TECNO SPARK Go 1,Smartphone,SPARK Go 1,18 000 DA,go,1
df7a5817,D Link DWR G403,Routeur_Modem,D Link DWR G403,10 500 DA,ohme,0
aedf3d03,D Link DWR M961,Routeur_Modem,D Link DWR M961,9 900 DA,4g,1
705f7822,HOCO C101A TYPE C TO TYPE C,Accessoire_Audio,C101A TYPE C TO TYPE C,2 700 DA,hocoo,1
51c3b694,D Tech Tablette D Tech 10,Tablette,Tablette D Tech 10,18 100 DA,m961,0
82197887,ZTE NUBIA MUSIC POP ART,Smartphone,NUBIA MUSIC POP ART,25 500 DA,msuic,1
87f8f1c1,D Link BOX Home M915V,Routeur_Modem,BOX Home M915V,9 100 DA,m951v,1
9dd6883e,HOCO Silicone 2 4A  X86 IP,Accessoire_Audio,Silicone 2 4A  X86 IP,1 200 DA,hoco,1
df7a5817,D Link DWR G403,Routeur_Modem,D Link DWR G403,10 500 DA,g043,1
8fa3eb17,Revaleo RTC 004 TYPE C,Accessoire_General,RTC 004 TYPE C,900 DA,to,0
bdf8217c,HOCO Écouteurs M1 PRO,Accessoire_Audio,Écouteurs M1 PRO,1 500 DA,oco écouteurs,1
51c3b694,D Tech Tablette D Tech 10,Tablette,Tablette D Tech 10,18 100 DA,d tceh,1
df7a5817,D Link DWR G403,Routeur_Modem,D Link DWR G403,10 500 DA,accessoire auido,0
9cb292bd,D Tech Tablette D Tech 7,Tablette,Tablette D Tech 7,13 200 DA,revaleo tk80,0
e73471e1,D Link DWR M920 B1,Routeur_Modem,D Link DWR M920 B1,8 900 DA,accessoire general,0
f5350ba5,D Link Clé 4G DWR 910M Wifi,Routeur_Modem,Clé 4G DWR 910M Wifi,4 500 DA,zte tze,0
f5350ba5,D Link Clé 4G DWR 910M Wifi,Routeur_Modem,Clé 4G DWR 910M Wifi,4 500 DA,revaleo rcb,0
5b33db8f,TCL HH40L1,Routeur_Modem,TCL HH40L1,8 690 DA,tcl tlc,1
aedf3d03,D Link DWR M961,Routeur_Modem,D Link DWR M961,9 900 DA,wifi,1
df7a5817,D Link DWR G403,Routeur_Modem,D Link DWR G403,10 500 DA,el djazira aux,0
82197887,ZTE NUBIA MUSIC POP ART,Smartphone,NUBIA MUSIC POP ART,25 500 DA,muusic,1
e73471e1,D Link DWR M920 B1,Routeur_Modem,D Link DWR M920 B1,8 900 DA,routeur modem,1
9cb292bd,D Tech Tablette D Tech 7,Tablette,Tablette D Tech 7,13 200 DA,tech,1
9129a21d,TECNO SPARK Go 1,Smartphone,SPARK Go 1,18 000 DA,spar,1
f5350ba5,D Link Clé 4G DWR 910M Wifi,Routeur_Modem,Clé 4G DWR 910M Wifi,4 500 DA,hoco c80a,0
88e90c36,TECNO POVA 6,Smartphone,POVA 6,43 300 DA,hc13,0
f5350ba5,D Link Clé 4G DWR 910M Wifi,Routeur_Modem,Clé 4G DWR 910M Wifi,4 500 DA,hoco ecouteur,0
cdc65717,ZTE BLADE A75,Smartphone,ZTE BLADE A75,31 900 DA,blade,1
6e7b5218,HOCO STEREO Earphones  M90,Accessoire_Audio,STEREO Earphones  M90,1 500 DA,accssoire audio,0
a923c5fd,HOCO Écouteurs  EW27,Accessoire_Audio,Écouteurs  EW27,3 400 DA,we27,1
df7a5817,D Link DWR G403,Routeur_Modem,D Link DWR G403,10 500 DA,wifi,1
9cb292bd,D Tech Tablette D Tech 7,Tablette,Tablette D Tech 7,13 200 DA,dtech,1
cdc65717,ZTE BLADE A75,Smartphone,ZTE BLADE A75,31 900 DA,zte,1
51c3b694,D Tech Tablette D Tech 10,Tablette,Tablette D Tech 10,18 100 DA,tab,1
5b33db8f,TCL HH40L1,Routeur_Modem,TCL HH40L1,8 690 DA,hh40l1,1
9cb292bd,D Tech Tablette D Tech 7,Tablette,Tablette D Tech 7,13 200 DA,psld002,0
f5350ba5,D Link Clé 4G DWR 910M Wifi,Routeur_Modem,Clé 4G DWR 910M Wifi,4 500 DA,cl,1
e73471e1,D Link DWR M920 B1,Routeur_Modem,D Link DWR M920 B1,8 900 DA,dwr,1
df7a5817,D Link DWR G403,Routeur_Modem,D Link DWR G403,10 500 DA,el djazira fcld0012,0
aedf3d03,D Link DWR M961,Routeur_Modem,D Link DWR M961,9 900 DA,hoco in,0
844c2ce6,D Tech Tablette D Tech 8,Tablette,Tablette D Tech 8,15 500 DA,fcld007,0
f5350ba5,D Link Clé 4G DWR 910M Wifi,Routeur_Modem,Clé 4G DWR 910M Wifi,4 500 DA,d llink clé,1
5e834565,Revaleo TK80 QC3 MICRO USB,Accessoire_Charge,TK80 QC3 MICRO USB,800 DA,accessooire charge,1
efe375f6,Revaleo LC 927 TYPE C,Accessoire_General,LC 927 TYPE C,500 DA,lc,1
f5350ba5,D Link Clé 4G DWR 910M Wifi,Routeur_Modem,Clé 4G DWR 910M Wifi,4 500 DA,oco in,0
51c3b694,D Tech Tablette D Tech 10,Tablette,Tablette D Tech 10,18 100 DA,tablette,1
844c2ce6,D Tech Tablette D Tech 8,Tablette,Tablette D Tech 8,15 500 DA,ztee,0
802f6a69,EL DJAZIRA FCLD007,Accessoire_General,FCLD007,1 450 DA,fcld007,1
844c2ce6,D Tech Tablette D Tech 8,Tablette,Tablette D Tech 8,15 500 DA,zte nubia,0
88e90c36,TECNO POVA 6,Smartphone,POVA 6,43 300 DA,ca76,0
cc3567ba,HOCO PD30W QC3 0 IN CAR  E70,Accessoire_Audio,PD30W QC3 0 IN CAR  E70,4 800 DA,accessoire general,0
18d42555,Revaleo RTC 003 3USB TYPE C,Accessoire_Charge,RTC 003 3USB TYPE C,1 250 DA,0033,1
36660025,HOCO SPORTS BT SPEAKER HC13,Accessoire_Audio,SPORTS BT SPEAKER HC13,3 500 DA,accessoire audio,1
9cb292bd,D Tech Tablette D Tech 7,Tablette,Tablette D Tech 7,13 200 DA,atb,1
9129a21d,TECNO SPARK Go 1,Smartphone,SPARK Go 1,18 000 DA,blade,0
51c3b694,D Tech Tablette D Tech 10,Tablette,Tablette D Tech 10,18 100 DA,routeurm odem,0
e73471e1,D Link DWR M920 B1,Routeur_Modem,D Link DWR M920 B1,8 900 DA,wifi,1
f5350ba5,D Link Clé 4G DWR 910M Wifi,Routeur_Modem,Clé 4G DWR 910M Wifi,4 500 DA,zte,0
f5350ba5,D Link Clé 4G DWR 910M Wifi,Routeur_Modem,Clé 4G DWR 910M Wifi,4 500 DA,dual,0
f5350ba5,D Link Clé 4G DWR 910M Wifi,Routeur_Modem,Clé 4G DWR 910M Wifi,4 500 DA,wifi,1
139d2fb5,EL DJAZIRA CULD012 MICRO USB,Accessoire_Charge,CULD012 MICRO USB,500 DA,usb,1
e73471e1,D Link DWR M920 B1,Routeur_Modem,D Link DWR M920 B1,8 900 DA,hoco couteurs,0
9129a21d,TECNO SPARK Go 1,Smartphone,SPARK Go 1,18 000 DA,miccro,0
f5350ba5,D Link Clé 4G DWR 910M Wifi,Routeur_Modem,Clé 4G DWR 910M Wifi,4 500 DA,910m,1
9cb292bd,D Tech Tablette D Tech 7,Tablette,Tablette D Tech 7,13 200 DA,el djazira fcld012,0
df7a5817,D Link DWR G403,Routeur_Modem,D Link DWR G403,10 500 DA,el djazira cuuld012,0
b0a1c859,HOCO EARPHONES MIC M1 PRO,Accessoire_Audio,EARPHONES MIC M1 PRO,1 500 DA,accessoire audio,0
cc3567ba,HOCO PD30W QC3 0 IN CAR  E70,Accessoire_Audio,PD30W QC3 0 IN CAR  E70,4 800 DA,car,1
87f8f1c1,D Link BOX Home M915V,Routeur_Modem,BOX Home M915V,9 100 DA,hoco ecouteur,0
9cb292bd,D Tech Tablette D Tech 7,Tablette,Tablette D Tech 7,13 200 DA,hoo,0
82197887,ZTE NUBIA MUSIC POP ART,Smartphone,NUBIA MUSIC POP ART,25 500 DA,nubi,1
df7a5817,D Link DWR G403,Routeur_Modem,D Link DWR G403,10 500 DA,routeur modem,1
d69c72b8,Revaleo RTC 004 MICRO USB,Accessoire_Charge,RTC 004 MICRO USB,800 DA,acessoire charge,1
87f8f1c1,D Link BOX Home M915V,Routeur_Modem,BOX Home M915V,9 100 DA,d link,1
844c2ce6,D Tech Tablette D Tech 8,Tablette,Tablette D Tech 8,15 500 DA,tehc,1
51c3b694,D Tech Tablette D Tech 10,Tablette,Tablette D Tech 10,18 100 DA,10,1
82197887,ZTE NUBIA MUSIC POP ART,Smartphone,NUBIA MUSIC POP ART,25 500 DA,music,1
9cb292bd,D Tech Tablette D Tech 7,Tablette,Tablette D Tech 7,13 200 DA,d tech tabblette,1
f5350ba5,D Link Clé 4G DWR 910M Wifi,Routeur_Modem,Clé 4G DWR 910M Wifi,4 500 DA,revaleo,0
aedf3d03,D Link DWR M961,Routeur_Modem,D Link DWR M961,9 900 DA,to,0
f5350ba5,D Link Clé 4G DWR 910M Wifi,Routeur_Modem,Clé 4G DWR 910M Wifi,4 500 DA,910mm,1
41e04e2e,D Tech Power Bank DP15,Accessoire_General,Power Bank DP15,4 590 DA,accessoire general,1
9cb292bd,D Tech Tablette D Tech 7,Tablette,Tablette D Tech 7,13 200 DA,tba,1
e73471e1,D Link DWR M920 B1,Routeur_Modem,D Link DWR M920 B1,8 900 DA,d lin d,1
0d43a74c,EL DJAZIRA MOUNTCHLD002,Accessoire_General,MOUNTCHLD002,950 DA,el djazira,0
0ae3b7d8,ZTE BLADE V60 DESIGN,Smartphone,ZTE BLADE V60 DESIGN,32 900 DA,revaleo rcb,0
5b33db8f,TCL HH40L1,Routeur_Modem,TCL HH40L1,8 690 DA,wifi,1
cdc65717,ZTE BLADE A75,Smartphone,ZTE BLADE A75,31 900 DA,le djazira,0
df7a5817,D Link DWR G403,Routeur_Modem,D Link DWR G403,10 500 DA,dwr,1
aedf3d03,D Link DWR M961,Routeur_Modem,D Link DWR M961,9 900 DA,d ilnk,1
df7a5817,D Link DWR G403,Routeur_Modem,D Link DWR G403,10 500 DA,d link d,1
aedf3d03,D Link DWR M961,Routeur_Modem,D Link DWR M961,9 900 DA,ohco qc3,0
f5350ba5,D Link Clé 4G DWR 910M Wifi,Routeur_Modem,Clé 4G DWR 910M Wifi,4 500 DA,type,0
ebaf792c,EL DJAZIRA CULD 014 S MICRO USB,Accessoire_Charge,CULD 014 S MICRO USB,450 DA,bx54,0
b132d198,EL DJAZIRA FCLD013 MICRO USB,Accessoire_Charge,FCLD013 MICRO USB,950 DA,tec,0
aedf3d03,D Link DWR M961,Routeur_Modem,D Link DWR M961,9 900 DA,d likn d,1
51c3b694,D Tech Tablette D Tech 10,Tablette,Tablette D Tech 10,18 100 DA,el djazira culd012,0
f5350ba5,D Link Clé 4G DWR 910M Wifi,Routeur_Modem,Clé 4G DWR 910M Wifi,4 500 DA,routeur modem,1
51c3b694,D Tech Tablette D Tech 10,Tablette,Tablette D Tech 10,18 100 DA,micr,0
5b33db8f,TCL HH40L1,Routeur_Modem,TCL HH40L1,8 690 DA,hh40l1,1
2dda0e31,Revaleo RCB 005 MICRO USB,Accessoire_Charge,RCB 005 MICRO USB,400 DA,accessoiree charge,1
aedf3d03,D Link DWR M961,Routeur_Modem,D Link DWR M961,9 900 DA,d link,1
aedf3d03,D Link DWR M961,Routeur_Modem,D Link DWR M961,9 900 DA,lch,0
f5350ba5,D Link Clé 4G DWR 910M Wifi,Routeur_Modem,Clé 4G DWR 910M Wifi,4 500 DA,routeur moddem,1
91380175,HOCO X76 3in1 Charging Cable,Accessoire_Audio,X76 3in1 Charging Cable,1 200 DA,hoco x766,1
f5350ba5,D Link Clé 4G DWR 910M Wifi,Routeur_Modem,Clé 4G DWR 910M Wifi,4 500 DA,el djazira fcld013,0
aedf3d03,D Link DWR M961,Routeur_Modem,D Link DWR M961,9 900 DA,powre,0
e73471e1,D Link DWR M920 B1,Routeur_Modem,D Link DWR M920 B1,8 900 DA,accesoire general,0
e73471e1,D Link DWR M920 B1,Routeur_Modem,D Link DWR M920 B1,8 900 DA,wifi,1
aedf3d03,D Link DWR M961,Routeur_Modem,D Link DWR M961,9 900 DA,accessoire audio,0
026e501d,Revaleo RCB 003 MICRO USB,Accessoire_Charge,RCB 003 MICRO USB,500 DA,c8a8,0
88e90c36,TECNO POVA 6,Smartphone,POVA 6,43 300 DA,pova,1
e73471e1,D Link DWR M920 B1,Routeur_Modem,D Link DWR M920 B1,8 900 DA,d link,1
83ef63bb,Revaleo RCB 86 MICRO USB,Accessoire_Charge,RCB 86 MICRO USB,300 DA,rcb,1
51c3b694,D Tech Tablette D Tech 10,Tablette,Tablette D Tech 10,18 100 DA,003,0
0ae3b7d8,ZTE BLADE V60 DESIGN,Smartphone,ZTE BLADE V60 DESIGN,32 900 DA,082,0
9cb292bd,D Tech Tablette D Tech 7,Tablette,Tablette D Tech 7,13 200 DA,d tch,1
8af3b552,HOCO CABLE BX54 TYPE C,Accessoire_Audio,CABLE BX54 TYPE C,399 DA,cable,0
a19db3e8,HOCO Data cable BX54 TYPE C,Accessoire_Audio,Data cable BX54 TYPE C,400 DA,accessoire geneeral,0
f5350ba5,D Link Clé 4G DWR 910M Wifi,Routeur_Modem,Clé 4G DWR 910M Wifi,4 500 DA,79,0
f5350ba5,D Link Clé 4G DWR 910M Wifi,Routeur_Modem,Clé 4G DWR 910M Wifi,4 500 DA,m961,0
e73471e1,D Link DWR M920 B1,Routeur_Modem,D Link DWR M920 B1,8 900 DA,4g,1
5f47afe2,Revaleo LC 927 MICRO USB,Accessoire_Charge,LC 927 MICRO USB,400 DA,3a,0
f5350ba5,D Link Clé 4G DWR 910M Wifi,Routeur_Modem,Clé 4G DWR 910M Wifi,4 500 DA,wifi,1
9cb292bd,D Tech Tablette D Tech 7,Tablette,Tablette D Tech 7,13 200 DA,culd0022,0
e73471e1,D Link DWR M920 B1,Routeur_Modem,D Link DWR M920 B1,8 900 DA,d link d,1
df7a5817,D Link DWR G403,Routeur_Modem,D Link DWR G403,10 500 DA,d ilnk,1
51c3b694,D Tech Tablette D Tech 10,Tablette,Tablette D Tech 10,18 100 DA,10,1
9cb292bd,D Tech Tablette D Tech 7,Tablette,Tablette D Tech 7,13 200 DA,tablete,1
f5350ba5,D Link Clé 4G DWR 910M Wifi,Routeur_Modem,Clé 4G DWR 910M Wifi,4 500 DA,cl,1
e73471e1,D Link DWR M920 B1,Routeur_Modem,D Link DWR M920 B1,8 900 DA,ccessoire general,0
fb9d4c38,EL DJAZIRA FCLD013 TYPE C,Accessoire_General,FCLD013 TYPE C,1 000 DA,type,1
5b33db8f,TCL HH40L1,Routeur_Modem,TCL HH40L1,8 690 DA,qc3,0
5b33db8f,TCL HH40L1,Routeur_Modem,TCL HH40L1,8 690 DA,0001c,0
aedf3d03,D Link DWR M961,Routeur_Modem,D Link DWR M961,9 900 DA,fcld010,0
aedf3d03,D Link DWR M961,Routeur_Modem,D Link DWR M961,9 900 DA,m961,1
e73471e1,D Link DWR M920 B1,Routeur_Modem,D Link DWR M920 B1,8 900 DA,ervaleo,0
aedf3d03,D Link DWR M961,Routeur_Modem,D Link DWR M961,9 900 DA,smartphone,0
f5350ba5,D Link Clé 4G DWR 910M Wifi,Routeur_Modem,Clé 4G DWR 910M Wifi,4 500 DA,wwifi,1
df7a5817,D Link DWR G403,Routeur_Modem,D Link DWR G403,10 500 DA,hoco cable,0
51c3b694,D Tech Tablette D Tech 10,Tablette,Tablette D Tech 10,18 100 DA,tba,1
e73471e1,D Link DWR M920 B1,Routeur_Modem,D Link DWR M920 B1,8 900 DA,m920,1
844c2ce6,D Tech Tablette D Tech 8,Tablette,Tablette D Tech 8,15 500 DA,tehc,1
5b33db8f,TCL HH40L1,Routeur_Modem,TCL HH40L1,8 690 DA,micro,0
f9d627ef,HOCO METAL HOLDER CA56,Accessoire_Audio,METAL HOLDER CA56,1 400 DA,ohco,1
844c2ce6,D Tech Tablette D Tech 8,Tablette,Tablette D Tech 8,15 500 DA,tech,1
df7a5817,D Link DWR G403,Routeur_Modem,D Link DWR G403,10 500 DA,fcld008,0
844c2ce6,D Tech Tablette D Tech 8,Tablette,Tablette D Tech 8,15 500 DA,charging,0
aedf3d03,D Link DWR M961,Routeur_Modem,D Link DWR M961,9 900 DA,dua,0
aedf3d03,D Link DWR M961,Routeur_Modem,D Link DWR M961,9 900 DA,wifi,1
a1b76c05,EL DJAZIRA FCLD010 MICRO USB,Accessoire_Charge,FCLD010 MICRO USB,1 300 DA,ub,1
aedf3d03,D Link DWR M961,Routeur_Modem,D Link DWR M961,9 900 DA,hc13,0
51c3b694,D Tech Tablette D Tech 10,Tablette,Tablette D Tech 10,18 100 DA,d tech tableette,1
49d2f7b9,HOCO Single Port C81A TYPE C,Accessoire_Audio,Single Port C81A TYPE C,850 DA,lc,0
5b33db8f,TCL HH40L1,Routeur_Modem,TCL HH40L1,8 690 DA,routeur modem,1
f5350ba5,D Link Clé 4G DWR 910M Wifi,Routeur_Modem,Clé 4G DWR 910M Wifi,4 500 DA,9110m,1
f5350ba5,D Link Clé 4G DWR 910M Wifi,Routeur_Modem,Clé 4G DWR 910M Wifi,4 500 DA,mmicro,0
e73471e1,D Link DWR M920 B1,Routeur_Modem,D Link DWR M920 B1,8 900 DA,revaloe rcb,0
b5d43017,EL DJAZIRA FCLD 002 S MICRO USB,Accessoire_Charge,FCLD 002 S MICRO USB,1 800 DA,el djazira,1
0ae3b7d8,ZTE BLADE V60 DESIGN,Smartphone,ZTE BLADE V60 DESIGN,32 900 DA,zte zte,1
2157f1b5,Revaleo TK80 QC3 TYPE C,Accessoire_General,TK80 QC3 TYPE C,800 DA,ifi,0
4f38c61d,HOCO Silicone 2 4A X82 IP,Accessoire_Audio,Silicone 2 4A X82 IP,1 500 DA,holder,0
88e90c36,TECNO POVA 6,Smartphone,POVA 6,43 300 DA,927,0
5b33db8f,TCL HH40L1,Routeur_Modem,TCL HH40L1,8 690 DA,cauld00,0
87f8f1c1,D Link BOX Home M915V,Routeur_Modem,BOX Home M915V,9 100 DA,hoco cup,0
aedf3d03,D Link DWR M961,Routeur_Modem,D Link DWR M961,9 900 DA,link,1
51c3b694,D Tech Tablette D Tech 10,Tablette,Tablette D Tech 10,18 100 DA,caar,0
9cb292bd,D Tech Tablette D Tech 7,Tablette,Tablette D Tech 7,13 200 DA,d tech taablette,1
5b33db8f,TCL HH40L1,Routeur_Modem,TCL HH40L1,8 690 DA,miccro,0
f5350ba5,D Link Clé 4G DWR 910M Wifi,Routeur_Modem,Clé 4G DWR 910M Wifi,4 500 DA,9100m,1
87f8f1c1,D Link BOX Home M915V,Routeur_Modem,BOX Home M915V,9 100 DA,pro,0
df7a5817,D Link DWR G403,Routeur_Modem,D Link DWR G403,10 500 DA,ruoteur modem,1
9cb292bd,D Tech Tablette D Tech 7,Tablette,Tablette D Tech 7,13 200 DA,d teech,1
e6c50ee8,HOCO QC3 0 C72Q MICRO,Accessoire_Audio,QC3 0 C72Q MICRO,1 100 DA,accessoire audio,1
e73471e1,D Link DWR M920 B1,Routeur_Modem,D Link DWR M920 B1,8 900 DA,hoco cable,0
0ae3b7d8,ZTE BLADE V60 DESIGN,Smartphone,ZTE BLADE V60 DESIGN,32 900 DA,el djazirra,0
51c3b694,D Tech Tablette D Tech 10,Tablette,Tablette D Tech 10,18 100 DA,75,0
f5350ba5,D Link Clé 4G DWR 910M Wifi,Routeur_Modem,Clé 4G DWR 910M Wifi,4 500 DA,d ink,1
5b33db8f,TCL HH40L1,Routeur_Modem,TCL HH40L1,8 690 DA,tcl tcl,1
5b33db8f,TCL HH40L1,Routeur_Modem,TCL HH40L1,8 690 DA,el djaziar car,0
b47b1328,EL DJAZIRA CCLD 001C TYPE C,Accessoire_General,CCLD 001C TYPE C,1 350 DA,transmitter,0
b47b1328,EL DJAZIRA CCLD 001C TYPE C,Accessoire_General,CCLD 001C TYPE C,1 350 DA,el djazra,1
737d1d6b,ZTE NUBIA Neo2 5G,Smartphone,ZTE NUBIA Neo2 5G,49 900 DA,zzte zte,1
e73471e1,D Link DWR M920 B1,Routeur_Modem,D Link DWR M920 B1,8 900 DA,4g,1
f5350ba5,D Link Clé 4G DWR 910M Wifi,Routeur_Modem,Clé 4G DWR 910M Wifi,4 500 DA,wifi,1
e80f62a2,D Tech Power Bank DP20H,Accessoire_General,Power Bank DP20H,3 290 DA,bbank,1
e73471e1,D Link DWR M920 B1,Routeur_Modem,D Link DWR M920 B1,8 900 DA,4g,1
51c3b694,D Tech Tablette D Tech 10,Tablette,Tablette D Tech 10,18 100 DA,ablette,1
aedf3d03,D Link DWR M961,Routeur_Modem,D Link DWR M961,9 900 DA,d lnk d,1
139d2fb5,EL DJAZIRA CULD012 MICRO USB,Accessoire_Charge,CULD012 MICRO USB,500 DA,sub,0
9cb292bd,D Tech Tablette D Tech 7,Tablette,Tablette D Tech 7,13 200 DA,culld002,0
df7a5817,D Link DWR G403,Routeur_Modem,D Link DWR G403,10 500 DA,el djazira ccld003,0
9cb292bd,D Tech Tablette D Tech 7,Tablette,Tablette D Tech 7,13 200 DA,acessoire audio,0
5b33db8f,TCL HH40L1,Routeur_Modem,TCL HH40L1,8 690 DA,4g,1
9cb292bd,D Tech Tablette D Tech 7,Tablette,Tablette D Tech 7,13 200 DA,tech,1
f5350ba5,D Link Clé 4G DWR 910M Wifi,Routeur_Modem,Clé 4G DWR 910M Wifi,4 500 DA,wifi,1
5b33db8f,TCL HH40L1,Routeur_Modem,TCL HH40L1,8 690 DA,ssmartphone,0
f9d627ef,HOCO METAL HOLDER CA56,Accessoire_Audio,METAL HOLDER CA56,1 400 DA,usb,0
5b33db8f,TCL HH40L1,Routeur_Modem,TCL HH40L1,8 690 DA,dwr,0
df7a5817,D Link DWR G403,Routeur_Modem,D Link DWR G403,10 500 DA,4g,1
df7a5817,D Link DWR G403,Routeur_Modem,D Link DWR G403,10 500 DA,g403,1
e73471e1,D Link DWR M920 B1,Routeur_Modem,D Link DWR M920 B1,8 900 DA,c88a,0
844c2ce6,D Tech Tablette D Tech 8,Tablette,Tablette D Tech 8,15 500 DA,cablle,0
df7a5817,D Link DWR G403,Routeur_Modem,D Link DWR G403,10 500 DA,wwifi,1
51c3b694,D Tech Tablette D Tech 10,Tablette,Tablette D Tech 10,18 100 DA,accessoire charge,0
87f8f1c1,D Link BOX Home M915V,Routeur_Modem,BOX Home M915V,9 100 DA,revaleo earbusd,0
e73471e1,D Link DWR M920 B1,Routeur_Modem,D Link DWR M920 B1,8 900 DA,el djazira mountchld002,0
87f8f1c1,D Link BOX Home M915V,Routeur_Modem,BOX Home M915V,9 100 DA,d llink,1
51c3b694,D Tech Tablette D Tech 10,Tablette,Tablette D Tech 10,18 100 DA,d tech,0
15f29a3c,Revaleo RCC 004 TYPE C,Accessoire_General,RCC 004 TYPE C,900 DA,revaleo,0
aedf3d03,D Link DWR M961,Routeur_Modem,D Link DWR M961,9 900 DA,d lin kd,1
9cb292bd,D Tech Tablette D Tech 7,Tablette,Tablette D Tech 7,13 200 DA,typ,0
51c3b694,D Tech Tablette D Tech 10,Tablette,Tablette D Tech 10,18 100 DA,tabb,1
87f8f1c1,D Link BOX Home M915V,Routeur_Modem,BOX Home M915V,9 100 DA,dlink box,1
51c3b694,D Tech Tablette D Tech 10,Tablette,Tablette D Tech 10,18 100 DA,accessoire audio,0
844c2ce6,D Tech Tablette D Tech 8,Tablette,Tablette D Tech 8,15 500 DA,tab,1
9cb292bd,D Tech Tablette D Tech 7,Tablette,Tablette D Tech 7,13 200 DA,d tech tablette,1
5b33db8f,TCL HH40L1,Routeur_Modem,TCL HH40L1,8 690 DA,wifi,1
87f8f1c1,D Link BOX Home M915V,Routeur_Modem,BOX Home M915V,9 100 DA,realeo,0
87f8f1c1,D Link BOX Home M915V,Routeur_Modem,BOX Home M915V,9 100 DA,tecno,0
df7a5817,D Link DWR G403,Routeur_Modem,D Link DWR G403,10 500 DA,el djazira fld007,0
f207d538,ZTE Blade A55,Smartphone,Blade A55,20 900 DA,blade,1
844c2ce6,D Tech Tablette D Tech 8,Tablette,Tablette D Tech 8,15 500 DA,type,0
0ae3b7d8,ZTE BLADE V60 DESIGN,Smartphone,ZTE BLADE V60 DESIGN,32 900 DA,zt zte,1
06dc318d,HOCO IN CAR HOLDER CA76,Accessoire_Audio,IN CAR HOLDER CA76,1 600 DA,holder,1
f1987c36,EL DJAZIRA CHARGEUR PSLD002,Accessoire_Charge,CHARGEUR PSLD002,3 000 DA,v6,0
88e90c36,TECNO POVA 6,Smartphone,POVA 6,43 300 DA,usb,0
5b33db8f,TCL HH40L1,Routeur_Modem,TCL HH40L1,8 690 DA,écouteurs,0
1498313a,EL DJAZIRA CCLD003 MICRO USB,Accessoire_Charge,CCLD003 MICRO USB,1 100 DA,hoco ecouteur,0
f5350ba5,D Link Clé 4G DWR 910M Wifi,Routeur_Modem,Clé 4G DWR 910M Wifi,4 500 DA,box,0
87f8f1c1,D Link BOX Home M915V,Routeur_Modem,BOX Home M915V,9 100 DA,c72q,0
844c2ce6,D Tech Tablette D Tech 8,Tablette,Tablette D Tech 8,15 500 DA,hoco single,0
12a3838d,EL DJAZIRA CCLD003 TYPE C,Accessoire_General,CCLD003 TYPE C,1 150 DA,cclld003,1
82197887,ZTE NUBIA MUSIC POP ART,Smartphone,NUBIA MUSIC POP ART,25 500 DA,zt,1
06dc318d,HOCO IN CAR HOLDER CA76,Accessoire_Audio,IN CAR HOLDER CA76,1 600 DA,in,1
5b33db8f,TCL HH40L1,Routeur_Modem,TCL HH40L1,8 690 DA,hoco,0
efe375f6,Revaleo LC 927 TYPE C,Accessoire_General,LC 927 TYPE C,500 DA,hoco,0
41e04e2e,D Tech Power Bank DP15,Accessoire_General,Power Bank DP15,4 590 DA,el djjazira ccld003,0
aedf3d03,D Link DWR M961,Routeur_Modem,D Link DWR M961,9 900 DA,m961,1
aedf3d03,D Link DWR M961,Routeur_Modem,D Link DWR M961,9 900 DA,m691,1
51c3b694,D Tech Tablette D Tech 10,Tablette,Tablette D Tech 10,18 100 DA,dt ech,1
cdc65717,ZTE BLADE A75,Smartphone,ZTE BLADE A75,31 900 DA,ztte zte,1
df7a5817,D Link DWR G403,Routeur_Modem,D Link DWR G403,10 500 DA,d link,1
88e90c36,TECNO POVA 6,Smartphone,POVA 6,43 300 DA,routeur modem,0
e73471e1,D Link DWR M920 B1,Routeur_Modem,D Link DWR M920 B1,8 900 DA,routeur modeem,1
f5350ba5,D Link Clé 4G DWR 910M Wifi,Routeur_Modem,Clé 4G DWR 910M Wifi,4 500 DA,accessoire audio,0
aedf3d03,D Link DWR M961,Routeur_Modem,D Link DWR M961,9 900 DA,accessoire audio,0
7366f5e2,EL DJAZIRA FCLD008 TYPE C,Accessoire_General,FCLD008 TYPE C,1 300 DA,4g,0
e73471e1,D Link DWR M920 B1,Routeur_Modem,D Link DWR M920 B1,8 900 DA,wiif,1
87f8f1c1,D Link BOX Home M915V,Routeur_Modem,BOX Home M915V,9 100 DA,tk,0
aedf3d03,D Link DWR M961,Routeur_Modem,D Link DWR M961,9 900 DA,cup,0
87f8f1c1,D Link BOX Home M915V,Routeur_Modem,BOX Home M915V,9 100 DA,wifi,1
5b33db8f,TCL HH40L1,Routeur_Modem,TCL HH40L1,8 690 DA,tcl,1
df7a5817,D Link DWR G403,Routeur_Modem,D Link DWR G403,10 500 DA,llink,1
df7a5817,D Link DWR G403,Routeur_Modem,D Link DWR G403,10 500 DA,hoco,0
9cb292bd,D Tech Tablette D Tech 7,Tablette,Tablette D Tech 7,13 200 DA,ohco stereo,0
87f8f1c1,D Link BOX Home M915V,Routeur_Modem,BOX Home M915V,9 100 DA,ro,0
df7a5817,D Link DWR G403,Routeur_Modem,D Link DWR G403,10 500 DA,d lin,1
aedf3d03,D Link DWR M961,Routeur_Modem,D Link DWR M961,9 900 DA,d lik,1
e73471e1,D Link DWR M920 B1,Routeur_Modem,D Link DWR M920 B1,8 900 DA,micr,0
87f8f1c1,D Link BOX Home M915V,Routeur_Modem,BOX Home M915V,9 100 DA,c97a,0
c8256303,ZTE BLADE A35,Smartphone,ZTE BLADE A35,17 900 DA,smartphoe,1
e73471e1,D Link DWR M920 B1,Routeur_Modem,D Link DWR M920 B1,8 900 DA,revaleo,0
5b33db8f,TCL HH40L1,Routeur_Modem,TCL HH40L1,8 690 DA,tcl tcl,1
51c3b694,D Tech Tablette D Tech 10,Tablette,Tablette D Tech 10,18 100 DA,revale,0
844c2ce6,D Tech Tablette D Tech 8,Tablette,Tablette D Tech 8,15 500 DA,d techh,1
82197887,ZTE NUBIA MUSIC POP ART,Smartphone,NUBIA MUSIC POP ART,25 500 DA,el djazira,0
0ae3b7d8,ZTE BLADE V60 DESIGN,Smartphone,ZTE BLADE V60 DESIGN,32 900 DA,hcarger,0
083519d5,Revaleo TK 73,Accessoire_General,TK 73,600 DA,revaeo,1
aedf3d03,D Link DWR M961,Routeur_Modem,D Link DWR M961,9 900 DA,d link d,1
ee096ae0,EL DJAZIRA CULD002 TYPE C,Accessoire_General,CULD002 TYPE C,650 DA,cacessoire general,1
aedf3d03,D Link DWR M961,Routeur_Modem,D Link DWR M961,9 900 DA,wifi,1
aedf3d03,D Link DWR M961,Routeur_Modem,D Link DWR M961,9 900 DA,rrouteur modem,1
5b33db8f,TCL HH40L1,Routeur_Modem,TCL HH40L1,8 690 DA,wwifi,1
f5350ba5,D Link Clé 4G DWR 910M Wifi,Routeur_Modem,Clé 4G DWR 910M Wifi,4 500 DA,micro,0
a4465134,Revaleo LCH 086 MICRO USB,Accessoire_Charge,LCH 086 MICRO USB,1 200 DA,accessoire audio,0
88e90c36,TECNO POVA 6,Smartphone,POVA 6,43 300 DA,accessoire charge,0
f9d627ef,HOCO METAL HOLDER CA56,Accessoire_Audio,METAL HOLDER CA56,1 400 DA,meal,1
b002ea00,HOCO CABLE SILICONE 3A X82,Accessoire_Audio,CABLE SILICONE 3A X82,1 500 DA,m990,0
87f8f1c1,D Link BOX Home M915V,Routeur_Modem,BOX Home M915V,9 100 DA,el djazia,0
9cb292bd,D Tech Tablette D Tech 7,Tablette,Tablette D Tech 7,13 200 DA,0886,0
df7a5817,D Link DWR G403,Routeur_Modem,D Link DWR G403,10 500 DA,dwr,1
df7a5817,D Link DWR G403,Routeur_Modem,D Link DWR G403,10 500 DA,tablette,0
87f8f1c1,D Link BOX Home M915V,Routeur_Modem,BOX Home M915V,9 100 DA,hoco écouteurs,0
844c2ce6,D Tech Tablette D Tech 8,Tablette,Tablette D Tech 8,15 500 DA,accessoire charg,0
f5350ba5,D Link Clé 4G DWR 910M Wifi,Routeur_Modem,Clé 4G DWR 910M Wifi,4 500 DA,cudl007,0
9cb292bd,D Tech Tablette D Tech 7,Tablette,Tablette D Tech 7,13 200 DA,cfld008,0
df7a5817,D Link DWR G403,Routeur_Modem,D Link DWR G403,10 500 DA,lin,1
df7a5817,D Link DWR G403,Routeur_Modem,D Link DWR G403,10 500 DA,ilnk,1
8890c2a9,EL DJAZIRA CHARGER FCLD004,Accessoire_General,CHARGER FCLD004,950 DA,fcld004,1
51c3b694,D Tech Tablette D Tech 10,Tablette,Tablette D Tech 10,18 100 DA,d tceh,1
9cb292bd,D Tech Tablette D Tech 7,Tablette,Tablette D Tech 7,13 200 DA,tab,1
844c2ce6,D Tech Tablette D Tech 8,Tablette,Tablette D Tech 8,15 500 DA,hoco,0
5b33db8f,TCL HH40L1,Routeur_Modem,TCL HH40L1,8 690 DA,g403,0
aedf3d03,D Link DWR M961,Routeur_Modem,D Link DWR M961,9 900 DA,d link d,1
f5350ba5,D Link Clé 4G DWR 910M Wifi,Routeur_Modem,Clé 4G DWR 910M Wifi,4 500 DA,03,0
88e90c36,TECNO POVA 6,Smartphone,POVA 6,43 300 DA,pova,1
17ec0241,HOCO TRUE  SPEAKER HC11,Accessoire_Audio,TRUE  SPEAKER HC11,3 500 DA,d ech,0
f5350ba5,D Link Clé 4G DWR 910M Wifi,Routeur_Modem,Clé 4G DWR 910M Wifi,4 500 DA,4g,1
844c2ce6,D Tech Tablette D Tech 8,Tablette,Tablette D Tech 8,15 500 DA,d tecch,1
f5350ba5,D Link Clé 4G DWR 910M Wifi,Routeur_Modem,Clé 4G DWR 910M Wifi,4 500 DA,d liink,1
5b33db8f,TCL HH40L1,Routeur_Modem,TCL HH40L1,8 690 DA,tecch,0
e73471e1,D Link DWR M920 B1,Routeur_Modem,D Link DWR M920 B1,8 900 DA,revaleo rcb,0
5ee9df66,HOCO Magnetic U90 TYPE C,Accessoire_Audio,Magnetic U90 TYPE C,1 500 DA,fcld01,0
d1abf471,HOCO Dual Port C88A MICRO,Accessoire_Audio,Dual Port C88A MICRO,900 DA,accessorie audio,1
14d55b8e,D Tech Power Bank DP10H,Accessoire_General,Power Bank DP10H,2 100 DA,dp10h,1
5b33db8f,TCL HH40L1,Routeur_Modem,TCL HH40L1,8 690 DA,rotueur modem,1
5b33db8f,TCL HH40L1,Routeur_Modem,TCL HH40L1,8 690 DA,tc ltcl,1
e73471e1,D Link DWR M920 B1,Routeur_Modem,D Link DWR M920 B1,8 900 DA,revaleo ttk80,0
51c3b694,D Tech Tablette D Tech 10,Tablette,Tablette D Tech 10,18 100 DA,tablette,1
9cb292bd,D Tech Tablette D Tech 7,Tablette,Tablette D Tech 7,13 200 DA,culd00,0
5b33db8f,TCL HH40L1,Routeur_Modem,TCL HH40L1,8 690 DA,accessoirea udio,0
aedf3d03,D Link DWR M961,Routeur_Modem,D Link DWR M961,9 900 DA,accessoire charge,0
aedf3d03,D Link DWR M961,Routeur_Modem,D Link DWR M961,9 900 DA,d link,1
0ae3b7d8,ZTE BLADE V60 DESIGN,Smartphone,ZTE BLADE V60 DESIGN,32 900 DA,accessoirre audio,0
737d1d6b,ZTE NUBIA Neo2 5G,Smartphone,ZTE NUBIA Neo2 5G,49 900 DA,hco,0
82197887,ZTE NUBIA MUSIC POP ART,Smartphone,NUBIA MUSIC POP ART,25 500 DA,revaleo,0
705f7822,HOCO C101A TYPE C TO TYPE C,Accessoire_Audio,C101A TYPE C TO TYPE C,2 700 DA,silicone,0
aedf3d03,D Link DWR M961,Routeur_Modem,D Link DWR M961,9 900 DA,routeur mmodem,1
88e90c36,TECNO POVA 6,Smartphone,POVA 6,43 300 DA,m20,0
844c2ce6,D Tech Tablette D Tech 8,Tablette,Tablette D Tech 8,15 500 DA,culd0007,0
5b33db8f,TCL HH40L1,Routeur_Modem,TCL HH40L1,8 690 DA,tl tcl,1
e73471e1,D Link DWR M920 B1,Routeur_Modem,D Link DWR M920 B1,8 900 DA,accessoire auto,0
51c3b694,D Tech Tablette D Tech 10,Tablette,Tablette D Tech 10,18 100 DA,tech,1
35491815,HOCO Écouteurs M1 Max IP,Accessoire_Audio,Écouteurs M1 Max IP,2 200 DA,hooco,1
cdc65717,ZTE BLADE A75,Smartphone,ZTE BLADE A75,31 900 DA,type,0
aedf3d03,D Link DWR M961,Routeur_Modem,D Link DWR M961,9 900 DA,d link,1
6ff111a7,EL DJAZIRA CULD 004 C TYPE C,Accessoire_General,CULD 004 C TYPE C,700 DA,accessoire chage,0
844c2ce6,D Tech Tablette D Tech 8,Tablette,Tablette D Tech 8,15 500 DA,09,0
9cb292bd,D Tech Tablette D Tech 7,Tablette,Tablette D Tech 7,13 200 DA,accessoire audio,0
9cb292bd,D Tech Tablette D Tech 7,Tablette,Tablette D Tech 7,13 200 DA,typ,0
5b33db8f,TCL HH40L1,Routeur_Modem,TCL HH40L1,8 690 DA,iwfi,1
aedf3d03,D Link DWR M961,Routeur_Modem,D Link DWR M961,9 900 DA,m691,1
87f8f1c1,D Link BOX Home M915V,Routeur_Modem,BOX Home M915V,9 100 DA,d liink,1
51c3b694,D Tech Tablette D Tech 10,Tablette,Tablette D Tech 10,18 100 DA,3a,0
aedf3d03,D Link DWR M961,Routeur_Modem,D Link DWR M961,9 900 DA,ilnk,1
e73471e1,D Link DWR M920 B1,Routeur_Modem,D Link DWR M920 B1,8 900 DA,d link,0
6e7b5218,HOCO STEREO Earphones  M90,Accessoire_Audio,STEREO Earphones  M90,1 500 DA,m90,1
88e90c36,TECNO POVA 6,Smartphone,POVA 6,43 300 DA,reavleo,0
9cb292bd,D Tech Tablette D Tech 7,Tablette,Tablette D Tech 7,13 200 DA,tehc,1
efe375f6,Revaleo LC 927 TYPE C,Accessoire_General,LC 927 TYPE C,500 DA,revaleo lc,1
844c2ce6,D Tech Tablette D Tech 8,Tablette,Tablette D Tech 8,15 500 DA,d teh tablette,1
df7a5817,D Link DWR G403,Routeur_Modem,D Link DWR G403,10 500 DA,link,1
5b33db8f,TCL HH40L1,Routeur_Modem,TCL HH40L1,8 690 DA,hh40l1,1
a923c5fd,HOCO Écouteurs  EW27,Accessoire_Audio,Écouteurs  EW27,3 400 DA,to,0
5b33db8f,TCL HH40L1,Routeur_Modem,TCL HH40L1,8 690 DA,wifi,1
9cb292bd,D Tech Tablette D Tech 7,Tablette,Tablette D Tech 7,13 200 DA,el djazira cculd009,0
88e90c36,TECNO POVA 6,Smartphone,POVA 6,43 300 DA,el djazra ccld003,0
df7a5817,D Link DWR G403,Routeur_Modem,D Link DWR G403,10 500 DA,zzte zte,0
54c80c44,EL DJAZIRA CHARGER FCLD008,Accessoire_General,CHARGER FCLD008,1 250 DA,el djazira charger,1
87f8f1c1,D Link BOX Home M915V,Routeur_Modem,BOX Home M915V,9 100 DA,d link box,1
9cb292bd,D Tech Tablette D Tech 7,Tablette,Tablette D Tech 7,13 200 DA,etch,1
87f8f1c1,D Link BOX Home M915V,Routeur_Modem,BOX Home M915V,9 100 DA,accessoire adio,0
9cb292bd,D Tech Tablette D Tech 7,Tablette,Tablette D Tech 7,13 200 DA,tablette,1
e73471e1,D Link DWR M920 B1,Routeur_Modem,D Link DWR M920 B1,8 900 DA,d tech,0
4310cc39,HOCO Chargeur N13 Type C TO IP,Accessoire_Audio,Chargeur N13 Type C TO IP,3 800 DA,accessoire audio,0
14d55b8e,D Tech Power Bank DP10H,Accessoire_General,Power Bank DP10H,2 100 DA,dp10h,1
f5350ba5,D Link Clé 4G DWR 910M Wifi,Routeur_Modem,Clé 4G DWR 910M Wifi,4 500 DA,accessoire charge,0
e73471e1,D Link DWR M920 B1,Routeur_Modem,D Link DWR M920 B1,8 900 DA,4g,1
df7a5817,D Link DWR G403,Routeur_Modem,D Link DWR G403,10 500 DA,aux,0
e80f62a2,D Tech Power Bank DP20H,Accessoire_General,Power Bank DP20H,3 290 DA,power,1
df7a5817,D Link DWR G403,Routeur_Modem,D Link DWR G403,10 500 DA,4g,1
88e90c36,TECNO POVA 6,Smartphone,POVA 6,43 300 DA,accessoire chaarge,0
f207d538,ZTE Blade A55,Smartphone,Blade A55,20 900 DA,a55,1
51c3b694,D Tech Tablette D Tech 10,Tablette,Tablette D Tech 10,18 100 DA,fcld013,0
87f8f1c1,D Link BOX Home M915V,Routeur_Modem,BOX Home M915V,9 100 DA,accessoire audio,0
c8256303,ZTE BLADE A35,Smartphone,ZTE BLADE A35,17 900 DA,a35,1
844c2ce6,D Tech Tablette D Tech 8,Tablette,Tablette D Tech 8,15 500 DA,usb,0
9cb292bd,D Tech Tablette D Tech 7,Tablette,Tablette D Tech 7,13 200 DA,tab,1
0946d7f7,EL DJAZIRA CULD010 TYPE C,Accessoire_General,CULD010 TYPE C,550 DA,culd01,1
e2f59916,Revaleo RCB 005 IOS,Accessoire_General,RCB 005 IOS,600 DA,el djazira chargeur,0
f5350ba5,D Link Clé 4G DWR 910M Wifi,Routeur_Modem,Clé 4G DWR 910M Wifi,4 500 DA,ppro,0
df7a5817,D Link DWR G403,Routeur_Modem,D Link DWR G403,10 500 DA,cabble,0
9cb292bd,D Tech Tablette D Tech 7,Tablette,Tablette D Tech 7,13 200 DA,hoco dua,0
d173166c,Revaleo LCH 219 3USB TYPE C,Accessoire_Charge,LCH 219 3USB TYPE C,1 100 DA,micro,0
f5350ba5,D Link Clé 4G DWR 910M Wifi,Routeur_Modem,Clé 4G DWR 910M Wifi,4 500 DA,75,0
f93a4bc2,Revaleo TK 74,Accessoire_General,TK 74,650 DA,c2q,0
87f8f1c1,D Link BOX Home M915V,Routeur_Modem,BOX Home M915V,9 100 DA,4g,1
cdc65717,ZTE BLADE A75,Smartphone,ZTE BLADE A75,31 900 DA,hoder,0
844c2ce6,D Tech Tablette D Tech 8,Tablette,Tablette D Tech 8,15 500 DA,tba,1
9cb292bd,D Tech Tablette D Tech 7,Tablette,Tablette D Tech 7,13 200 DA,d tehc,1
844c2ce6,D Tech Tablette D Tech 8,Tablette,Tablette D Tech 8,15 500 DA,revaleo rcb,0
aedf3d03,D Link DWR M961,Routeur_Modem,D Link DWR M961,9 900 DA,m9611,1
844c2ce6,D Tech Tablette D Tech 8,Tablette,Tablette D Tech 8,15 500 DA,type,0
451f693f,HOCO X85 Type C TO Type C,Accessoire_Audio,X85 Type C TO Type C,1 000 DA,x85,1
c8256303,ZTE BLADE A35,Smartphone,ZTE BLADE A35,17 900 DA,cculd0009,0
844c2ce6,D Tech Tablette D Tech 8,Tablette,Tablette D Tech 8,15 500 DA,revaleo tk,0
e73471e1,D Link DWR M920 B1,Routeur_Modem,D Link DWR M920 B1,8 900 DA,cacessoire general,0
f207d538,ZTE Blade A55,Smartphone,Blade A55,20 900 DA,zte,1
17ec0241,HOCO TRUE  SPEAKER HC11,Accessoire_Audio,TRUE  SPEAKER HC11,3 500 DA,hocoo true,1
e84c1001,EL DJAZIRA AUX 3 5 CAULD001  DV,Accessoire_General,AUX 3 5 CAULD001  DV,500 DA,el djazira,1
06dc318d,HOCO IN CAR HOLDER CA76,Accessoire_Audio,IN CAR HOLDER CA76,1 600 DA,hoco,1
9cb292bd,D Tech Tablette D Tech 7,Tablette,Tablette D Tech 7,13 200 DA, dtech,1
df7a5817,D Link DWR G403,Routeur_Modem,D Link DWR G403,10 500 DA,lnk,1
0ae3b7d8,ZTE BLADE V60 DESIGN,Smartphone,ZTE BLADE V60 DESIGN,32 900 DA,ztee,1
aedf3d03,D Link DWR M961,Routeur_Modem,D Link DWR M961,9 900 DA,link,1
87f8f1c1,D Link BOX Home M915V,Routeur_Modem,BOX Home M915V,9 100 DA,d link  box,1
5b33db8f,TCL HH40L1,Routeur_Modem,TCL HH40L1,8 690 DA,routeur mmodem,1
5b33db8f,TCL HH40L1,Routeur_Modem,TCL HH40L1,8 690 DA,accessoire charge,0
b954095b,HOCO ECOUTEUR EQ2,Accessoire_Audio,ECOUTEUR EQ2,2 800 DA,eq,1
802f6a69,EL DJAZIRA FCLD007,Accessoire_General,FCLD007,1 450 DA,accessoire genral,1
e73471e1,D Link DWR M920 B1,Routeur_Modem,D Link DWR M920 B1,8 900 DA,in,0
083519d5,Revaleo TK 73,Accessoire_General,TK 73,600 DA,accessoire audio,0
dbe78970,HOCO Chargeur C88A TYPE C,Accessoire_Audio,Chargeur C88A TYPE C,900 DA,bakn,0
9cb292bd,D Tech Tablette D Tech 7,Tablette,Tablette D Tech 7,13 200 DA,revaelo,0
e73471e1,D Link DWR M920 B1,Routeur_Modem,D Link DWR M920 B1,8 900 DA,accesssoire audio,0
844c2ce6,D Tech Tablette D Tech 8,Tablette,Tablette D Tech 8,15 500 DA,tk,0
9129a21d,TECNO SPARK Go 1,Smartphone,SPARK Go 1,18 000 DA,earrbuds,0
f5350ba5,D Link Clé 4G DWR 910M Wifi,Routeur_Modem,Clé 4G DWR 910M Wifi,4 500 DA,cclé,1
9cb292bd,D Tech Tablette D Tech 7,Tablette,Tablette D Tech 7,13 200 DA,001c,0
cdc65717,ZTE BLADE A75,Smartphone,ZTE BLADE A75,31 900 DA,a75,1
844c2ce6,D Tech Tablette D Tech 8,Tablette,Tablette D Tech 8,15 500 DA,type,0
844c2ce6,D Tech Tablette D Tech 8,Tablette,Tablette D Tech 8,15 500 DA,tabllette,1
5b33db8f,TCL HH40L1,Routeur_Modem,TCL HH40L1,8 690 DA,accessoire audio,0
9cb292bd,D Tech Tablette D Tech 7,Tablette,Tablette D Tech 7,13 200 DA,tehc,1
844c2ce6,D Tech Tablette D Tech 8,Tablette,Tablette D Tech 8,15 500 DA,taab,1
9cb292bd,D Tech Tablette D Tech 7,Tablette,Tablette D Tech 7,13 200 DA,dd tech,1
51c3b694,D Tech Tablette D Tech 10,Tablette,Tablette D Tech 10,18 100 DA,tabb,1
b954095b,HOCO ECOUTEUR EQ2,Accessoire_Audio,ECOUTEUR EQ2,2 800 DA,uusb,0
41825058,Revaleo EARBUDS REVALEO V6,Accessoire_Audio,EARBUDS REVALEO V6,6 500 DA,ttype,0
f5350ba5,D Link Clé 4G DWR 910M Wifi,Routeur_Modem,Clé 4G DWR 910M Wifi,4 500 DA,d tech power,0
51c3b694,D Tech Tablette D Tech 10,Tablette,Tablette D Tech 10,18 100 DA,tablette,1
51c3b694,D Tech Tablette D Tech 10,Tablette,Tablette D Tech 10,18 100 DA,10,1
51c3b694,D Tech Tablette D Tech 10,Tablette,Tablette D Tech 10,18 100 DA,10,1
d4d94faf,HOCO ECOUTEUR EQ1,Accessoire_Audio,ECOUTEUR EQ1,2 950 DA,el djazira,0
87f8f1c1,D Link BOX Home M915V,Routeur_Modem,BOX Home M915V,9 100 DA,d  link,1
f5350ba5,D Link Clé 4G DWR 910M Wifi,Routeur_Modem,Clé 4G DWR 910M Wifi,4 500 DA,a5,0
5b33db8f,TCL HH40L1,Routeur_Modem,TCL HH40L1,8 690 DA,wifi,1
9cb292bd,D Tech Tablette D Tech 7,Tablette,Tablette D Tech 7,13 200 DA,dd tech tablette,1
e73471e1,D Link DWR M920 B1,Routeur_Modem,D Link DWR M920 B1,8 900 DA,b1,1
aedf3d03,D Link DWR M961,Routeur_Modem,D Link DWR M961,9 900 DA,routeur modm,1
9cb292bd,D Tech Tablette D Tech 7,Tablette,Tablette D Tech 7,13 200 DA,3a,0
844c2ce6,D Tech Tablette D Tech 8,Tablette,Tablette D Tech 8,15 500 DA,d teech tablette,1
f5350ba5,D Link Clé 4G DWR 910M Wifi,Routeur_Modem,Clé 4G DWR 910M Wifi,4 500 DA,type,0
9cb292bd,D Tech Tablette D Tech 7,Tablette,Tablette D Tech 7,13 200 DA,tab,1
5b33db8f,TCL HH40L1,Routeur_Modem,TCL HH40L1,8 690 DA,hh4l1,1
844c2ce6,D Tech Tablette D Tech 8,Tablette,Tablette D Tech 8,15 500 DA,hoco ecouteuur,0
f5350ba5,D Link Clé 4G DWR 910M Wifi,Routeur_Modem,Clé 4G DWR 910M Wifi,4 500 DA,usb,0
c8256303,ZTE BLADE A35,Smartphone,ZTE BLADE A35,17 900 DA,zte,0
c74b49e7,EL DJAZIRA CULD007 TYPE C,Accessoire_General,CULD007 TYPE C,500 DA,hoco true,0
aedf3d03,D Link DWR M961,Routeur_Modem,D Link DWR M961,9 900 DA,type,0
5b33db8f,TCL HH40L1,Routeur_Modem,TCL HH40L1,8 690 DA,wwifi,1
6bbf6411,Revaleo RCB 86 IOS,Accessoire_General,RCB 86 IOS,400 DA,accessore general,0
51c3b694,D Tech Tablette D Tech 10,Tablette,Tablette D Tech 10,18 100 DA,el jazira,0
9cb292bd,D Tech Tablette D Tech 7,Tablette,Tablette D Tech 7,13 200 DA,tec,1
54c80c44,EL DJAZIRA CHARGER FCLD008,Accessoire_General,CHARGER FCLD008,1 250 DA,el djazira,0
88e90c36,TECNO POVA 6,Smartphone,POVA 6,43 300 DA,smartphone,1
6c3ac5c8,HOCO CAR FM Transmitter E59,Accessoire_Audio,CAR FM Transmitter E59,2 500 DA,zte tze,0
737d1d6b,ZTE NUBIA Neo2 5G,Smartphone,ZTE NUBIA Neo2 5G,49 900 DA,neo2,1
87f8f1c1,D Link BOX Home M915V,Routeur_Modem,BOX Home M915V,9 100 DA,4g,1
f5350ba5,D Link Clé 4G DWR 910M Wifi,Routeur_Modem,Clé 4G DWR 910M Wifi,4 500 DA,tecnoo,0
5b33db8f,TCL HH40L1,Routeur_Modem,TCL HH40L1,8 690 DA,tcl tcl,1
026e501d,Revaleo RCB 003 MICRO USB,Accessoire_Charge,RCB 003 MICRO USB,500 DA,zte te,0
f5350ba5,D Link Clé 4G DWR 910M Wifi,Routeur_Modem,Clé 4G DWR 910M Wifi,4 500 DA,cudl007,0
e73471e1,D Link DWR M920 B1,Routeur_Modem,D Link DWR M920 B1,8 900 DA,d link d,1
f93a4bc2,Revaleo TK 74,Accessoire_General,TK 74,650 DA,accessoire general,1
f8cf95c6,Revaleo CABLE TK 77 IOS,Accessoire_Charge,CABLE TK 77 IOS,600 DA,usb,0
c8256303,ZTE BLADE A35,Smartphone,ZTE BLADE A35,17 900 DA,a35,1
9129a21d,TECNO SPARK Go 1,Smartphone,SPARK Go 1,18 000 DA,go,1
aedf3d03,D Link DWR M961,Routeur_Modem,D Link DWR M961,9 900 DA,d link d,1
5b33db8f,TCL HH40L1,Routeur_Modem,TCL HH40L1,8 690 DA,lc,0
9cb292bd,D Tech Tablette D Tech 7,Tablette,Tablette D Tech 7,13 200 DA,d  tech tablette,1
9cb292bd,D Tech Tablette D Tech 7,Tablette,Tablette D Tech 7,13 200 DA,ta,1
9cb292bd,D Tech Tablette D Tech 7,Tablette,Tablette D Tech 7,13 200 DA,d tech,1
aedf3d03,D Link DWR M961,Routeur_Modem,D Link DWR M961,9 900 DA,car,0
cdc65717,ZTE BLADE A75,Smartphone,ZTE BLADE A75,31 900 DA,ztte,1
df7a5817,D Link DWR G403,Routeur_Modem,D Link DWR G403,10 500 DA,4g,1
df7a5817,D Link DWR G403,Routeur_Modem,D Link DWR G403,10 500 DA,revalo lch,0
aedf3d03,D Link DWR M961,Routeur_Modem,D Link DWR M961,9 900 DA,routeur mdem,1
51c3b694,D Tech Tablette D Tech 10,Tablette,Tablette D Tech 10,18 100 DA,etch,1
844c2ce6,D Tech Tablette D Tech 8,Tablette,Tablette D Tech 8,15 500 DA,tk,0
9cb292bd,D Tech Tablette D Tech 7,Tablette,Tablette D Tech 7,13 200 DA,d tech tblette,1
82197887,ZTE NUBIA MUSIC POP ART,Smartphone,NUBIA MUSIC POP ART,25 500 DA,older,0
844c2ce6,D Tech Tablette D Tech 8,Tablette,Tablette D Tech 8,15 500 DA,zte,0
b0a1c859,HOCO EARPHONES MIC M1 PRO,Accessoire_Audio,EARPHONES MIC M1 PRO,1 500 DA,earphones,1
df7a5817,D Link DWR G403,Routeur_Modem,D Link DWR G403,10 500 DA,likn,1
93d7e15d,Revaleo RCB 86 TYPE C,Accessoire_General,RCB 86 TYPE C,350 DA,accessoire audio,0
9129a21d,TECNO SPARK Go 1,Smartphone,SPARK Go 1,18 000 DA,8c0a,0
c8256303,ZTE BLADE A35,Smartphone,ZTE BLADE A35,17 900 DA,a53,1
e73471e1,D Link DWR M920 B1,Routeur_Modem,D Link DWR M920 B1,8 900 DA,link,1
844c2ce6,D Tech Tablette D Tech 8,Tablette,Tablette D Tech 8,15 500 DA,caar,0
87f8f1c1,D Link BOX Home M915V,Routeur_Modem,BOX Home M915V,9 100 DA,d lnk,1
e73471e1,D Link DWR M920 B1,Routeur_Modem,D Link DWR M920 B1,8 900 DA,cfld007,0
82197887,ZTE NUBIA MUSIC POP ART,Smartphone,NUBIA MUSIC POP ART,25 500 DA,nubai,1
5b33db8f,TCL HH40L1,Routeur_Modem,TCL HH40L1,8 690 DA,tcl tcl,1
b002ea00,HOCO CABLE SILICONE 3A X82,Accessoire_Audio,CABLE SILICONE 3A X82,1 500 DA,accessoire audio,1
0ae3b7d8,ZTE BLADE V60 DESIGN,Smartphone,ZTE BLADE V60 DESIGN,32 900 DA,v60,1
5b33db8f,TCL HH40L1,Routeur_Modem,TCL HH40L1,8 690 DA,accessoire adio,0
9cb292bd,D Tech Tablette D Tech 7,Tablette,Tablette D Tech 7,13 200 DA,talette,1
df7a5817,D Link DWR G403,Routeur_Modem,D Link DWR G403,10 500 DA,d linnk,1
aedf3d03,D Link DWR M961,Routeur_Modem,D Link DWR M961,9 900 DA,ell djazira,0
87f8f1c1,D Link BOX Home M915V,Routeur_Modem,BOX Home M915V,9 100 DA,hoem,1
2157f1b5,Revaleo TK80 QC3 TYPE C,Accessoire_General,TK80 QC3 TYPE C,800 DA,accesoire general,1
aedf3d03,D Link DWR M961,Routeur_Modem,D Link DWR M961,9 900 DA,wdr,1
322ad3aa,EL DJAZIRA CULD002 MICRO USB,Accessoire_Charge,CULD002 MICRO USB,600 DA,uax,0
87f8f1c1,D Link BOX Home M915V,Routeur_Modem,BOX Home M915V,9 100 DA,routeur modem,1
51c3b694,D Tech Tablette D Tech 10,Tablette,Tablette D Tech 10,18 100 DA,fcld12,0
8af3b552,HOCO CABLE BX54 TYPE C,Accessoire_Audio,CABLE BX54 TYPE C,399 DA,usb,0
df7a5817,D Link DWR G403,Routeur_Modem,D Link DWR G403,10 500 DA,drw,1
844c2ce6,D Tech Tablette D Tech 8,Tablette,Tablette D Tech 8,15 500 DA,tech,1
51c3b694,D Tech Tablette D Tech 10,Tablette,Tablette D Tech 10,18 100 DA,m1,0
b0ff9432,EL DJAZIRA FCLD 009 C TYPE C,Accessoire_General,FCLD 009 C TYPE C,1 800 DA,tablette,0
4e786d3b,Revaleo RCB 007 5A VOOC TYPE C,Accessoire_General,RCB 007 5A VOOC TYPE C,800 DA,voco,1
e73471e1,D Link DWR M920 B1,Routeur_Modem,D Link DWR M920 B1,8 900 DA,revaelo rcb,0
e73471e1,D Link DWR M920 B1,Routeur_Modem,D Link DWR M920 B1,8 900 DA,040,0
b489ceb2,HOCO ECOUTEUR EW39,Accessoire_Audio,ECOUTEUR EW39,5 500 DA,ecouteuur,1
737d1d6b,ZTE NUBIA Neo2 5G,Smartphone,ZTE NUBIA Neo2 5G,49 900 DA,routeur modem,0
0ae3b7d8,ZTE BLADE V60 DESIGN,Smartphone,ZTE BLADE V60 DESIGN,32 900 DA,sld001,0
51c3b694,D Tech Tablette D Tech 10,Tablette,Tablette D Tech 10,18 100 DA,tch,1
87f8f1c1,D Link BOX Home M915V,Routeur_Modem,BOX Home M915V,9 100 DA,box,1
88e90c36,TECNO POVA 6,Smartphone,POVA 6,43 300 DA,pva,1
e73471e1,D Link DWR M920 B1,Routeur_Modem,D Link DWR M920 B1,8 900 DA,ruteur modem,1
df7a5817,D Link DWR G403,Routeur_Modem,D Link DWR G403,10 500 DA,flcd004,0
df7a5817,D Link DWR G403,Routeur_Modem,D Link DWR G403,10 500 DA,blade,0
844c2ce6,D Tech Tablette D Tech 8,Tablette,Tablette D Tech 8,15 500 DA,d tech,1
e73471e1,D Link DWR M920 B1,Routeur_Modem,D Link DWR M920 B1,8 900 DA,4g,1
9cb292bd,D Tech Tablette D Tech 7,Tablette,Tablette D Tech 7,13 200 DA,sark,0
51c3b694,D Tech Tablette D Tech 10,Tablette,Tablette D Tech 10,18 100 DA,tech,1
9cb292bd,D Tech Tablette D Tech 7,Tablette,Tablette D Tech 7,13 200 DA,d tceh,1
df7a5817,D Link DWR G403,Routeur_Modem,D Link DWR G403,10 500 DA,accessoirecharge,0
5f47afe2,Revaleo LC 927 MICRO USB,Accessoire_Charge,LC 927 MICRO USB,400 DA,us,1
d944ef59,Revaleo LCH 082 MICRO USB,Accessoire_Charge,LCH 082 MICRO USB,1 250 DA,hoco,0
81099cf1,HOCO Z40 Superior dual port car,Accessoire_Audio,Z40 Superior dual port car,1 200 DA,revaleo tk80,0
844c2ce6,D Tech Tablette D Tech 8,Tablette,Tablette D Tech 8,15 500 DA,mounchld001,0
51c3b694,D Tech Tablette D Tech 10,Tablette,Tablette D Tech 10,18 100 DA,accessoire charge,0
87f8f1c1,D Link BOX Home M915V,Routeur_Modem,BOX Home M915V,9 100 DA,m915v,1
737d1d6b,ZTE NUBIA Neo2 5G,Smartphone,ZTE NUBIA Neo2 5G,49 900 DA,5g,1
87f8f1c1,D Link BOX Home M915V,Routeur_Modem,BOX Home M915V,9 100 DA,box,1
d6acdc94,EL DJAZIRA FCLD010 TYPE C,Accessoire_General,FCLD010 TYPE C,1 350 DA,accessoire general,1
aedf3d03,D Link DWR M961,Routeur_Modem,D Link DWR M961,9 900 DA,smartphone,0
9cb292bd,D Tech Tablette D Tech 7,Tablette,Tablette D Tech 7,13 200 DA,hoco,0
df7a5817,D Link DWR G403,Routeur_Modem,D Link DWR G403,10 500 DA,culd0112,0
844c2ce6,D Tech Tablette D Tech 8,Tablette,Tablette D Tech 8,15 500 DA,eq3,0
844c2ce6,D Tech Tablette D Tech 8,Tablette,Tablette D Tech 8,15 500 DA,ip,0
e73471e1,D Link DWR M920 B1,Routeur_Modem,D Link DWR M920 B1,8 900 DA,d liink,1
844c2ce6,D Tech Tablette D Tech 8,Tablette,Tablette D Tech 8,15 500 DA,tceh,1
49d2f7b9,HOCO Single Port C81A TYPE C,Accessoire_Audio,Single Port C81A TYPE C,850 DA,pus,0
e73471e1,D Link DWR M920 B1,Routeur_Modem,D Link DWR M920 B1,8 900 DA,m920,1
5b33db8f,TCL HH40L1,Routeur_Modem,TCL HH40L1,8 690 DA,accessoire charge,0
9cb292bd,D Tech Tablette D Tech 7,Tablette,Tablette D Tech 7,13 200 DA,accessoier general,0
844c2ce6,D Tech Tablette D Tech 8,Tablette,Tablette D Tech 8,15 500 DA,dd tech tablette,1
51c3b694,D Tech Tablette D Tech 10,Tablette,Tablette D Tech 10,18 100 DA,atblette,1
51c3b694,D Tech Tablette D Tech 10,Tablette,Tablette D Tech 10,18 100 DA,ubs,0
51c3b694,D Tech Tablette D Tech 10,Tablette,Tablette D Tech 10,18 100 DA,ew2,0
df7a5817,D Link DWR G403,Routeur_Modem,D Link DWR G403,10 500 DA,d link d,1
5b33db8f,TCL HH40L1,Routeur_Modem,TCL HH40L1,8 690 DA,micro,0
f5350ba5,D Link Clé 4G DWR 910M Wifi,Routeur_Modem,Clé 4G DWR 910M Wifi,4 500 DA,rcb,0
e73471e1,D Link DWR M920 B1,Routeur_Modem,D Link DWR M920 B1,8 900 DA,m9920,1
5b33db8f,TCL HH40L1,Routeur_Modem,TCL HH40L1,8 690 DA,75,0
348d2281,HOCO ES51 Era sport earphone,Accessoire_Audio,ES51 Era sport earphone,3 500 DA,sport,1
e73471e1,D Link DWR M920 B1,Routeur_Modem,D Link DWR M920 B1,8 900 DA,wif,1
aedf3d03,D Link DWR M961,Routeur_Modem,D Link DWR M961,9 900 DA,lik,1
5b33db8f,TCL HH40L1,Routeur_Modem,TCL HH40L1,8 690 DA,wifi,1
083519d5,Revaleo TK 73,Accessoire_General,TK 73,600 DA,éccouteurs,0
9129a21d,TECNO SPARK Go 1,Smartphone,SPARK Go 1,18 000 DA,tecno spark,1
737d1d6b,ZTE NUBIA Neo2 5G,Smartphone,ZTE NUBIA Neo2 5G,49 900 DA,neo2,1
df7a5817,D Link DWR G403,Routeur_Modem,D Link DWR G403,10 500 DA,d lik d,1
9cb292bd,D Tech Tablette D Tech 7,Tablette,Tablette D Tech 7,13 200 DA,hoo cable,0
844c2ce6,D Tech Tablette D Tech 8,Tablette,Tablette D Tech 8,15 500 DA,d tech tablett,1
9cb292bd,D Tech Tablette D Tech 7,Tablette,Tablette D Tech 7,13 200 DA,tech,1
0ae3b7d8,ZTE BLADE V60 DESIGN,Smartphone,ZTE BLADE V60 DESIGN,32 900 DA,v660,1
9129a21d,TECNO SPARK Go 1,Smartphone,SPARK Go 1,18 000 DA,smartphonee,1
54c4a777,HOCO Écouteurs  EW25,Accessoire_Audio,Écouteurs  EW25,2 550 DA,el djaziar culd,0
30887e16,Revaleo LCH 086 QC3 3A TYPE C,Accessoire_General,LCH 086 QC3 3A TYPE C,1 250 DA,m1,0
e73471e1,D Link DWR M920 B1,Routeur_Modem,D Link DWR M920 B1,8 900 DA,hoco,0
ee096ae0,EL DJAZIRA CULD002 TYPE C,Accessoire_General,CULD002 TYPE C,650 DA,cudl002,1
88e90c36,TECNO POVA 6,Smartphone,POVA 6,43 300 DA,revaleo,0
2e57fc73,HOCO X88 Charging Cable,Accessoire_Audio,X88 Charging Cable,400 DA,cbale,1
9129a21d,TECNO SPARK Go 1,Smartphone,SPARK Go 1,18 000 DA,accessoiire audio,0
7366f5e2,EL DJAZIRA FCLD008 TYPE C,Accessoire_General,FCLD008 TYPE C,1 300 DA,fccld008,1
844c2ce6,D Tech Tablette D Tech 8,Tablette,Tablette D Tech 8,15 500 DA,atb,1
87f8f1c1,D Link BOX Home M915V,Routeur_Modem,BOX Home M915V,9 100 DA,d link bo,1
aedf3d03,D Link DWR M961,Routeur_Modem,D Link DWR M961,9 900 DA,d link,1
e73471e1,D Link DWR M920 B1,Routeur_Modem,D Link DWR M920 B1,8 900 DA,link,1
8af3b552,HOCO CABLE BX54 TYPE C,Accessoire_Audio,CABLE BX54 TYPE C,399 DA,accessoire audio,1
aedf3d03,D Link DWR M961,Routeur_Modem,D Link DWR M961,9 900 DA,m961,1
aedf3d03,D Link DWR M961,Routeur_Modem,D Link DWR M961,9 900 DA,accessoire charge,0
c8256303,ZTE BLADE A35,Smartphone,ZTE BLADE A35,17 900 DA,hoco cup,0
df7a5817,D Link DWR G403,Routeur_Modem,D Link DWR G403,10 500 DA,x8,0
18d42555,Revaleo RTC 003 3USB TYPE C,Accessoire_Charge,RTC 003 3USB TYPE C,1 250 DA,d link d,0
0e65439e,HOCO ES61 Mannersport,Accessoire_Audio,ES61 Mannersport,4 900 DA,es61,1
5b33db8f,TCL HH40L1,Routeur_Modem,TCL HH40L1,8 690 DA,type,0
54c80c44,EL DJAZIRA CHARGER FCLD008,Accessoire_General,CHARGER FCLD008,1 250 DA,el djazira,1
9cb292bd,D Tech Tablette D Tech 7,Tablette,Tablette D Tech 7,13 200 DA,d etch tablette,1
844c2ce6,D Tech Tablette D Tech 8,Tablette,Tablette D Tech 8,15 500 DA,tablett,1
efe375f6,Revaleo LC 927 TYPE C,Accessoire_General,LC 927 TYPE C,500 DA,accesoire audio,0
6f789ee4,Revaleo TK 77 TIPE C,Accessoire_General,TK 77 TIPE C,600 DA,sliicone,0
df7a5817,D Link DWR G403,Routeur_Modem,D Link DWR G403,10 500 DA,lch,0
e84c1001,EL DJAZIRA AUX 3 5 CAULD001  DV,Accessoire_General,AUX 3 5 CAULD001  DV,500 DA,014,0
29fb7c1d,EL DJAZIRA FCLD 009 S4 MICRO USB,Accessoire_Charge,FCLD 009 S4 MICRO USB,1 800 DA,micro,1
51c3b694,D Tech Tablette D Tech 10,Tablette,Tablette D Tech 10,18 100 DA,tablete,1
e73471e1,D Link DWR M920 B1,Routeur_Modem,D Link DWR M920 B1,8 900 DA,el djazira,0
6bbf6411,Revaleo RCB 86 IOS,Accessoire_General,RCB 86 IOS,400 DA,iwfi,0
82197887,ZTE NUBIA MUSIC POP ART,Smartphone,NUBIA MUSIC POP ART,25 500 DA,poop,1
88e90c36,TECNO POVA 6,Smartphone,POVA 6,43 300 DA,smartphone,1
a47989bd,EL DJAZIRA CCULD009 TYPE C,Accessoire_General,CCULD009 TYPE C,550 DA,accessoire general,1
9cb292bd,D Tech Tablette D Tech 7,Tablette,Tablette D Tech 7,13 200 DA,d tceh,1
e84c1001,EL DJAZIRA AUX 3 5 CAULD001  DV,Accessoire_General,AUX 3 5 CAULD001  DV,500 DA,hhoco ecouteur,0
5b33db8f,TCL HH40L1,Routeur_Modem,TCL HH40L1,8 690 DA,rcb,0
51c3b694,D Tech Tablette D Tech 10,Tablette,Tablette D Tech 10,18 100 DA,design,0
aedf3d03,D Link DWR M961,Routeur_Modem,D Link DWR M961,9 900 DA,x68,0
df7a5817,D Link DWR G403,Routeur_Modem,D Link DWR G403,10 500 DA,4g,1
aedf3d03,D Link DWR M961,Routeur_Modem,D Link DWR M961,9 900 DA,d liink,1
9cb292bd,D Tech Tablette D Tech 7,Tablette,Tablette D Tech 7,13 200 DA,miicro,0
df7a5817,D Link DWR G403,Routeur_Modem,D Link DWR G403,10 500 DA,atb,0
e73471e1,D Link DWR M920 B1,Routeur_Modem,D Link DWR M920 B1,8 900 DA,4g,1
5b33db8f,TCL HH40L1,Routeur_Modem,TCL HH40L1,8 690 DA,mic,0
e73471e1,D Link DWR M920 B1,Routeur_Modem,D Link DWR M920 B1,8 900 DA,d linnk,1
51c3b694,D Tech Tablette D Tech 10,Tablette,Tablette D Tech 10,18 100 DA,10,1
51c3b694,D Tech Tablette D Tech 10,Tablette,Tablette D Tech 10,18 100 DA,ecouteur,0
87f8f1c1,D Link BOX Home M915V,Routeur_Modem,BOX Home M915V,9 100 DA,hocoo,0
aedf3d03,D Link DWR M961,Routeur_Modem,D Link DWR M961,9 900 DA,hoco,0
df7a5817,D Link DWR G403,Routeur_Modem,D Link DWR G403,10 500 DA,d link,1
e80f62a2,D Tech Power Bank DP20H,Accessoire_General,Power Bank DP20H,3 290 DA,revaleo,0
fb9408a7,EL DJAZIRA CULD 014 C TYPE C,Accessoire_General,CULD 014 C TYPE C,500 DA,oco,0
2db25980,EL DJAZIRA FCLD012 MICRO USB,Accessoire_Charge,FCLD012 MICRO USB,1 850 DA,accessoire chare,1
f207d538,ZTE Blade A55,Smartphone,Blade A55,20 900 DA,smartpone,0
51c3b694,D Tech Tablette D Tech 10,Tablette,Tablette D Tech 10,18 100 DA,micro,0
9cb292bd,D Tech Tablette D Tech 7,Tablette,Tablette D Tech 7,13 200 DA,el djazira culd002,0
5b33db8f,TCL HH40L1,Routeur_Modem,TCL HH40L1,8 690 DA,éouteurs,0
737d1d6b,ZTE NUBIA Neo2 5G,Smartphone,ZTE NUBIA Neo2 5G,49 900 DA,zte te,1
503172d4,HOCO DUAL PORT C103A TYPE C,Accessoire_Audio,DUAL PORT C103A TYPE C,850 DA,hoco,1
f5350ba5,D Link Clé 4G DWR 910M Wifi,Routeur_Modem,Clé 4G DWR 910M Wifi,4 500 DA,hoc,0
f5350ba5,D Link Clé 4G DWR 910M Wifi,Routeur_Modem,Clé 4G DWR 910M Wifi,4 500 DA,revaleo,0
cdc65717,ZTE BLADE A75,Smartphone,ZTE BLADE A75,31 900 DA,a75,1
82197887,ZTE NUBIA MUSIC POP ART,Smartphone,NUBIA MUSIC POP ART,25 500 DA,rvealeo,0
df7a5817,D Link DWR G403,Routeur_Modem,D Link DWR G403,10 500 DA,d linkd ,1
5b33db8f,TCL HH40L1,Routeur_Modem,TCL HH40L1,8 690 DA,4g,1
2dda0e31,Revaleo RCB 005 MICRO USB,Accessoire_Charge,RCB 005 MICRO USB,400 DA,ca82,0
51ebb54c,HOCO Cable Silicone 3A X82IP,Accessoire_Audio,Cable Silicone 3A X82IP,1 500 DA,silicone,1
4310cc39,HOCO Chargeur N13 Type C TO IP,Accessoire_Audio,Chargeur N13 Type C TO IP,3 800 DA,hoco siliconee,0
e73471e1,D Link DWR M920 B1,Routeur_Modem,D Link DWR M920 B1,8 900 DA,accessoire general,0
f5350ba5,D Link Clé 4G DWR 910M Wifi,Routeur_Modem,Clé 4G DWR 910M Wifi,4 500 DA,routeur modem,1
e73471e1,D Link DWR M920 B1,Routeur_Modem,D Link DWR M920 B1,8 900 DA,wifi,1
aedf3d03,D Link DWR M961,Routeur_Modem,D Link DWR M961,9 900 DA,3a5,0
f8cf95c6,Revaleo CABLE TK 77 IOS,Accessoire_Charge,CABLE TK 77 IOS,600 DA,type,0
82197887,ZTE NUBIA MUSIC POP ART,Smartphone,NUBIA MUSIC POP ART,25 500 DA,fcld013,0
e73471e1,D Link DWR M920 B1,Routeur_Modem,D Link DWR M920 B1,8 900 DA,d tec,0
df7a5817,D Link DWR G403,Routeur_Modem,D Link DWR G403,10 500 DA,m1,0
c8256303,ZTE BLADE A35,Smartphone,ZTE BLADE A35,17 900 DA,dv,0
737d1d6b,ZTE NUBIA Neo2 5G,Smartphone,ZTE NUBIA Neo2 5G,49 900 DA,era,0
9cb292bd,D Tech Tablette D Tech 7,Tablette,Tablette D Tech 7,13 200 DA,accessoire charge,0
9cb292bd,D Tech Tablette D Tech 7,Tablette,Tablette D Tech 7,13 200 DA,tablettee,1
6c3ac5c8,HOCO CAR FM Transmitter E59,Accessoire_Audio,CAR FM Transmitter E59,2 500 DA,hoco,1
e73471e1,D Link DWR M920 B1,Routeur_Modem,D Link DWR M920 B1,8 900 DA,m9220,1
82197887,ZTE NUBIA MUSIC POP ART,Smartphone,NUBIA MUSIC POP ART,25 500 DA,hoco,0
9cb292bd,D Tech Tablette D Tech 7,Tablette,Tablette D Tech 7,13 200 DA,el jdazira car,0
9cb292bd,D Tech Tablette D Tech 7,Tablette,Tablette D Tech 7,13 200 DA,dv,0
aedf3d03,D Link DWR M961,Routeur_Modem,D Link DWR M961,9 900 DA,dwr,1
51c3b694,D Tech Tablette D Tech 10,Tablette,Tablette D Tech 10,18 100 DA,silicone,0
87f8f1c1,D Link BOX Home M915V,Routeur_Modem,BOX Home M915V,9 100 DA,d link,1
aedf3d03,D Link DWR M961,Routeur_Modem,D Link DWR M961,9 900 DA,micro,0
87f8f1c1,D Link BOX Home M915V,Routeur_Modem,BOX Home M915V,9 100 DA,routeur modem,1
4f38c61d,HOCO Silicone 2 4A X82 IP,Accessoire_Audio,Silicone 2 4A X82 IP,1 500 DA,art,0
f5350ba5,D Link Clé 4G DWR 910M Wifi,Routeur_Modem,Clé 4G DWR 910M Wifi,4 500 DA,4g,1
1498313a,EL DJAZIRA CCLD003 MICRO USB,Accessoire_Charge,CCLD003 MICRO USB,1 100 DA,cup,0
5b33db8f,TCL HH40L1,Routeur_Modem,TCL HH40L1,8 690 DA,wifi,1
844c2ce6,D Tech Tablette D Tech 8,Tablette,Tablette D Tech 8,15 500 DA,tech,1
844c2ce6,D Tech Tablette D Tech 8,Tablette,Tablette D Tech 8,15 500 DA,teh,1
df7a5817,D Link DWR G403,Routeur_Modem,D Link DWR G403,10 500 DA,dwr,1
aedf3d03,D Link DWR M961,Routeur_Modem,D Link DWR M961,9 900 DA,revaleo,0
5b33db8f,TCL HH40L1,Routeur_Modem,TCL HH40L1,8 690 DA,mini,0
aedf3d03,D Link DWR M961,Routeur_Modem,D Link DWR M961,9 900 DA,wiif,1
aedf3d03,D Link DWR M961,Routeur_Modem,D Link DWR M961,9 900 DA,revaleo,0
df7a5817,D Link DWR G403,Routeur_Modem,D Link DWR G403,10 500 DA,d link d,1
12a3838d,EL DJAZIRA CCLD003 TYPE C,Accessoire_General,CCLD003 TYPE C,1 150 DA,ccld003,1
f5350ba5,D Link Clé 4G DWR 910M Wifi,Routeur_Modem,Clé 4G DWR 910M Wifi,4 500 DA,culd,0
9cb292bd,D Tech Tablette D Tech 7,Tablette,Tablette D Tech 7,13 200 DA,porrt,0
6c3ac5c8,HOCO CAR FM Transmitter E59,Accessoire_Audio,CAR FM Transmitter E59,2 500 DA,ios,0
e73471e1,D Link DWR M920 B1,Routeur_Modem,D Link DWR M920 B1,8 900 DA,m920,1
aedf3d03,D Link DWR M961,Routeur_Modem,D Link DWR M961,9 900 DA,m961,1
5b33db8f,TCL HH40L1,Routeur_Modem,TCL HH40L1,8 690 DA,hooc,0
9461652e,HOCO ECOUTEUR EQ4,Accessoire_Audio,ECOUTEUR EQ4,4 800 DA,hocoo ecouteur,1
344c9a11,EL DJAZIRA FCLD012 TYPE C,Accessoire_General,FCLD012 TYPE C,1 900 DA,fld012,1
083519d5,Revaleo TK 73,Accessoire_General,TK 73,600 DA,j52,0
f5350ba5,D Link Clé 4G DWR 910M Wifi,Routeur_Modem,Clé 4G DWR 910M Wifi,4 500 DA,d link,1
87f8f1c1,D Link BOX Home M915V,Routeur_Modem,BOX Home M915V,9 100 DA,iwfi,1
a7c8b379,D Tech Power Bank DP1 Mini,Accessoire_General,Power Bank DP1 Mini,2 200 DA,bakn,1
df7a5817,D Link DWR G403,Routeur_Modem,D Link DWR G403,10 500 DA,el djzaira,0
51c3b694,D Tech Tablette D Tech 10,Tablette,Tablette D Tech 10,18 100 DA,psld0002,0
344c9a11,EL DJAZIRA FCLD012 TYPE C,Accessoire_General,FCLD012 TYPE C,1 900 DA,d tehc tablette,0
5b33db8f,TCL HH40L1,Routeur_Modem,TCL HH40L1,8 690 DA,4g,1
fb9408a7,EL DJAZIRA CULD 014 C TYPE C,Accessoire_General,CULD 014 C TYPE C,500 DA,type,0
9cb292bd,D Tech Tablette D Tech 7,Tablette,Tablette D Tech 7,13 200 DA,ta,1
51c3b694,D Tech Tablette D Tech 10,Tablette,Tablette D Tech 10,18 100 DA,tabltte,1
e73471e1,D Link DWR M920 B1,Routeur_Modem,D Link DWR M920 B1,8 900 DA,hooc,0
df7a5817,D Link DWR G403,Routeur_Modem,D Link DWR G403,10 500 DA,accessoire charge,0
88e90c36,TECNO POVA 6,Smartphone,POVA 6,43 300 DA,tecno,1
df7a5817,D Link DWR G403,Routeur_Modem,D Link DWR G403,10 500 DA,n13,0
f5350ba5,D Link Clé 4G DWR 910M Wifi,Routeur_Modem,Clé 4G DWR 910M Wifi,4 500 DA,hoco ecouteu,0
aedf3d03,D Link DWR M961,Routeur_Modem,D Link DWR M961,9 900 DA,4g,1
5b33db8f,TCL HH40L1,Routeur_Modem,TCL HH40L1,8 690 DA,el djazira,0
51c3b694,D Tech Tablette D Tech 10,Tablette,Tablette D Tech 10,18 100 DA,lin,0
f5350ba5,D Link Clé 4G DWR 910M Wifi,Routeur_Modem,Clé 4G DWR 910M Wifi,4 500 DA,d ink clé,1
e0afe04d,EL DJAZIRA CCLD 001C MICRO USB,Accessoire_Charge,CCLD 001C MICRO USB,1 300 DA,eel djazira,1
ecf6f099,HOCO ECOUTEUR EQ3,Accessoire_Audio,ECOUTEUR EQ3,3 500 DA,accessoire auddio,1
87f8f1c1,D Link BOX Home M915V,Routeur_Modem,BOX Home M915V,9 100 DA,accessoire audo,0
f5350ba5,D Link Clé 4G DWR 910M Wifi,Routeur_Modem,Clé 4G DWR 910M Wifi,4 500 DA,4g,1
e73471e1,D Link DWR M920 B1,Routeur_Modem,D Link DWR M920 B1,8 900 DA,routeur modem,1
c8256303,ZTE BLADE A35,Smartphone,ZTE BLADE A35,17 900 DA,tze,1
51c3b694,D Tech Tablette D Tech 10,Tablette,Tablette D Tech 10,18 100 DA,tablette,1
844c2ce6,D Tech Tablette D Tech 8,Tablette,Tablette D Tech 8,15 500 DA,blade,0
e73471e1,D Link DWR M920 B1,Routeur_Modem,D Link DWR M920 B1,8 900 DA,b1,1
f5350ba5,D Link Clé 4G DWR 910M Wifi,Routeur_Modem,Clé 4G DWR 910M Wifi,4 500 DA,to,0
964f844a,D Tech Power Bank DPC65,Accessoire_General,Power Bank DPC65,7 990 DA,bank,1
9cb292bd,D Tech Tablette D Tech 7,Tablette,Tablette D Tech 7,13 200 DA,hooc,0
f5350ba5,D Link Clé 4G DWR 910M Wifi,Routeur_Modem,Clé 4G DWR 910M Wifi,4 500 DA,910m,1
aedf3d03,D Link DWR M961,Routeur_Modem,D Link DWR M961,9 900 DA,m691,1
aedf3d03,D Link DWR M961,Routeur_Modem,D Link DWR M961,9 900 DA,m961,1
5ee9df66,HOCO Magnetic U90 TYPE C,Accessoire_Audio,Magnetic U90 TYPE C,1 500 DA,9u0,1
51c3b694,D Tech Tablette D Tech 10,Tablette,Tablette D Tech 10,18 100 DA,revaleo tk,0
87f8f1c1,D Link BOX Home M915V,Routeur_Modem,BOX Home M915V,9 100 DA,hocco stereo,0
f5350ba5,D Link Clé 4G DWR 910M Wifi,Routeur_Modem,Clé 4G DWR 910M Wifi,4 500 DA,wifi,1
5b33db8f,TCL HH40L1,Routeur_Modem,TCL HH40L1,8 690 DA,lch,0
f207d538,ZTE Blade A55,Smartphone,Blade A55,20 900 DA,lade,1
f207d538,ZTE Blade A55,Smartphone,Blade A55,20 900 DA,rvealeo,0
0946d7f7,EL DJAZIRA CULD010 TYPE C,Accessoire_General,CULD010 TYPE C,550 DA,blade,0
e73471e1,D Link DWR M920 B1,Routeur_Modem,D Link DWR M920 B1,8 900 DA,acccessoire general,0
aedf3d03,D Link DWR M961,Routeur_Modem,D Link DWR M961,9 900 DA,routeur modem,1
8193aed5,HOCO PWB 20 000 mah J52A,Accessoire_Audio,PWB 20 000 mah J52A,4 300 DA,hhoco,0
6f27bb2d,EL DJAZIRA CULD012 TYPE C,Accessoire_General,CULD012 TYPE C,550 DA,el djazira,0
f5350ba5,D Link Clé 4G DWR 910M Wifi,Routeur_Modem,Clé 4G DWR 910M Wifi,4 500 DA,d link,1
844c2ce6,D Tech Tablette D Tech 8,Tablette,Tablette D Tech 8,15 500 DA,dt ech,1
df7a5817,D Link DWR G403,Routeur_Modem,D Link DWR G403,10 500 DA,a7,0
87f8f1c1,D Link BOX Home M915V,Routeur_Modem,BOX Home M915V,9 100 DA,router modem,1
9cb292bd,D Tech Tablette D Tech 7,Tablette,Tablette D Tech 7,13 200 DA,hooc,0
f5350ba5,D Link Clé 4G DWR 910M Wifi,Routeur_Modem,Clé 4G DWR 910M Wifi,4 500 DA,revaeo tk80,0
844c2ce6,D Tech Tablette D Tech 8,Tablette,Tablette D Tech 8,15 500 DA,oco,0
cdc65717,ZTE BLADE A75,Smartphone,ZTE BLADE A75,31 900 DA,zte zet,1
844c2ce6,D Tech Tablette D Tech 8,Tablette,Tablette D Tech 8,15 500 DA,ttype,0
df7a5817,D Link DWR G403,Routeur_Modem,D Link DWR G403,10 500 DA,bank,0
737d1d6b,ZTE NUBIA Neo2 5G,Smartphone,ZTE NUBIA Neo2 5G,49 900 DA,revaleo aux,0
f207d538,ZTE Blade A55,Smartphone,Blade A55,20 900 DA,smartphonne,1
df7a5817,D Link DWR G403,Routeur_Modem,D Link DWR G403,10 500 DA,el djazira,0
87f8f1c1,D Link BOX Home M915V,Routeur_Modem,BOX Home M915V,9 100 DA,routeur modem,1
df7a5817,D Link DWR G403,Routeur_Modem,D Link DWR G403,10 500 DA,accessoire audio,0
6bbf6411,Revaleo RCB 86 IOS,Accessoire_General,RCB 86 IOS,400 DA,revalo,1
9129a21d,TECNO SPARK Go 1,Smartphone,SPARK Go 1,18 000 DA,accessoire general,0
aedf3d03,D Link DWR M961,Routeur_Modem,D Link DWR M961,9 900 DA,hc13,0
5b33db8f,TCL HH40L1,Routeur_Modem,TCL HH40L1,8 690 DA,hoc,0
9cb292bd,D Tech Tablette D Tech 7,Tablette,Tablette D Tech 7,13 200 DA,009,0
51c3b694,D Tech Tablette D Tech 10,Tablette,Tablette D Tech 10,18 100 DA, dtech,1
87f8f1c1,D Link BOX Home M915V,Routeur_Modem,BOX Home M915V,9 100 DA,revaleo tk80,0
844c2ce6,D Tech Tablette D Tech 8,Tablette,Tablette D Tech 8,15 500 DA,tab,1
d6acdc94,EL DJAZIRA FCLD010 TYPE C,Accessoire_General,FCLD010 TYPE C,1 350 DA,hoco,0
9cb292bd,D Tech Tablette D Tech 7,Tablette,Tablette D Tech 7,13 200 DA,accessoire audio,0
844c2ce6,D Tech Tablette D Tech 8,Tablette,Tablette D Tech 8,15 500 DA,d tech tbalette,1
bdf8217c,HOCO Écouteurs M1 PRO,Accessoire_Audio,Écouteurs M1 PRO,1 500 DA,écuteurs,1
aedf3d03,D Link DWR M961,Routeur_Modem,D Link DWR M961,9 900 DA,dr,1
87f8f1c1,D Link BOX Home M915V,Routeur_Modem,BOX Home M915V,9 100 DA,routeur mdem,1
e73471e1,D Link DWR M920 B1,Routeur_Modem,D Link DWR M920 B1,8 900 DA,accessoire general,0
0ae3b7d8,ZTE BLADE V60 DESIGN,Smartphone,ZTE BLADE V60 DESIGN,32 900 DA,mannersprot,0
5b33db8f,TCL HH40L1,Routeur_Modem,TCL HH40L1,8 690 DA,accessoire audio,0
844c2ce6,D Tech Tablette D Tech 8,Tablette,Tablette D Tech 8,15 500 DA,taablette,1
d4d94faf,HOCO ECOUTEUR EQ1,Accessoire_Audio,ECOUTEUR EQ1,2 950 DA,hoco,1
844c2ce6,D Tech Tablette D Tech 8,Tablette,Tablette D Tech 8,15 500 DA,tablette,1
9129a21d,TECNO SPARK Go 1,Smartphone,SPARK Go 1,18 000 DA,sppark,1
51c3b694,D Tech Tablette D Tech 10,Tablette,Tablette D Tech 10,18 100 DA,d tech tablette,1
aedf3d03,D Link DWR M961,Routeur_Modem,D Link DWR M961,9 900 DA,d link d,1
737d1d6b,ZTE NUBIA Neo2 5G,Smartphone,ZTE NUBIA Neo2 5G,49 900 DA,smratphone,1
51c3b694,D Tech Tablette D Tech 10,Tablette,Tablette D Tech 10,18 100 DA,d tech tablette,1
f5350ba5,D Link Clé 4G DWR 910M Wifi,Routeur_Modem,Clé 4G DWR 910M Wifi,4 500 DA,wiif,1
5b33db8f,TCL HH40L1,Routeur_Modem,TCL HH40L1,8 690 DA,miicro,0
ed82fff0,HOCO Silicone 3A X86 Type C,Accessoire_Audio,Silicone 3A X86 Type C,1 200 DA,spark,0
0ace84cd,Revaleo TK 75,Accessoire_General,TK 75,700 DA,revaleo tk,1
8890c2a9,EL DJAZIRA CHARGER FCLD004,Accessoire_General,CHARGER FCLD004,950 DA,revaleo tk80,0
c8256303,ZTE BLADE A35,Smartphone,ZTE BLADE A35,17 900 DA,82,0
88e90c36,TECNO POVA 6,Smartphone,POVA 6,43 300 DA,4a,0
9cb292bd,D Tech Tablette D Tech 7,Tablette,Tablette D Tech 7,13 200 DA,d tech tablette,1
844c2ce6,D Tech Tablette D Tech 8,Tablette,Tablette D Tech 8,15 500 DA,reavleo,0
5b33db8f,TCL HH40L1,Routeur_Modem,TCL HH40L1,8 690 DA,el djazira ccld,0
f5350ba5,D Link Clé 4G DWR 910M Wifi,Routeur_Modem,Clé 4G DWR 910M Wifi,4 500 DA,revaleo tk80,0
737d1d6b,ZTE NUBIA Neo2 5G,Smartphone,ZTE NUBIA Neo2 5G,49 900 DA,lh,0
df7a5817,D Link DWR G403,Routeur_Modem,D Link DWR G403,10 500 DA,roouteur modem,1
df7a5817,D Link DWR G403,Routeur_Modem,D Link DWR G403,10 500 DA,mcro,0
9cb292bd,D Tech Tablette D Tech 7,Tablette,Tablette D Tech 7,13 200 DA,taab,1
e73471e1,D Link DWR M920 B1,Routeur_Modem,D Link DWR M920 B1,8 900 DA,reevaleo aux,0
f5350ba5,D Link Clé 4G DWR 910M Wifi,Routeur_Modem,Clé 4G DWR 910M Wifi,4 500 DA,ddwr,1
18d42555,Revaleo RTC 003 3USB TYPE C,Accessoire_Charge,RTC 003 3USB TYPE C,1 250 DA,rcb,0
f5350ba5,D Link Clé 4G DWR 910M Wifi,Routeur_Modem,Clé 4G DWR 910M Wifi,4 500 DA,routeur modem,1
51c3b694,D Tech Tablette D Tech 10,Tablette,Tablette D Tech 10,18 100 DA,accessoire general,0
5b33db8f,TCL HH40L1,Routeur_Modem,TCL HH40L1,8 690 DA,tccl,1
c8256303,ZTE BLADE A35,Smartphone,ZTE BLADE A35,17 900 DA,power,0
9129a21d,TECNO SPARK Go 1,Smartphone,SPARK Go 1,18 000 DA,tecno,1
df7a5817,D Link DWR G403,Routeur_Modem,D Link DWR G403,10 500 DA,fcld013,0
e73471e1,D Link DWR M920 B1,Routeur_Modem,D Link DWR M920 B1,8 900 DA,m290,1
f5350ba5,D Link Clé 4G DWR 910M Wifi,Routeur_Modem,Clé 4G DWR 910M Wifi,4 500 DA,accessoire audio,0
87f8f1c1,D Link BOX Home M915V,Routeur_Modem,BOX Home M915V,9 100 DA,cauld001,0
844c2ce6,D Tech Tablette D Tech 8,Tablette,Tablette D Tech 8,15 500 DA,tb,1
5b33db8f,TCL HH40L1,Routeur_Modem,TCL HH40L1,8 690 DA,005,0
aedf3d03,D Link DWR M961,Routeur_Modem,D Link DWR M961,9 900 DA,d lik d,1
844c2ce6,D Tech Tablette D Tech 8,Tablette,Tablette D Tech 8,15 500 DA,tablette,1
5b33db8f,TCL HH40L1,Routeur_Modem,TCL HH40L1,8 690 DA,accessoire audioo,0
5b33db8f,TCL HH40L1,Routeur_Modem,TCL HH40L1,8 690 DA,tcl tcll,1
348d2281,HOCO ES51 Era sport earphone,Accessoire_Audio,ES51 Era sport earphone,3 500 DA,micro,0
5b33db8f,TCL HH40L1,Routeur_Modem,TCL HH40L1,8 690 DA,4g,1
df7a5817,D Link DWR G403,Routeur_Modem,D Link DWR G403,10 500 DA,eel djazira,0
51c3b694,D Tech Tablette D Tech 10,Tablette,Tablette D Tech 10,18 100 DA,01c,0
9cb292bd,D Tech Tablette D Tech 7,Tablette,Tablette D Tech 7,13 200 DA,tb,1
df7a5817,D Link DWR G403,Routeur_Modem,D Link DWR G403,10 500 DA,4g03,1
5b33db8f,TCL HH40L1,Routeur_Modem,TCL HH40L1,8 690 DA,tk,0
f5350ba5,D Link Clé 4G DWR 910M Wifi,Routeur_Modem,Clé 4G DWR 910M Wifi,4 500 DA,ddwr,1
bbe397ae,HOCO C97A TYPE C TO TYPE C,Accessoire_Audio,C97A TYPE C TO TYPE C,2 200 DA,port,0
51c3b694,D Tech Tablette D Tech 10,Tablette,Tablette D Tech 10,18 100 DA,accessoire general,0
9cb292bd,D Tech Tablette D Tech 7,Tablette,Tablette D Tech 7,13 200 DA,accessoire charge,0
844c2ce6,D Tech Tablette D Tech 8,Tablette,Tablette D Tech 8,15 500 DA,d tech tablette,1
87f8f1c1,D Link BOX Home M915V,Routeur_Modem,BOX Home M915V,9 100 DA,routeur modem,1
87f8f1c1,D Link BOX Home M915V,Routeur_Modem,BOX Home M915V,9 100 DA,home,1
844c2ce6,D Tech Tablette D Tech 8,Tablette,Tablette D Tech 8,15 500 DA,d teech tablette,1
5b33db8f,TCL HH40L1,Routeur_Modem,TCL HH40L1,8 690 DA,4g,1
aedf3d03,D Link DWR M961,Routeur_Modem,D Link DWR M961,9 900 DA,écouteurss,0
8193aed5,HOCO PWB 20 000 mah J52A,Accessoire_Audio,PWB 20 000 mah J52A,4 300 DA,fcld00,0
aedf3d03,D Link DWR M961,Routeur_Modem,D Link DWR M961,9 900 DA,mciro,0
4dd7aa74,HOCO IN CAR FM E62,Accessoire_Audio,IN CAR FM E62,4 900 DA,accessoirea udio,1
f207d538,ZTE Blade A55,Smartphone,Blade A55,20 900 DA,zte ze,0
aedf3d03,D Link DWR M961,Routeur_Modem,D Link DWR M961,9 900 DA,m961,1
b0ff9432,EL DJAZIRA FCLD 009 C TYPE C,Accessoire_General,FCLD 009 C TYPE C,1 800 DA,duall,0
df7a5817,D Link DWR G403,Routeur_Modem,D Link DWR G403,10 500 DA,dwr,1
c8256303,ZTE BLADE A35,Smartphone,ZTE BLADE A35,17 900 DA,blde,1
e73471e1,D Link DWR M920 B1,Routeur_Modem,D Link DWR M920 B1,8 900 DA,b1,1
aedf3d03,D Link DWR M961,Routeur_Modem,D Link DWR M961,9 900 DA,rcb,0
e73471e1,D Link DWR M920 B1,Routeur_Modem,D Link DWR M920 B1,8 900 DA,4g,1
df7a5817,D Link DWR G403,Routeur_Modem,D Link DWR G403,10 500 DA,ttab,0
2c6aa736,EL DJAZIRA CHARGEUR PSLD001,Accessoire_Charge,CHARGEUR PSLD001,2 690 DA,psld001,1
51c3b694,D Tech Tablette D Tech 10,Tablette,Tablette D Tech 10,18 100 DA,accessoire audio,0
df7a5817,D Link DWR G403,Routeur_Modem,D Link DWR G403,10 500 DA,tcll,0
51c3b694,D Tech Tablette D Tech 10,Tablette,Tablette D Tech 10,18 100 DA,micro,0
f5350ba5,D Link Clé 4G DWR 910M Wifi,Routeur_Modem,Clé 4G DWR 910M Wifi,4 500 DA,clé,1
844c2ce6,D Tech Tablette D Tech 8,Tablette,Tablette D Tech 8,15 500 DA,revaleoo,0
a7c8b379,D Tech Power Bank DP1 Mini,Accessoire_General,Power Bank DP1 Mini,2 200 DA,bx544,0
9cb292bd,D Tech Tablette D Tech 7,Tablette,Tablette D Tech 7,13 200 DA,le djazira charger,0
9cb292bd,D Tech Tablette D Tech 7,Tablette,Tablette D Tech 7,13 200 DA,ttab,1
87f8f1c1,D Link BOX Home M915V,Routeur_Modem,BOX Home M915V,9 100 DA,m9155v,1
083519d5,Revaleo TK 73,Accessoire_General,TK 73,600 DA,revale,1
aedf3d03,D Link DWR M961,Routeur_Modem,D Link DWR M961,9 900 DA,liink,1
87f8f1c1,D Link BOX Home M915V,Routeur_Modem,BOX Home M915V,9 100 DA,accessoire charge,0
844c2ce6,D Tech Tablette D Tech 8,Tablette,Tablette D Tech 8,15 500 DA,wfii,0
f5350ba5,D Link Clé 4G DWR 910M Wifi,Routeur_Modem,Clé 4G DWR 910M Wifi,4 500 DA,el djzaira,0
e73471e1,D Link DWR M920 B1,Routeur_Modem,D Link DWR M920 B1,8 900 DA,cc97a,0
51c3b694,D Tech Tablette D Tech 10,Tablette,Tablette D Tech 10,18 100 DA,miic,0
f207d538,ZTE Blade A55,Smartphone,Blade A55,20 900 DA,bx54,0
6bbf6411,Revaleo RCB 86 IOS,Accessoire_General,RCB 86 IOS,400 DA,accessoiire general,0
5b33db8f,TCL HH40L1,Routeur_Modem,TCL HH40L1,8 690 DA,car,0
0ae3b7d8,ZTE BLADE V60 DESIGN,Smartphone,ZTE BLADE V60 DESIGN,32 900 DA,zte,1
f5350ba5,D Link Clé 4G DWR 910M Wifi,Routeur_Modem,Clé 4G DWR 910M Wifi,4 500 DA,eq1,0
e73471e1,D Link DWR M920 B1,Routeur_Modem,D Link DWR M920 B1,8 900 DA,b1,1
51c3b694,D Tech Tablette D Tech 10,Tablette,Tablette D Tech 10,18 100 DA,tab,1
88e90c36,TECNO POVA 6,Smartphone,POVA 6,43 300 DA,0004,0
f5350ba5,D Link Clé 4G DWR 910M Wifi,Routeur_Modem,Clé 4G DWR 910M Wifi,4 500 DA,iwfi,1
82197887,ZTE NUBIA MUSIC POP ART,Smartphone,NUBIA MUSIC POP ART,25 500 DA,aart,1
51c3b694,D Tech Tablette D Tech 10,Tablette,Tablette D Tech 10,18 100 DA,type,0
6c3ac5c8,HOCO CAR FM Transmitter E59,Accessoire_Audio,CAR FM Transmitter E59,2 500 DA,earphones,0
f5350ba5,D Link Clé 4G DWR 910M Wifi,Routeur_Modem,Clé 4G DWR 910M Wifi,4 500 DA,accessoire audio,0
f5350ba5,D Link Clé 4G DWR 910M Wifi,Routeur_Modem,Clé 4G DWR 910M Wifi,4 500 DA,revaleo rcc,0
aedf3d03,D Link DWR M961,Routeur_Modem,D Link DWR M961,9 900 DA,link,1
844c2ce6,D Tech Tablette D Tech 8,Tablette,Tablette D Tech 8,15 500 DA,atb,1
93d7e15d,Revaleo RCB 86 TYPE C,Accessoire_General,RCB 86 TYPE C,350 DA,accessoire general,0
802f6a69,EL DJAZIRA FCLD007,Accessoire_General,FCLD007,1 450 DA,qc3,0
88e90c36,TECNO POVA 6,Smartphone,POVA 6,43 300 DA,smatrphone,1
5b33db8f,TCL HH40L1,Routeur_Modem,TCL HH40L1,8 690 DA,tk80,0
f207d538,ZTE Blade A55,Smartphone,Blade A55,20 900 DA,aerphones,0
8890c2a9,EL DJAZIRA CHARGER FCLD004,Accessoire_General,CHARGER FCLD004,950 DA,ell djazira fcld010,0
e73471e1,D Link DWR M920 B1,Routeur_Modem,D Link DWR M920 B1,8 900 DA,dwr,1
b47b1328,EL DJAZIRA CCLD 001C TYPE C,Accessoire_General,CCLD 001C TYPE C,1 350 DA,type,1
e73471e1,D Link DWR M920 B1,Routeur_Modem,D Link DWR M920 B1,8 900 DA,wifi,1
5b33db8f,TCL HH40L1,Routeur_Modem,TCL HH40L1,8 690 DA,tcl tcl,1
9cb292bd,D Tech Tablette D Tech 7,Tablette,Tablette D Tech 7,13 200 DA,tab,1
aedf3d03,D Link DWR M961,Routeur_Modem,D Link DWR M961,9 900 DA,4g,1
e73471e1,D Link DWR M920 B1,Routeur_Modem,D Link DWR M920 B1,8 900 DA,d link,1
c8256303,ZTE BLADE A35,Smartphone,ZTE BLADE A35,17 900 DA,zte zte,1
fb9408a7,EL DJAZIRA CULD 014 C TYPE C,Accessoire_General,CULD 014 C TYPE C,500 DA,el djazira culd,1
ebaf792c,EL DJAZIRA CULD 014 S MICRO USB,Accessoire_Charge,CULD 014 S MICRO USB,450 DA,micr,1
5b33db8f,TCL HH40L1,Routeur_Modem,TCL HH40L1,8 690 DA,4g,1
844c2ce6,D Tech Tablette D Tech 8,Tablette,Tablette D Tech 8,15 500 DA,etch,1
87f8f1c1,D Link BOX Home M915V,Routeur_Modem,BOX Home M915V,9 100 DA,holder,0
737d1d6b,ZTE NUBIA Neo2 5G,Smartphone,ZTE NUBIA Neo2 5G,49 900 DA,ca95,0
e73471e1,D Link DWR M920 B1,Routeur_Modem,D Link DWR M920 B1,8 900 DA,dwr,1
5ee9df66,HOCO Magnetic U90 TYPE C,Accessoire_Audio,Magnetic U90 TYPE C,1 500 DA,uu90,1
a4701ff6,HOCO CABLE 3A X86 TYPE C,Accessoire_Audio,CABLE 3A X86 TYPE C,1 200 DA,hoco cable,1
df7a5817,D Link DWR G403,Routeur_Modem,D Link DWR G403,10 500 DA,routeur modem,1
aedf3d03,D Link DWR M961,Routeur_Modem,D Link DWR M961,9 900 DA,smartphone,0
87f8f1c1,D Link BOX Home M915V,Routeur_Modem,BOX Home M915V,9 100 DA,ew26,0
d1abf471,HOCO Dual Port C88A MICRO,Accessoire_Audio,Dual Port C88A MICRO,900 DA,rtc,0
f5350ba5,D Link Clé 4G DWR 910M Wifi,Routeur_Modem,Clé 4G DWR 910M Wifi,4 500 DA,routeur modem,1
844c2ce6,D Tech Tablette D Tech 8,Tablette,Tablette D Tech 8,15 500 DA,accessoire audio,0
b5d43017,EL DJAZIRA FCLD 002 S MICRO USB,Accessoire_Charge,FCLD 002 S MICRO USB,1 800 DA,miicro,0
87f8f1c1,D Link BOX Home M915V,Routeur_Modem,BOX Home M915V,9 100 DA,tpye,0
5b33db8f,TCL HH40L1,Routeur_Modem,TCL HH40L1,8 690 DA,pova,0
aedf3d03,D Link DWR M961,Routeur_Modem,D Link DWR M961,9 900 DA,accessoir general,0
9cb292bd,D Tech Tablette D Tech 7,Tablette,Tablette D Tech 7,13 200 DA,tech,1
aedf3d03,D Link DWR M961,Routeur_Modem,D Link DWR M961,9 900 DA,d link,1
844c2ce6,D Tech Tablette D Tech 8,Tablette,Tablette D Tech 8,15 500 DA,revaleo,0
51c3b694,D Tech Tablette D Tech 10,Tablette,Tablette D Tech 10,18 100 DA,qc3,0
93d7e15d,Revaleo RCB 86 TYPE C,Accessoire_General,RCB 86 TYPE C,350 DA,86,1
d944ef59,Revaleo LCH 082 MICRO USB,Accessoire_Charge,LCH 082 MICRO USB,1 250 DA,usb,1
87f8f1c1,D Link BOX Home M915V,Routeur_Modem,BOX Home M915V,9 100 DA,typ,0
87f8f1c1,D Link BOX Home M915V,Routeur_Modem,BOX Home M915V,9 100 DA,home,1
54c4a777,HOCO Écouteurs  EW25,Accessoire_Audio,Écouteurs  EW25,2 550 DA,écouteurs,1
aedf3d03,D Link DWR M961,Routeur_Modem,D Link DWR M961,9 900 DA,d llink,1
9cb292bd,D Tech Tablette D Tech 7,Tablette,Tablette D Tech 7,13 200 DA,accesosire general,0
802f6a69,EL DJAZIRA FCLD007,Accessoire_General,FCLD007,1 450 DA,77,0
0ae3b7d8,ZTE BLADE V60 DESIGN,Smartphone,ZTE BLADE V60 DESIGN,32 900 DA,culd007,0
f5350ba5,D Link Clé 4G DWR 910M Wifi,Routeur_Modem,Clé 4G DWR 910M Wifi,4 500 DA,duaal,0
ebaf792c,EL DJAZIRA CULD 014 S MICRO USB,Accessoire_Charge,CULD 014 S MICRO USB,450 DA,el djazira,1
aedf3d03,D Link DWR M961,Routeur_Modem,D Link DWR M961,9 900 DA,micro,0
df7a5817,D Link DWR G403,Routeur_Modem,D Link DWR G403,10 500 DA,ip,0
026e501d,Revaleo RCB 003 MICRO USB,Accessoire_Charge,RCB 003 MICRO USB,500 DA,usb,1
9cb292bd,D Tech Tablette D Tech 7,Tablette,Tablette D Tech 7,13 200 DA,004,0
51c3b694,D Tech Tablette D Tech 10,Tablette,Tablette D Tech 10,18 100 DA,ohco true,0
51c3b694,D Tech Tablette D Tech 10,Tablette,Tablette D Tech 10,18 100 DA,tba,1
9129a21d,TECNO SPARK Go 1,Smartphone,SPARK Go 1,18 000 DA,tecno spark,1
aedf3d03,D Link DWR M961,Routeur_Modem,D Link DWR M961,9 900 DA,m9611,1
aedf3d03,D Link DWR M961,Routeur_Modem,D Link DWR M961,9 900 DA,accessoire charge,0
87f8f1c1,D Link BOX Home M915V,Routeur_Modem,BOX Home M915V,9 100 DA,d linkk,1
b5d43017,EL DJAZIRA FCLD 002 S MICRO USB,Accessoire_Charge,FCLD 002 S MICRO USB,1 800 DA,acccessoire charge,0
844c2ce6,D Tech Tablette D Tech 8,Tablette,Tablette D Tech 8,15 500 DA,tabltte,1
df7a5817,D Link DWR G403,Routeur_Modem,D Link DWR G403,10 500 DA,drw,1
bbe397ae,HOCO C97A TYPE C TO TYPE C,Accessoire_Audio,C97A TYPE C TO TYPE C,2 200 DA,accessoire general,0
e6c50ee8,HOCO QC3 0 C72Q MICRO,Accessoire_Audio,QC3 0 C72Q MICRO,1 100 DA,accessoire charge,0
f5350ba5,D Link Clé 4G DWR 910M Wifi,Routeur_Modem,Clé 4G DWR 910M Wifi,4 500 DA,el djazra,0
9cb292bd,D Tech Tablette D Tech 7,Tablette,Tablette D Tech 7,13 200 DA,d tch tablette,1
51c3b694,D Tech Tablette D Tech 10,Tablette,Tablette D Tech 10,18 100 DA,tk,0
737d1d6b,ZTE NUBIA Neo2 5G,Smartphone,ZTE NUBIA Neo2 5G,49 900 DA,5g,1
f5350ba5,D Link Clé 4G DWR 910M Wifi,Routeur_Modem,Clé 4G DWR 910M Wifi,4 500 DA,041,0
f5350ba5,D Link Clé 4G DWR 910M Wifi,Routeur_Modem,Clé 4G DWR 910M Wifi,4 500 DA,routeur omdem,1
51c3b694,D Tech Tablette D Tech 10,Tablette,Tablette D Tech 10,18 100 DA,d tech,1
82197887,ZTE NUBIA MUSIC POP ART,Smartphone,NUBIA MUSIC POP ART,25 500 DA,ar,1
e73471e1,D Link DWR M920 B1,Routeur_Modem,D Link DWR M920 B1,8 900 DA,b1,1
e73471e1,D Link DWR M920 B1,Routeur_Modem,D Link DWR M920 B1,8 900 DA,4g,1
6ff111a7,EL DJAZIRA CULD 004 C TYPE C,Accessoire_General,CULD 004 C TYPE C,700 DA,el djjazira,1
5b33db8f,TCL HH40L1,Routeur_Modem,TCL HH40L1,8 690 DA,wifi,1
df7a5817,D Link DWR G403,Routeur_Modem,D Link DWR G403,10 500 DA,acecssoire audio,0
844c2ce6,D Tech Tablette D Tech 8,Tablette,Tablette D Tech 8,15 500 DA,accessoire general,0
5b33db8f,TCL HH40L1,Routeur_Modem,TCL HH40L1,8 690 DA,zte ze,0
c34963c0,Revaleo LCH 219 MICRO USB,Accessoire_Charge,LCH 219 MICRO USB,1 100 DA,lc,1
e73471e1,D Link DWR M920 B1,Routeur_Modem,D Link DWR M920 B1,8 900 DA,cablee,0
5b33db8f,TCL HH40L1,Routeur_Modem,TCL HH40L1,8 690 DA,hh40l1,1
f207d538,ZTE Blade A55,Smartphone,Blade A55,20 900 DA,m1,0
d173166c,Revaleo LCH 219 3USB TYPE C,Accessoire_Charge,LCH 219 3USB TYPE C,1 100 DA,smartphone,0
18b67eb7,EL DJAZIRA CABLE 3IN1 CULD015,Accessoire_Charge,CABLE 3IN1 CULD015,950 DA,lc,0
82197887,ZTE NUBIA MUSIC POP ART,Smartphone,NUBIA MUSIC POP ART,25 500 DA,001c,0
87f8f1c1,D Link BOX Home M915V,Routeur_Modem,BOX Home M915V,9 100 DA,m915v,1
51c3b694,D Tech Tablette D Tech 10,Tablette,Tablette D Tech 10,18 100 DA,tab,1
87f8f1c1,D Link BOX Home M915V,Routeur_Modem,BOX Home M915V,9 100 DA,wifi,0
51c3b694,D Tech Tablette D Tech 10,Tablette,Tablette D Tech 10,18 100 DA,abnk,0
f5350ba5,D Link Clé 4G DWR 910M Wifi,Routeur_Modem,Clé 4G DWR 910M Wifi,4 500 DA,accessoireaudio,0
9cb292bd,D Tech Tablette D Tech 7,Tablette,Tablette D Tech 7,13 200 DA,dp15,0
737d1d6b,ZTE NUBIA Neo2 5G,Smartphone,ZTE NUBIA Neo2 5G,49 900 DA,accessoire genral,0
844c2ce6,D Tech Tablette D Tech 8,Tablette,Tablette D Tech 8,15 500 DA,tech,1
51c3b694,D Tech Tablette D Tech 10,Tablette,Tablette D Tech 10,18 100 DA,ablette,1
cdc65717,ZTE BLADE A75,Smartphone,ZTE BLADE A75,31 900 DA,x86,0
87f8f1c1,D Link BOX Home M915V,Routeur_Modem,BOX Home M915V,9 100 DA,m915v,1
e73471e1,D Link DWR M920 B1,Routeur_Modem,D Link DWR M920 B1,8 900 DA,dwr,1
9129a21d,TECNO SPARK Go 1,Smartphone,SPARK Go 1,18 000 DA,rvaleo,0
844c2ce6,D Tech Tablette D Tech 8,Tablette,Tablette D Tech 8,15 500 DA,wr,0
844c2ce6,D Tech Tablette D Tech 8,Tablette,Tablette D Tech 8,15 500 DA,tablete,1
aedf3d03,D Link DWR M961,Routeur_Modem,D Link DWR M961,9 900 DA,revaleo,0
e73471e1,D Link DWR M920 B1,Routeur_Modem,D Link DWR M920 B1,8 900 DA,d link d,1
51c3b694,D Tech Tablette D Tech 10,Tablette,Tablette D Tech 10,18 100 DA,speker,0
705f7822,HOCO C101A TYPE C TO TYPE C,Accessoire_Audio,C101A TYPE C TO TYPE C,2 700 DA,4g,0
87f8f1c1,D Link BOX Home M915V,Routeur_Modem,BOX Home M915V,9 100 DA,accessoire general,0
844c2ce6,D Tech Tablette D Tech 8,Tablette,Tablette D Tech 8,15 500 DA,revaleo rcc,0
9cb292bd,D Tech Tablette D Tech 7,Tablette,Tablette D Tech 7,13 200 DA,tablette,1
9cb292bd,D Tech Tablette D Tech 7,Tablette,Tablette D Tech 7,13 200 DA,d ech tablette,1
e73471e1,D Link DWR M920 B1,Routeur_Modem,D Link DWR M920 B1,8 900 DA,accesssoire general,0
9129a21d,TECNO SPARK Go 1,Smartphone,SPARK Go 1,18 000 DA,ip,0
e73471e1,D Link DWR M920 B1,Routeur_Modem,D Link DWR M920 B1,8 900 DA,micro,0
d173166c,Revaleo LCH 219 3USB TYPE C,Accessoire_Charge,LCH 219 3USB TYPE C,1 100 DA,ytpe,1
aedf3d03,D Link DWR M961,Routeur_Modem,D Link DWR M961,9 900 DA,d link d,1
f5350ba5,D Link Clé 4G DWR 910M Wifi,Routeur_Modem,Clé 4G DWR 910M Wifi,4 500 DA,msartphone,0
df7a5817,D Link DWR G403,Routeur_Modem,D Link DWR G403,10 500 DA,type,0
026e501d,Revaleo RCB 003 MICRO USB,Accessoire_Charge,RCB 003 MICRO USB,500 DA,revaeo rcb,1
0ae3b7d8,ZTE BLADE V60 DESIGN,Smartphone,ZTE BLADE V60 DESIGN,32 900 DA,zte,1
6ff111a7,EL DJAZIRA CULD 004 C TYPE C,Accessoire_General,CULD 004 C TYPE C,700 DA,accessoier charge,0
f5350ba5,D Link Clé 4G DWR 910M Wifi,Routeur_Modem,Clé 4G DWR 910M Wifi,4 500 DA,910m,1
844c2ce6,D Tech Tablette D Tech 8,Tablette,Tablette D Tech 8,15 500 DA,tab,1
0ace84cd,Revaleo TK 75,Accessoire_General,TK 75,700 DA,rouetur modem,0
51c3b694,D Tech Tablette D Tech 10,Tablette,Tablette D Tech 10,18 100 DA,tablette,1
e6c50ee8,HOCO QC3 0 C72Q MICRO,Accessoire_Audio,QC3 0 C72Q MICRO,1 100 DA,culd015,0
df7a5817,D Link DWR G403,Routeur_Modem,D Link DWR G403,10 500 DA,4g,1
87f8f1c1,D Link BOX Home M915V,Routeur_Modem,BOX Home M915V,9 100 DA,4g,1
9cb292bd,D Tech Tablette D Tech 7,Tablette,Tablette D Tech 7,13 200 DA,el djazira,0
aedf3d03,D Link DWR M961,Routeur_Modem,D Link DWR M961,9 900 DA,m961,1
51c3b694,D Tech Tablette D Tech 10,Tablette,Tablette D Tech 10,18 100 DA,d tech tablette,1
51c3b694,D Tech Tablette D Tech 10,Tablette,Tablette D Tech 10,18 100 DA,d tech tablette,1
51c3b694,D Tech Tablette D Tech 10,Tablette,Tablette D Tech 10,18 100 DA,10,1
cdc65717,ZTE BLADE A75,Smartphone,ZTE BLADE A75,31 900 DA,zte zte,1
844c2ce6,D Tech Tablette D Tech 8,Tablette,Tablette D Tech 8,15 500 DA,tableette,0
c8256303,ZTE BLADE A35,Smartphone,ZTE BLADE A35,17 900 DA,accessoire auddio,0
30887e16,Revaleo LCH 086 QC3 3A TYPE C,Accessoire_General,LCH 086 QC3 3A TYPE C,1 250 DA,lc,0
df7a5817,D Link DWR G403,Routeur_Modem,D Link DWR G403,10 500 DA,rvealeo,0
9cb292bd,D Tech Tablette D Tech 7,Tablette,Tablette D Tech 7,13 200 DA,tab,1
cdc65717,ZTE BLADE A75,Smartphone,ZTE BLADE A75,31 900 DA,accesosire general,0
f5350ba5,D Link Clé 4G DWR 910M Wifi,Routeur_Modem,Clé 4G DWR 910M Wifi,4 500 DA,routeur moddem,1
9cb292bd,D Tech Tablette D Tech 7,Tablette,Tablette D Tech 7,13 200 DA,tech,1
0ae3b7d8,ZTE BLADE V60 DESIGN,Smartphone,ZTE BLADE V60 DESIGN,32 900 DA,blae,1
844c2ce6,D Tech Tablette D Tech 8,Tablette,Tablette D Tech 8,15 500 DA,d ech tablette,1
0ae3b7d8,ZTE BLADE V60 DESIGN,Smartphone,ZTE BLADE V60 DESIGN,32 900 DA,77,0
9129a21d,TECNO SPARK Go 1,Smartphone,SPARK Go 1,18 000 DA,éccouteur,0
083bce55,HOCO Z40 Dual Port Car Charge,Accessoire_Audio,Z40 Dual Port Car Charge,1 200 DA,prt,1
df7a5817,D Link DWR G403,Routeur_Modem,D Link DWR G403,10 500 DA,routeuur modem,1
f207d538,ZTE Blade A55,Smartphone,Blade A55,20 900 DA,el djazzira,0
87f8f1c1,D Link BOX Home M915V,Routeur_Modem,BOX Home M915V,9 100 DA,rvealeo,0
5b33db8f,TCL HH40L1,Routeur_Modem,TCL HH40L1,8 690 DA,hoco siingle,0
844c2ce6,D Tech Tablette D Tech 8,Tablette,Tablette D Tech 8,15 500 DA,d tech power,0
9129a21d,TECNO SPARK Go 1,Smartphone,SPARK Go 1,18 000 DA,hargeur,0
51c3b694,D Tech Tablette D Tech 10,Tablette,Tablette D Tech 10,18 100 DA,ta,1
f5350ba5,D Link Clé 4G DWR 910M Wifi,Routeur_Modem,Clé 4G DWR 910M Wifi,4 500 DA,hoco z0,0
5b33db8f,TCL HH40L1,Routeur_Modem,TCL HH40L1,8 690 DA,routeur mdem,1
e73471e1,D Link DWR M920 B1,Routeur_Modem,D Link DWR M920 B1,8 900 DA,dwrr,1
d6acdc94,EL DJAZIRA FCLD010 TYPE C,Accessoire_General,FCLD010 TYPE C,1 350 DA,type,0
87f8f1c1,D Link BOX Home M915V,Routeur_Modem,BOX Home M915V,9 100 DA,d likn box,1
5b33db8f,TCL HH40L1,Routeur_Modem,TCL HH40L1,8 690 DA,002,0
f5350ba5,D Link Clé 4G DWR 910M Wifi,Routeur_Modem,Clé 4G DWR 910M Wifi,4 500 DA,revaleo rcc,0
5b33db8f,TCL HH40L1,Routeur_Modem,TCL HH40L1,8 690 DA,81a,0
51c3b694,D Tech Tablette D Tech 10,Tablette,Tablette D Tech 10,18 100 DA,micro,0
9cb292bd,D Tech Tablette D Tech 7,Tablette,Tablette D Tech 7,13 200 DA,tyype,0
f5350ba5,D Link Clé 4G DWR 910M Wifi,Routeur_Modem,Clé 4G DWR 910M Wifi,4 500 DA,d liink clé,1
6f789ee4,Revaleo TK 77 TIPE C,Accessoire_General,TK 77 TIPE C,600 DA,hoco hcargeur,0
df7a5817,D Link DWR G403,Routeur_Modem,D Link DWR G403,10 500 DA,g403,1
df7a5817,D Link DWR G403,Routeur_Modem,D Link DWR G403,10 500 DA,routeur modem,1
dbe78970,HOCO Chargeur C88A TYPE C,Accessoire_Audio,Chargeur C88A TYPE C,900 DA,hoco chargeur,1
5b33db8f,TCL HH40L1,Routeur_Modem,TCL HH40L1,8 690 DA,hh04l1,1
5b33db8f,TCL HH40L1,Routeur_Modem,TCL HH40L1,8 690 DA,park,0
f5350ba5,D Link Clé 4G DWR 910M Wifi,Routeur_Modem,Clé 4G DWR 910M Wifi,4 500 DA,4g,1
87f8f1c1,D Link BOX Home M915V,Routeur_Modem,BOX Home M915V,9 100 DA,75,0
f5350ba5,D Link Clé 4G DWR 910M Wifi,Routeur_Modem,Clé 4G DWR 910M Wifi,4 500 DA,el djazira chargeur,0
5b33db8f,TCL HH40L1,Routeur_Modem,TCL HH40L1,8 690 DA,holder,0
df7a5817,D Link DWR G403,Routeur_Modem,D Link DWR G403,10 500 DA,revaleo lch,0
df7a5817,D Link DWR G403,Routeur_Modem,D Link DWR G403,10 500 DA,el dazira,0
aedf3d03,D Link DWR M961,Routeur_Modem,D Link DWR M961,9 900 DA,4g,1
87f8f1c1,D Link BOX Home M915V,Routeur_Modem,BOX Home M915V,9 100 DA,revaleo lch,0
844c2ce6,D Tech Tablette D Tech 8,Tablette,Tablette D Tech 8,15 500 DA,d tech tablette,1
9cb292bd,D Tech Tablette D Tech 7,Tablette,Tablette D Tech 7,13 200 DA,reavleo,0
82197887,ZTE NUBIA MUSIC POP ART,Smartphone,NUBIA MUSIC POP ART,25 500 DA,art,1
88e90c36,TECNO POVA 6,Smartphone,POVA 6,43 300 DA,stereo,0
df7a5817,D Link DWR G403,Routeur_Modem,D Link DWR G403,10 500 DA,pova,0
e73471e1,D Link DWR M920 B1,Routeur_Modem,D Link DWR M920 B1,8 900 DA,el djazira,0
5b33db8f,TCL HH40L1,Routeur_Modem,TCL HH40L1,8 690 DA,tcl tcl,1
51c3b694,D Tech Tablette D Tech 10,Tablette,Tablette D Tech 10,18 100 DA,revaleo tk80,0
51c3b694,D Tech Tablette D Tech 10,Tablette,Tablette D Tech 10,18 100 DA,el djazira,0
a923c5fd,HOCO Écouteurs  EW27,Accessoire_Audio,Écouteurs  EW27,3 400 DA,hoco,1
aedf3d03,D Link DWR M961,Routeur_Modem,D Link DWR M961,9 900 DA,fcldd004,0
35491815,HOCO Écouteurs M1 Max IP,Accessoire_Audio,Écouteurs M1 Max IP,2 200 DA,ip,1
df7a5817,D Link DWR G403,Routeur_Modem,D Link DWR G403,10 500 DA,link,1
51c3b694,D Tech Tablette D Tech 10,Tablette,Tablette D Tech 10,18 100 DA,tab,1
9129a21d,TECNO SPARK Go 1,Smartphone,SPARK Go 1,18 000 DA,accessoir audio,0
51c3b694,D Tech Tablette D Tech 10,Tablette,Tablette D Tech 10,18 100 DA,tech,1
87f8f1c1,D Link BOX Home M915V,Routeur_Modem,BOX Home M915V,9 100 DA,home,1
5b33db8f,TCL HH40L1,Routeur_Modem,TCL HH40L1,8 690 DA,ttcl,1
9129a21d,TECNO SPARK Go 1,Smartphone,SPARK Go 1,18 000 DA,d tech,0
e73471e1,D Link DWR M920 B1,Routeur_Modem,D Link DWR M920 B1,8 900 DA,tpye,0
705f7822,HOCO C101A TYPE C TO TYPE C,Accessoire_Audio,C101A TYPE C TO TYPE C,2 700 DA,c101aa,1
844c2ce6,D Tech Tablette D Tech 8,Tablette,Tablette D Tech 8,15 500 DA,taab,1
5b33db8f,TCL HH40L1,Routeur_Modem,TCL HH40L1,8 690 DA,hh40l1,1
9cb292bd,D Tech Tablette D Tech 7,Tablette,Tablette D Tech 7,13 200 DA,d tech tablette,1
f5350ba5,D Link Clé 4G DWR 910M Wifi,Routeur_Modem,Clé 4G DWR 910M Wifi,4 500 DA,cél,1
df7a5817,D Link DWR G403,Routeur_Modem,D Link DWR G403,10 500 DA,link,1
844c2ce6,D Tech Tablette D Tech 8,Tablette,Tablette D Tech 8,15 500 DA,d tech,1
844c2ce6,D Tech Tablette D Tech 8,Tablette,Tablette D Tech 8,15 500 DA,bx45,0
e73471e1,D Link DWR M920 B1,Routeur_Modem,D Link DWR M920 B1,8 900 DA,086,0
9cb292bd,D Tech Tablette D Tech 7,Tablette,Tablette D Tech 7,13 200 DA,type,0
87f8f1c1,D Link BOX Home M915V,Routeur_Modem,BOX Home M915V,9 100 DA,routeur modem,1
df7a5817,D Link DWR G403,Routeur_Modem,D Link DWR G403,10 500 DA,d lik d,1
f5350ba5,D Link Clé 4G DWR 910M Wifi,Routeur_Modem,Clé 4G DWR 910M Wifi,4 500 DA,d link clé,1
844c2ce6,D Tech Tablette D Tech 8,Tablette,Tablette D Tech 8,15 500 DA,tech,1
f5350ba5,D Link Clé 4G DWR 910M Wifi,Routeur_Modem,Clé 4G DWR 910M Wifi,4 500 DA,d teh,0
aedf3d03,D Link DWR M961,Routeur_Modem,D Link DWR M961,9 900 DA,4g,1
df7a5817,D Link DWR G403,Routeur_Modem,D Link DWR G403,10 500 DA,accessoire geenral,0
ebaf792c,EL DJAZIRA CULD 014 S MICRO USB,Accessoire_Charge,CULD 014 S MICRO USB,450 DA,hoco es1,0
844c2ce6,D Tech Tablette D Tech 8,Tablette,Tablette D Tech 8,15 500 DA,tablette,1
f207d538,ZTE Blade A55,Smartphone,Blade A55,20 900 DA,zte blade,1
5b33db8f,TCL HH40L1,Routeur_Modem,TCL HH40L1,8 690 DA,4g,1
15bce452,EL DJAZIRA CULD 004 S MICRO USB,Accessoire_Charge,CULD 004 S MICRO USB,600 DA,eld jazira,1
c8256303,ZTE BLADE A35,Smartphone,ZTE BLADE A35,17 900 DA,hocoo,0
87f8f1c1,D Link BOX Home M915V,Routeur_Modem,BOX Home M915V,9 100 DA,accessoire chharge,0
b132d198,EL DJAZIRA FCLD013 MICRO USB,Accessoire_Charge,FCLD013 MICRO USB,950 DA,uusb,1
e73471e1,D Link DWR M920 B1,Routeur_Modem,D Link DWR M920 B1,8 900 DA,wif,1
e73471e1,D Link DWR M920 B1,Routeur_Modem,D Link DWR M920 B1,8 900 DA,dwrr,1
aedf3d03,D Link DWR M961,Routeur_Modem,D Link DWR M961,9 900 DA,dwr,1
33312035,Revaleo LCH 082 TYPE C,Accessoire_General,LCH 082 TYPE C,1 300 DA,ohco,0
aedf3d03,D Link DWR M961,Routeur_Modem,D Link DWR M961,9 900 DA,el djazira culd012,0
51c3b694,D Tech Tablette D Tech 10,Tablette,Tablette D Tech 10,18 100 DA,d tech,1
9cb292bd,D Tech Tablette D Tech 7,Tablette,Tablette D Tech 7,13 200 DA,d tech,1
14d55b8e,D Tech Power Bank DP10H,Accessoire_General,Power Bank DP10H,2 100 DA,accessoire audio,0
5ee9df66,HOCO Magnetic U90 TYPE C,Accessoire_Audio,Magnetic U90 TYPE C,1 500 DA,e djazira culd012,0
e0afe04d,EL DJAZIRA CCLD 001C MICRO USB,Accessoire_Charge,CCLD 001C MICRO USB,1 300 DA,hoco,0
aedf3d03,D Link DWR M961,Routeur_Modem,D Link DWR M961,9 900 DA,fcd012,0
844c2ce6,D Tech Tablette D Tech 8,Tablette,Tablette D Tech 8,15 500 DA,micr,0
9cb292bd,D Tech Tablette D Tech 7,Tablette,Tablette D Tech 7,13 200 DA,d teh tablette,1
df7a5817,D Link DWR G403,Routeur_Modem,D Link DWR G403,10 500 DA,potr,0
c8256303,ZTE BLADE A35,Smartphone,ZTE BLADE A35,17 900 DA,smartphoe,1
51c3b694,D Tech Tablette D Tech 10,Tablette,Tablette D Tech 10,18 100 DA,tablette,1
f5350ba5,D Link Clé 4G DWR 910M Wifi,Routeur_Modem,Clé 4G DWR 910M Wifi,4 500 DA,ddwr,1
51c3b694,D Tech Tablette D Tech 10,Tablette,Tablette D Tech 10,18 100 DA,blade,0
df7a5817,D Link DWR G403,Routeur_Modem,D Link DWR G403,10 500 DA,tyep,0
0ae3b7d8,ZTE BLADE V60 DESIGN,Smartphone,ZTE BLADE V60 DESIGN,32 900 DA,v60,1
aedf3d03,D Link DWR M961,Routeur_Modem,D Link DWR M961,9 900 DA,m961,1
aedf3d03,D Link DWR M961,Routeur_Modem,D Link DWR M961,9 900 DA,d tech power,0
87f8f1c1,D Link BOX Home M915V,Routeur_Modem,BOX Home M915V,9 100 DA,routeur modem,1
aedf3d03,D Link DWR M961,Routeur_Modem,D Link DWR M961,9 900 DA,d ilnk d,1
87f8f1c1,D Link BOX Home M915V,Routeur_Modem,BOX Home M915V,9 100 DA,routeur modem,1
e73471e1,D Link DWR M920 B1,Routeur_Modem,D Link DWR M920 B1,8 900 DA,b1,1
51c3b694,D Tech Tablette D Tech 10,Tablette,Tablette D Tech 10,18 100 DA,teh,1
5b33db8f,TCL HH40L1,Routeur_Modem,TCL HH40L1,8 690 DA,wifi,1
51c3b694,D Tech Tablette D Tech 10,Tablette,Tablette D Tech 10,18 100 DA,hhoco car,0
844c2ce6,D Tech Tablette D Tech 8,Tablette,Tablette D Tech 8,15 500 DA,tablete,1
5b33db8f,TCL HH40L1,Routeur_Modem,TCL HH40L1,8 690 DA,micro,0
87f8f1c1,D Link BOX Home M915V,Routeur_Modem,BOX Home M915V,9 100 DA,zte,0
aedf3d03,D Link DWR M961,Routeur_Modem,D Link DWR M961,9 900 DA,etal,0
0946d7f7,EL DJAZIRA CULD010 TYPE C,Accessoire_General,CULD010 TYPE C,550 DA,typ,1
5b33db8f,TCL HH40L1,Routeur_Modem,TCL HH40L1,8 690 DA,el djazira culd,0
51c3b694,D Tech Tablette D Tech 10,Tablette,Tablette D Tech 10,18 100 DA,imc,0
51c3b694,D Tech Tablette D Tech 10,Tablette,Tablette D Tech 10,18 100 DA,evaleo,0
df7a5817,D Link DWR G403,Routeur_Modem,D Link DWR G403,10 500 DA,d linkd ,1
87f8f1c1,D Link BOX Home M915V,Routeur_Modem,BOX Home M915V,9 100 DA,m9115v,1
a19db3e8,HOCO Data cable BX54 TYPE C,Accessoire_Audio,Data cable BX54 TYPE C,400 DA,hocod ata,1
e2f59916,Revaleo RCB 005 IOS,Accessoire_General,RCB 005 IOS,600 DA,el djazira ccuuld009,0
87f8f1c1,D Link BOX Home M915V,Routeur_Modem,BOX Home M915V,9 100 DA,accessoire egneral,0
f207d538,ZTE Blade A55,Smartphone,Blade A55,20 900 DA,hoo,0
0d43a74c,EL DJAZIRA MOUNTCHLD002,Accessoire_General,MOUNTCHLD002,950 DA,04,0
9cb292bd,D Tech Tablette D Tech 7,Tablette,Tablette D Tech 7,13 200 DA,tabb,1
df7a5817,D Link DWR G403,Routeur_Modem,D Link DWR G403,10 500 DA,routeur moedm,1
35491815,HOCO Écouteurs M1 Max IP,Accessoire_Audio,Écouteurs M1 Max IP,2 200 DA,m1,1
5b33db8f,TCL HH40L1,Routeur_Modem,TCL HH40L1,8 690 DA,4g,1
88e90c36,TECNO POVA 6,Smartphone,POVA 6,43 300 DA,d link d,0
e73471e1,D Link DWR M920 B1,Routeur_Modem,D Link DWR M920 B1,8 900 DA,d ink,1
5f47afe2,Revaleo LC 927 MICRO USB,Accessoire_Charge,LC 927 MICRO USB,400 DA,micro,1
f207d538,ZTE Blade A55,Smartphone,Blade A55,20 900 DA,el djazira,0
5b33db8f,TCL HH40L1,Routeur_Modem,TCL HH40L1,8 690 DA,charging,0
844c2ce6,D Tech Tablette D Tech 8,Tablette,Tablette D Tech 8,15 500 DA,fcld008,0
87f8f1c1,D Link BOX Home M915V,Routeur_Modem,BOX Home M915V,9 100 DA,rccb,0
bbe397ae,HOCO C97A TYPE C TO TYPE C,Accessoire_Audio,C97A TYPE C TO TYPE C,2 200 DA,hocoo chargeur,0
aedf3d03,D Link DWR M961,Routeur_Modem,D Link DWR M961,9 900 DA,hoco cble,0
5b33db8f,TCL HH40L1,Routeur_Modem,TCL HH40L1,8 690 DA,accessoire audi,0
9dd6883e,HOCO Silicone 2 4A  X86 IP,Accessoire_Audio,Silicone 2 4A  X86 IP,1 200 DA,el djazira,0
9cb292bd,D Tech Tablette D Tech 7,Tablette,Tablette D Tech 7,13 200 DA,accessoire general,0
87f8f1c1,D Link BOX Home M915V,Routeur_Modem,BOX Home M915V,9 100 DA,hoco isngle,0
844c2ce6,D Tech Tablette D Tech 8,Tablette,Tablette D Tech 8,15 500 DA,02,0
e73471e1,D Link DWR M920 B1,Routeur_Modem,D Link DWR M920 B1,8 900 DA,ch,0
87f8f1c1,D Link BOX Home M915V,Routeur_Modem,BOX Home M915V,9 100 DA,us,0
aedf3d03,D Link DWR M961,Routeur_Modem,D Link DWR M961,9 900 DA,hoco,0
ee096ae0,EL DJAZIRA CULD002 TYPE C,Accessoire_General,CULD002 TYPE C,650 DA,accessoir eaudio,0
844c2ce6,D Tech Tablette D Tech 8,Tablette,Tablette D Tech 8,15 500 DA,rcb,0
737d1d6b,ZTE NUBIA Neo2 5G,Smartphone,ZTE NUBIA Neo2 5G,49 900 DA,zt ezte,1
88e90c36,TECNO POVA 6,Smartphone,POVA 6,43 300 DA,el  djazira cable,0
51c3b694,D Tech Tablette D Tech 10,Tablette,Tablette D Tech 10,18 100 DA,el djazira,0
5b33db8f,TCL HH40L1,Routeur_Modem,TCL HH40L1,8 690 DA,4g,1
e73471e1,D Link DWR M920 B1,Routeur_Modem,D Link DWR M920 B1,8 900 DA,v6,0
844c2ce6,D Tech Tablette D Tech 8,Tablette,Tablette D Tech 8,15 500 DA,tablette,1
6f27bb2d,EL DJAZIRA CULD012 TYPE C,Accessoire_General,CULD012 TYPE C,550 DA,type,1
8890c2a9,EL DJAZIRA CHARGER FCLD004,Accessoire_General,CHARGER FCLD004,950 DA,el djazira chargr,1
e73471e1,D Link DWR M920 B1,Routeur_Modem,D Link DWR M920 B1,8 900 DA,el djazira fcld,0
9cb292bd,D Tech Tablette D Tech 7,Tablette,Tablette D Tech 7,13 200 DA,accessoire auudio,0
f5350ba5,D Link Clé 4G DWR 910M Wifi,Routeur_Modem,Clé 4G DWR 910M Wifi,4 500 DA,910m,1
e73471e1,D Link DWR M920 B1,Routeur_Modem,D Link DWR M920 B1,8 900 DA,hoco,0
9cb292bd,D Tech Tablette D Tech 7,Tablette,Tablette D Tech 7,13 200 DA,techh,1
5b33db8f,TCL HH40L1,Routeur_Modem,TCL HH40L1,8 690 DA,4g,1
d4d94faf,HOCO ECOUTEUR EQ1,Accessoire_Audio,ECOUTEUR EQ1,2 950 DA,eel djazira,0
e73471e1,D Link DWR M920 B1,Routeur_Modem,D Link DWR M920 B1,8 900 DA,dwr,1
87f8f1c1,D Link BOX Home M915V,Routeur_Modem,BOX Home M915V,9 100 DA,boxx,1
81099cf1,HOCO Z40 Superior dual port car,Accessoire_Audio,Z40 Superior dual port car,1 200 DA,el djazira,0
8fa3eb17,Revaleo RTC 004 TYPE C,Accessoire_General,RTC 004 TYPE C,900 DA,atblette,0
5b33db8f,TCL HH40L1,Routeur_Modem,TCL HH40L1,8 690 DA,tye,0
cdc65717,ZTE BLADE A75,Smartphone,ZTE BLADE A75,31 900 DA,le djazira,0
aedf3d03,D Link DWR M961,Routeur_Modem,D Link DWR M961,9 900 DA,revaleo rc,0
f5350ba5,D Link Clé 4G DWR 910M Wifi,Routeur_Modem,Clé 4G DWR 910M Wifi,4 500 DA,accessoie audio,0
f5350ba5,D Link Clé 4G DWR 910M Wifi,Routeur_Modem,Clé 4G DWR 910M Wifi,4 500 DA,accessoie charge,0
aedf3d03,D Link DWR M961,Routeur_Modem,D Link DWR M961,9 900 DA,el djazira fcld012,0
e73471e1,D Link DWR M920 B1,Routeur_Modem,D Link DWR M920 B1,8 900 DA,revaleo aux,0
b132d198,EL DJAZIRA FCLD013 MICRO USB,Accessoire_Charge,FCLD013 MICRO USB,950 DA,charginng,0
9c45ae8d,HOCO Écouteur  EW26,Accessoire_Audio,Écouteur  EW26,2 900 DA,poweer,0
41825058,Revaleo EARBUDS REVALEO V6,Accessoire_Audio,EARBUDS REVALEO V6,6 500 DA,tk,0
f5350ba5,D Link Clé 4G DWR 910M Wifi,Routeur_Modem,Clé 4G DWR 910M Wifi,4 500 DA,revaleo earbus,0
51c3b694,D Tech Tablette D Tech 10,Tablette,Tablette D Tech 10,18 100 DA,revaleo,0
87f8f1c1,D Link BOX Home M915V,Routeur_Modem,BOX Home M915V,9 100 DA,routeru modem,0
87f8f1c1,D Link BOX Home M915V,Routeur_Modem,BOX Home M915V,9 100 DA,d liink,1
87f8f1c1,D Link BOX Home M915V,Routeur_Modem,BOX Home M915V,9 100 DA,wifii,1
f93a4bc2,Revaleo TK 74,Accessoire_General,TK 74,650 DA,ervaleo,1
df7a5817,D Link DWR G403,Routeur_Modem,D Link DWR G403,10 500 DA,d link d,1
9129a21d,TECNO SPARK Go 1,Smartphone,SPARK Go 1,18 000 DA,go,1
c18021dc,HOCO Charger QC3 0 C72Q,Accessoire_Audio,Charger QC3 0 C72Q,1 100 DA,hoco charger,1
5b33db8f,TCL HH40L1,Routeur_Modem,TCL HH40L1,8 690 DA,4g,1
c1f271a1,HOCO TRUE  SPEAKER HC4,Accessoire_Audio,TRUE  SPEAKER HC4,4 500 DA,0044,0
aedf3d03,D Link DWR M961,Routeur_Modem,D Link DWR M961,9 900 DA,x85,0
9cb292bd,D Tech Tablette D Tech 7,Tablette,Tablette D Tech 7,13 200 DA,typee,0
dbe78970,HOCO Chargeur C88A TYPE C,Accessoire_Audio,Chargeur C88A TYPE C,900 DA,accessoire charge,0
844c2ce6,D Tech Tablette D Tech 8,Tablette,Tablette D Tech 8,15 500 DA,ttype,0
aedf3d03,D Link DWR M961,Routeur_Modem,D Link DWR M961,9 900 DA,tyep,0
6f789ee4,Revaleo TK 77 TIPE C,Accessoire_General,TK 77 TIPE C,600 DA,magnetic,0
5b33db8f,TCL HH40L1,Routeur_Modem,TCL HH40L1,8 690 DA,hh40l1,1
844c2ce6,D Tech Tablette D Tech 8,Tablette,Tablette D Tech 8,15 500 DA,hoco,0
844c2ce6,D Tech Tablette D Tech 8,Tablette,Tablette D Tech 8,15 500 DA,tab,1
c1f271a1,HOCO TRUE  SPEAKER HC4,Accessoire_Audio,TRUE  SPEAKER HC4,4 500 DA,el djazira,0
5b33db8f,TCL HH40L1,Routeur_Modem,TCL HH40L1,8 690 DA,tecno,0
844c2ce6,D Tech Tablette D Tech 8,Tablette,Tablette D Tech 8,15 500 DA,lch,0
fb9d4c38,EL DJAZIRA FCLD013 TYPE C,Accessoire_General,FCLD013 TYPE C,1 000 DA,flcd013,1
9cb292bd,D Tech Tablette D Tech 7,Tablette,Tablette D Tech 7,13 200 DA,d techh tablette,1
f207d538,ZTE Blade A55,Smartphone,Blade A55,20 900 DA,hhoco,0
df7a5817,D Link DWR G403,Routeur_Modem,D Link DWR G403,10 500 DA,type,0
737d1d6b,ZTE NUBIA Neo2 5G,Smartphone,ZTE NUBIA Neo2 5G,49 900 DA,915v,0
e73471e1,D Link DWR M920 B1,Routeur_Modem,D Link DWR M920 B1,8 900 DA,culd00,0
5b33db8f,TCL HH40L1,Routeur_Modem,TCL HH40L1,8 690 DA,zet,0
5b33db8f,TCL HH40L1,Routeur_Modem,TCL HH40L1,8 690 DA,routeur modem,1
cdc65717,ZTE BLADE A75,Smartphone,ZTE BLADE A75,31 900 DA,micro,0
6bbf6411,Revaleo RCB 86 IOS,Accessoire_General,RCB 86 IOS,400 DA,86,1
7366f5e2,EL DJAZIRA FCLD008 TYPE C,Accessoire_General,FCLD008 TYPE C,1 300 DA,type,1
0e65439e,HOCO ES61 Mannersport,Accessoire_Audio,ES61 Mannersport,4 900 DA,maannersport,1
f207d538,ZTE Blade A55,Smartphone,Blade A55,20 900 DA,dessign,0
aedf3d03,D Link DWR M961,Routeur_Modem,D Link DWR M961,9 900 DA,revaeo lch,0
844c2ce6,D Tech Tablette D Tech 8,Tablette,Tablette D Tech 8,15 500 DA,ttab,1
f5350ba5,D Link Clé 4G DWR 910M Wifi,Routeur_Modem,Clé 4G DWR 910M Wifi,4 500 DA,dwrr,1
54c80c44,EL DJAZIRA CHARGER FCLD008,Accessoire_General,CHARGER FCLD008,1 250 DA,chaargeur,0
87f8f1c1,D Link BOX Home M915V,Routeur_Modem,BOX Home M915V,9 100 DA,bxo,1
5b33db8f,TCL HH40L1,Routeur_Modem,TCL HH40L1,8 690 DA,rouuteur modem,1
51c3b694,D Tech Tablette D Tech 10,Tablette,Tablette D Tech 10,18 100 DA,tba,1
9cb292bd,D Tech Tablette D Tech 7,Tablette,Tablette D Tech 7,13 200 DA,tch,1
88e90c36,TECNO POVA 6,Smartphone,POVA 6,43 300 DA,tenco,1
5b33db8f,TCL HH40L1,Routeur_Modem,TCL HH40L1,8 690 DA,wifi,1
51c3b694,D Tech Tablette D Tech 10,Tablette,Tablette D Tech 10,18 100 DA,74,0
cc3567ba,HOCO PD30W QC3 0 IN CAR  E70,Accessoire_Audio,PD30W QC3 0 IN CAR  E70,4 800 DA,revaleo,0
5b33db8f,TCL HH40L1,Routeur_Modem,TCL HH40L1,8 690 DA,routeu modem,1
f207d538,ZTE Blade A55,Smartphone,Blade A55,20 900 DA,ubs,0
aedf3d03,D Link DWR M961,Routeur_Modem,D Link DWR M961,9 900 DA,dl ink d,1
91380175,HOCO X76 3in1 Charging Cable,Accessoire_Audio,X76 3in1 Charging Cable,1 200 DA,to,0
9cb292bd,D Tech Tablette D Tech 7,Tablette,Tablette D Tech 7,13 200 DA, tech,1
f5350ba5,D Link Clé 4G DWR 910M Wifi,Routeur_Modem,Clé 4G DWR 910M Wifi,4 500 DA,ifi,1
9cb292bd,D Tech Tablette D Tech 7,Tablette,Tablette D Tech 7,13 200 DA,d tech ablette,1
e73471e1,D Link DWR M920 B1,Routeur_Modem,D Link DWR M920 B1,8 900 DA,usb,0
51c3b694,D Tech Tablette D Tech 10,Tablette,Tablette D Tech 10,18 100 DA,speaker,0
51c3b694,D Tech Tablette D Tech 10,Tablette,Tablette D Tech 10,18 100 DA,el djazira,0
51c3b694,D Tech Tablette D Tech 10,Tablette,Tablette D Tech 10,18 100 DA,zte blade,0
844c2ce6,D Tech Tablette D Tech 8,Tablette,Tablette D Tech 8,15 500 DA,etch,1
5b33db8f,TCL HH40L1,Routeur_Modem,TCL HH40L1,8 690 DA,ca59,0
88e90c36,TECNO POVA 6,Smartphone,POVA 6,43 300 DA,teco pova,1
f5350ba5,D Link Clé 4G DWR 910M Wifi,Routeur_Modem,Clé 4G DWR 910M Wifi,4 500 DA,in,0
f5350ba5,D Link Clé 4G DWR 910M Wifi,Routeur_Modem,Clé 4G DWR 910M Wifi,4 500 DA,culd012,0
51c3b694,D Tech Tablette D Tech 10,Tablette,Tablette D Tech 10,18 100 DA,d tech tablette,1
844c2ce6,D Tech Tablette D Tech 8,Tablette,Tablette D Tech 8,15 500 DA,usb,0
844c2ce6,D Tech Tablette D Tech 8,Tablette,Tablette D Tech 8,15 500 DA,tabllette,1
d944ef59,Revaleo LCH 082 MICRO USB,Accessoire_Charge,LCH 082 MICRO USB,1 250 DA,el djazira cld,0
f5350ba5,D Link Clé 4G DWR 910M Wifi,Routeur_Modem,Clé 4G DWR 910M Wifi,4 500 DA,drw,1
f5350ba5,D Link Clé 4G DWR 910M Wifi,Routeur_Modem,Clé 4G DWR 910M Wifi,4 500 DA,910m,1
9cb292bd,D Tech Tablette D Tech 7,Tablette,Tablette D Tech 7,13 200 DA,tceh,1
e73471e1,D Link DWR M920 B1,Routeur_Modem,D Link DWR M920 B1,8 900 DA,écouteurs,0
df7a5817,D Link DWR G403,Routeur_Modem,D Link DWR G403,10 500 DA,a55,0
5b33db8f,TCL HH40L1,Routeur_Modem,TCL HH40L1,8 690 DA,el djazira,0
e73471e1,D Link DWR M920 B1,Routeur_Modem,D Link DWR M920 B1,8 900 DA,m920,1
e73471e1,D Link DWR M920 B1,Routeur_Modem,D Link DWR M920 B1,8 900 DA,wr,1
87f8f1c1,D Link BOX Home M915V,Routeur_Modem,BOX Home M915V,9 100 DA,d link box,1
df7a5817,D Link DWR G403,Routeur_Modem,D Link DWR G403,10 500 DA,ttecno spark,0
51c3b694,D Tech Tablette D Tech 10,Tablette,Tablette D Tech 10,18 100 DA,cclud009,0
f5350ba5,D Link Clé 4G DWR 910M Wifi,Routeur_Modem,Clé 4G DWR 910M Wifi,4 500 DA,opwer,0
51c3b694,D Tech Tablette D Tech 10,Tablette,Tablette D Tech 10,18 100 DA,el djazira,0
df7a5817,D Link DWR G403,Routeur_Modem,D Link DWR G403,10 500 DA,dwr,1
f5350ba5,D Link Clé 4G DWR 910M Wifi,Routeur_Modem,Clé 4G DWR 910M Wifi,4 500 DA,tablette,0
df7a5817,D Link DWR G403,Routeur_Modem,D Link DWR G403,10 500 DA,hoco eouteur,0
344c9a11,EL DJAZIRA FCLD012 TYPE C,Accessoire_General,FCLD012 TYPE C,1 900 DA,el djazira chargre,0
844c2ce6,D Tech Tablette D Tech 8,Tablette,Tablette D Tech 8,15 500 DA,90,0
54c4a777,HOCO Écouteurs  EW25,Accessoire_Audio,Écouteurs  EW25,2 550 DA,hoco,1
9cb292bd,D Tech Tablette D Tech 7,Tablette,Tablette D Tech 7,13 200 DA,accessoire general,0
f5350ba5,D Link Clé 4G DWR 910M Wifi,Routeur_Modem,Clé 4G DWR 910M Wifi,4 500 DA,d llink,1
844c2ce6,D Tech Tablette D Tech 8,Tablette,Tablette D Tech 8,15 500 DA,d link,0
df7a5817,D Link DWR G403,Routeur_Modem,D Link DWR G403,10 500 DA,e59,0
c8256303,ZTE BLADE A35,Smartphone,ZTE BLADE A35,17 900 DA,ze,1
844c2ce6,D Tech Tablette D Tech 8,Tablette,Tablette D Tech 8,15 500 DA,d tech tablette,1
f5350ba5,D Link Clé 4G DWR 910M Wifi,Routeur_Modem,Clé 4G DWR 910M Wifi,4 500 DA,d link,1
2feb93aa,EL DJAZIRA CULD007 MICRO USB,Accessoire_Charge,CULD007 MICRO USB,450 DA,es61,0
5b33db8f,TCL HH40L1,Routeur_Modem,TCL HH40L1,8 690 DA,d tech power,0
cdc65717,ZTE BLADE A75,Smartphone,ZTE BLADE A75,31 900 DA,rrevaleo,0
51c3b694,D Tech Tablette D Tech 10,Tablette,Tablette D Tech 10,18 100 DA,cudl,0
844c2ce6,D Tech Tablette D Tech 8,Tablette,Tablette D Tech 8,15 500 DA,e ldjazira culd002,0
844c2ce6,D Tech Tablette D Tech 8,Tablette,Tablette D Tech 8,15 500 DA,tablettte,1
87f8f1c1,D Link BOX Home M915V,Routeur_Modem,BOX Home M915V,9 100 DA,routeur omdem,1
df7a5817,D Link DWR G403,Routeur_Modem,D Link DWR G403,10 500 DA,routeur modem,1
51c3b694,D Tech Tablette D Tech 10,Tablette,Tablette D Tech 10,18 100 DA,tpe,0
4e786d3b,Revaleo RCB 007 5A VOOC TYPE C,Accessoire_General,RCB 007 5A VOOC TYPE C,800 DA,microo,0
737d1d6b,ZTE NUBIA Neo2 5G,Smartphone,ZTE NUBIA Neo2 5G,49 900 DA,no2,1
d6acdc94,EL DJAZIRA FCLD010 TYPE C,Accessoire_General,FCLD010 TYPE C,1 350 DA,tablette,0
844c2ce6,D Tech Tablette D Tech 8,Tablette,Tablette D Tech 8,15 500 DA,accesoire audio,0
5b33db8f,TCL HH40L1,Routeur_Modem,TCL HH40L1,8 690 DA,4g,1
e73471e1,D Link DWR M920 B1,Routeur_Modem,D Link DWR M920 B1,8 900 DA,m920,1
9cb292bd,D Tech Tablette D Tech 7,Tablette,Tablette D Tech 7,13 200 DA,dt ech tablette,1
87f8f1c1,D Link BOX Home M915V,Routeur_Modem,BOX Home M915V,9 100 DA,el djazira mountchld002,0
51c3b694,D Tech Tablette D Tech 10,Tablette,Tablette D Tech 10,18 100 DA,tablette,1
737d1d6b,ZTE NUBIA Neo2 5G,Smartphone,ZTE NUBIA Neo2 5G,49 900 DA,smartphone,1
87f8f1c1,D Link BOX Home M915V,Routeur_Modem,BOX Home M915V,9 100 DA,el djazira,0
844c2ce6,D Tech Tablette D Tech 8,Tablette,Tablette D Tech 8,15 500 DA,pwbb,0
88e90c36,TECNO POVA 6,Smartphone,POVA 6,43 300 DA,accessoire general,0
51c3b694,D Tech Tablette D Tech 10,Tablette,Tablette D Tech 10,18 100 DA,tech,1
f5350ba5,D Link Clé 4G DWR 910M Wifi,Routeur_Modem,Clé 4G DWR 910M Wifi,4 500 DA,lcé,1
5b33db8f,TCL HH40L1,Routeur_Modem,TCL HH40L1,8 690 DA,accessoire general,0
18d42555,Revaleo RTC 003 3USB TYPE C,Accessoire_Charge,RTC 003 3USB TYPE C,1 250 DA,accessoire general,0
054fcc38,Revaleo RCB 005 TYPE C,Accessoire_General,RCB 005 TYPE C,500 DA,accessoire audio,0
88e90c36,TECNO POVA 6,Smartphone,POVA 6,43 300 DA,tecon pova,1
b489ceb2,HOCO ECOUTEUR EW39,Accessoire_Audio,ECOUTEUR EW39,5 500 DA,hoco ecouteur,1
844c2ce6,D Tech Tablette D Tech 8,Tablette,Tablette D Tech 8,15 500 DA,c888a,0
9129a21d,TECNO SPARK Go 1,Smartphone,SPARK Go 1,18 000 DA,d ink,0
88e90c36,TECNO POVA 6,Smartphone,POVA 6,43 300 DA,smmartphone,1
844c2ce6,D Tech Tablette D Tech 8,Tablette,Tablette D Tech 8,15 500 DA,tech,1
aedf3d03,D Link DWR M961,Routeur_Modem,D Link DWR M961,9 900 DA,accessoire audio,0
054fcc38,Revaleo RCB 005 TYPE C,Accessoire_General,RCB 005 TYPE C,500 DA,cacessoire general,1
5b33db8f,TCL HH40L1,Routeur_Modem,TCL HH40L1,8 690 DA,power,0
ba552b41,HOCO C101A TYPE C TO IP,Accessoire_Audio,C101A TYPE C TO IP,2 700 DA,fcld010,0
cdc65717,ZTE BLADE A75,Smartphone,ZTE BLADE A75,31 900 DA,hoco,0
026e501d,Revaleo RCB 003 MICRO USB,Accessoire_Charge,RCB 003 MICRO USB,500 DA,cculd009,0
51c3b694,D Tech Tablette D Tech 10,Tablette,Tablette D Tech 10,18 100 DA,el dazira cable,0
cdc65717,ZTE BLADE A75,Smartphone,ZTE BLADE A75,31 900 DA,hoco chargeur,0
df7a5817,D Link DWR G403,Routeur_Modem,D Link DWR G403,10 500 DA,cr,0
9cb292bd,D Tech Tablette D Tech 7,Tablette,Tablette D Tech 7,13 200 DA,trc,0
c8256303,ZTE BLADE A35,Smartphone,ZTE BLADE A35,17 900 DA,tablett,0
51c3b694,D Tech Tablette D Tech 10,Tablette,Tablette D Tech 10,18 100 DA,fcld007,0
87f8f1c1,D Link BOX Home M915V,Routeur_Modem,BOX Home M915V,9 100 DA,m915v,1
df7a5817,D Link DWR G403,Routeur_Modem,D Link DWR G403,10 500 DA,accessoier charge,0
5b33db8f,TCL HH40L1,Routeur_Modem,TCL HH40L1,8 690 DA,4g,1
8af3b552,HOCO CABLE BX54 TYPE C,Accessoire_Audio,CABLE BX54 TYPE C,399 DA,accessoire audio,1
df7a5817,D Link DWR G403,Routeur_Modem,D Link DWR G403,10 500 DA,4g,1
03a1ebbd,Revaleo RTC 003 3USB MICRO USB,Accessoire_Charge,RTC 003 3USB MICRO USB,1 200 DA,miccro,1
87f8f1c1,D Link BOX Home M915V,Routeur_Modem,BOX Home M915V,9 100 DA,fcld013,0
9cb292bd,D Tech Tablette D Tech 7,Tablette,Tablette D Tech 7,13 200 DA,ytpe,0
e73471e1,D Link DWR M920 B1,Routeur_Modem,D Link DWR M920 B1,8 900 DA,accessoire audio,0
83ef63bb,Revaleo RCB 86 MICRO USB,Accessoire_Charge,RCB 86 MICRO USB,300 DA,v6,0
9700a48e,EL DJAZIRA CAR MOUNTCHLD001  DV,Accessoire_Auto,CAR MOUNTCHLD001  DV,850 DA,hoco silicoen,0
e73471e1,D Link DWR M920 B1,Routeur_Modem,D Link DWR M920 B1,8 900 DA,routeur odem,1
e73471e1,D Link DWR M920 B1,Routeur_Modem,D Link DWR M920 B1,8 900 DA,evaleo,0
51c3b694,D Tech Tablette D Tech 10,Tablette,Tablette D Tech 10,18 100 DA,accesssoire charge,0
e73471e1,D Link DWR M920 B1,Routeur_Modem,D Link DWR M920 B1,8 900 DA,4g,1
f207d538,ZTE Blade A55,Smartphone,Blade A55,20 900 DA,zte blade,1
14d55b8e,D Tech Power Bank DP10H,Accessoire_General,Power Bank DP10H,2 100 DA,psld001,0
844c2ce6,D Tech Tablette D Tech 8,Tablette,Tablette D Tech 8,15 500 DA, dtech tablette,1
9cb292bd,D Tech Tablette D Tech 7,Tablette,Tablette D Tech 7,13 200 DA,hoco,0
9cb292bd,D Tech Tablette D Tech 7,Tablette,Tablette D Tech 7,13 200 DA,accessoire charge,0
ecf6f099,HOCO ECOUTEUR EQ3,Accessoire_Audio,ECOUTEUR EQ3,3 500 DA,type,0
9cb292bd,D Tech Tablette D Tech 7,Tablette,Tablette D Tech 7,13 200 DA,d tech,1
083bce55,HOCO Z40 Dual Port Car Charge,Accessoire_Audio,Z40 Dual Port Car Charge,1 200 DA,el dajzira,0
df7a5817,D Link DWR G403,Routeur_Modem,D Link DWR G403,10 500 DA,accessoire charge,0
844c2ce6,D Tech Tablette D Tech 8,Tablette,Tablette D Tech 8,15 500 DA,1c01a,0
87f8f1c1,D Link BOX Home M915V,Routeur_Modem,BOX Home M915V,9 100 DA,d link box,1
aedf3d03,D Link DWR M961,Routeur_Modem,D Link DWR M961,9 900 DA,accessoire charge,0
e2f59916,Revaleo RCB 005 IOS,Accessoire_General,RCB 005 IOS,600 DA,004,0
e73471e1,D Link DWR M920 B1,Routeur_Modem,D Link DWR M920 B1,8 900 DA,dwr,1
aedf3d03,D Link DWR M961,Routeur_Modem,D Link DWR M961,9 900 DA,m916,1
e2f59916,Revaleo RCB 005 IOS,Accessoire_General,RCB 005 IOS,600 DA,accessoire general,1
f5350ba5,D Link Clé 4G DWR 910M Wifi,Routeur_Modem,Clé 4G DWR 910M Wifi,4 500 DA,d link,1
542f6246,Revaleo RCC 004 MICRO USB,Accessoire_Charge,RCC 004 MICRO USB,800 DA,acessoire general,0
87f8f1c1,D Link BOX Home M915V,Routeur_Modem,BOX Home M915V,9 100 DA,revleo,0
cdc65717,ZTE BLADE A75,Smartphone,ZTE BLADE A75,31 900 DA,smartphone,1
844c2ce6,D Tech Tablette D Tech 8,Tablette,Tablette D Tech 8,15 500 DA,zte blade,0
844c2ce6,D Tech Tablette D Tech 8,Tablette,Tablette D Tech 8,15 500 DA,el djazira  ccld003,0
844c2ce6,D Tech Tablette D Tech 8,Tablette,Tablette D Tech 8,15 500 DA,ca59,0
9cb292bd,D Tech Tablette D Tech 7,Tablette,Tablette D Tech 7,13 200 DA,meatl,0
cdc65717,ZTE BLADE A75,Smartphone,ZTE BLADE A75,31 900 DA,ztte,1
aedf3d03,D Link DWR M961,Routeur_Modem,D Link DWR M961,9 900 DA,accessoire charge,0
802f6a69,EL DJAZIRA FCLD007,Accessoire_General,FCLD007,1 450 DA,el djazira fcl007,1
cdc65717,ZTE BLADE A75,Smartphone,ZTE BLADE A75,31 900 DA,smatphone,1
844c2ce6,D Tech Tablette D Tech 8,Tablette,Tablette D Tech 8,15 500 DA,tech,1
aedf3d03,D Link DWR M961,Routeur_Modem,D Link DWR M961,9 900 DA,dwrr,1
51c3b694,D Tech Tablette D Tech 10,Tablette,Tablette D Tech 10,18 100 DA,taab,1
aedf3d03,D Link DWR M961,Routeur_Modem,D Link DWR M961,9 900 DA,link,0
87f8f1c1,D Link BOX Home M915V,Routeur_Modem,BOX Home M915V,9 100 DA,el djazira,0
5b33db8f,TCL HH40L1,Routeur_Modem,TCL HH40L1,8 690 DA,wii,1
87f8f1c1,D Link BOX Home M915V,Routeur_Modem,BOX Home M915V,9 100 DA,wifi,1
e73471e1,D Link DWR M920 B1,Routeur_Modem,D Link DWR M920 B1,8 900 DA,d link,1
844c2ce6,D Tech Tablette D Tech 8,Tablette,Tablette D Tech 8,15 500 DA,l djazira,0
f9d627ef,HOCO METAL HOLDER CA56,Accessoire_Audio,METAL HOLDER CA56,1 400 DA,x76,0
c18021dc,HOCO Charger QC3 0 C72Q,Accessoire_Audio,Charger QC3 0 C72Q,1 100 DA,lch,0
df7a5817,D Link DWR G403,Routeur_Modem,D Link DWR G403,10 500 DA,g403,1
5b33db8f,TCL HH40L1,Routeur_Modem,TCL HH40L1,8 690 DA,hoco,0
51c3b694,D Tech Tablette D Tech 10,Tablette,Tablette D Tech 10,18 100 DA,q3c,0
aedf3d03,D Link DWR M961,Routeur_Modem,D Link DWR M961,9 900 DA,ddual,0
9cb292bd,D Tech Tablette D Tech 7,Tablette,Tablette D Tech 7,13 200 DA,d tceh tablette,1
82197887,ZTE NUBIA MUSIC POP ART,Smartphone,NUBIA MUSIC POP ART,25 500 DA,zt,1
aedf3d03,D Link DWR M961,Routeur_Modem,D Link DWR M961,9 900 DA,wfii,1
f5350ba5,D Link Clé 4G DWR 910M Wifi,Routeur_Modem,Clé 4G DWR 910M Wifi,4 500 DA,73,0
844c2ce6,D Tech Tablette D Tech 8,Tablette,Tablette D Tech 8,15 500 DA,nubia,0
5b33db8f,TCL HH40L1,Routeur_Modem,TCL HH40L1,8 690 DA,hococ able,0
5b33db8f,TCL HH40L1,Routeur_Modem,TCL HH40L1,8 690 DA,power,0
88e90c36,TECNO POVA 6,Smartphone,POVA 6,43 300 DA,tecno pva,1
0ae3b7d8,ZTE BLADE V60 DESIGN,Smartphone,ZTE BLADE V60 DESIGN,32 900 DA,reavleo,0
8af3b552,HOCO CABLE BX54 TYPE C,Accessoire_Audio,CABLE BX54 TYPE C,399 DA,a555,0
f5350ba5,D Link Clé 4G DWR 910M Wifi,Routeur_Modem,Clé 4G DWR 910M Wifi,4 500 DA,90m,1
9700a48e,EL DJAZIRA CAR MOUNTCHLD001  DV,Accessoire_Auto,CAR MOUNTCHLD001  DV,850 DA,ip,0
51c3b694,D Tech Tablette D Tech 10,Tablette,Tablette D Tech 10,18 100 DA,rcb,0
aedf3d03,D Link DWR M961,Routeur_Modem,D Link DWR M961,9 900 DA,vooc,0
e73471e1,D Link DWR M920 B1,Routeur_Modem,D Link DWR M920 B1,8 900 DA,d llink,1
87f8f1c1,D Link BOX Home M915V,Routeur_Modem,BOX Home M915V,9 100 DA,box,1
b954095b,HOCO ECOUTEUR EQ2,Accessoire_Audio,ECOUTEUR EQ2,2 800 DA,power,0
cdc65717,ZTE BLADE A75,Smartphone,ZTE BLADE A75,31 900 DA,bladde,1
e73471e1,D Link DWR M920 B1,Routeur_Modem,D Link DWR M920 B1,8 900 DA,accessoier general,0
b132d198,EL DJAZIRA FCLD013 MICRO USB,Accessoire_Charge,FCLD013 MICRO USB,950 DA,uusb,1
15bce452,EL DJAZIRA CULD 004 S MICRO USB,Accessoire_Charge,CULD 004 S MICRO USB,600 DA,accessoire chare,1
e73471e1,D Link DWR M920 B1,Routeur_Modem,D Link DWR M920 B1,8 900 DA,sb,0
df7a5817,D Link DWR G403,Routeur_Modem,D Link DWR G403,10 500 DA,d linnk,1
51c3b694,D Tech Tablette D Tech 10,Tablette,Tablette D Tech 10,18 100 DA,tab,1
5b33db8f,TCL HH40L1,Routeur_Modem,TCL HH40L1,8 690 DA,tcl,1
844c2ce6,D Tech Tablette D Tech 8,Tablette,Tablette D Tech 8,15 500 DA,fcld004,0
f5350ba5,D Link Clé 4G DWR 910M Wifi,Routeur_Modem,Clé 4G DWR 910M Wifi,4 500 DA,clé,1
f1987c36,EL DJAZIRA CHARGEUR PSLD002,Accessoire_Charge,CHARGEUR PSLD002,3 000 DA,el djazira,1
5b33db8f,TCL HH40L1,Routeur_Modem,TCL HH40L1,8 690 DA,hh40l,1
df7a5817,D Link DWR G403,Routeur_Modem,D Link DWR G403,10 500 DA,g40,1
87f8f1c1,D Link BOX Home M915V,Routeur_Modem,BOX Home M915V,9 100 DA,d link box,1
f5350ba5,D Link Clé 4G DWR 910M Wifi,Routeur_Modem,Clé 4G DWR 910M Wifi,4 500 DA,910,1
df7a5817,D Link DWR G403,Routeur_Modem,D Link DWR G403,10 500 DA,routeur modem,1
e73471e1,D Link DWR M920 B1,Routeur_Modem,D Link DWR M920 B1,8 900 DA,b1,1
b47b1328,EL DJAZIRA CCLD 001C TYPE C,Accessoire_General,CCLD 001C TYPE C,1 350 DA,0001c,1
51c3b694,D Tech Tablette D Tech 10,Tablette,Tablette D Tech 10,18 100 DA,tablette,1
844c2ce6,D Tech Tablette D Tech 8,Tablette,Tablette D Tech 8,15 500 DA,dv,0
9cb292bd,D Tech Tablette D Tech 7,Tablette,Tablette D Tech 7,13 200 DA,techh,1
15bce452,EL DJAZIRA CULD 004 S MICRO USB,Accessoire_Charge,CULD 004 S MICRO USB,600 DA,car,0
51c3b694,D Tech Tablette D Tech 10,Tablette,Tablette D Tech 10,18 100 DA,d tech,1
aedf3d03,D Link DWR M961,Routeur_Modem,D Link DWR M961,9 900 DA,c72q,0
ba552b41,HOCO C101A TYPE C TO IP,Accessoire_Audio,C101A TYPE C TO IP,2 700 DA,hocox 88,0
87f8f1c1,D Link BOX Home M915V,Routeur_Modem,BOX Home M915V,9 100 DA,4g,1
5b33db8f,TCL HH40L1,Routeur_Modem,TCL HH40L1,8 690 DA,iwfi,1
e73471e1,D Link DWR M920 B1,Routeur_Modem,D Link DWR M920 B1,8 900 DA,mm920,1
a47989bd,EL DJAZIRA CCULD009 TYPE C,Accessoire_General,CCULD009 TYPE C,550 DA,el djazira cculd009,1
322ad3aa,EL DJAZIRA CULD002 MICRO USB,Accessoire_Charge,CULD002 MICRO USB,600 DA,earphone,0
f5350ba5,D Link Clé 4G DWR 910M Wifi,Routeur_Modem,Clé 4G DWR 910M Wifi,4 500 DA,d link clé,1
df7a5817,D Link DWR G403,Routeur_Modem,D Link DWR G403,10 500 DA,005,0
9cb292bd,D Tech Tablette D Tech 7,Tablette,Tablette D Tech 7,13 200 DA,tab,1
e73471e1,D Link DWR M920 B1,Routeur_Modem,D Link DWR M920 B1,8 900 DA,drw,1
6f789ee4,Revaleo TK 77 TIPE C,Accessoire_General,TK 77 TIPE C,600 DA,revaleo,1
f5350ba5,D Link Clé 4G DWR 910M Wifi,Routeur_Modem,Clé 4G DWR 910M Wifi,4 500 DA,accessoire chaarge,0
51c3b694,D Tech Tablette D Tech 10,Tablette,Tablette D Tech 10,18 100 DA,hoco silicone,0
f5350ba5,D Link Clé 4G DWR 910M Wifi,Routeur_Modem,Clé 4G DWR 910M Wifi,4 500 DA,cél,1
e73471e1,D Link DWR M920 B1,Routeur_Modem,D Link DWR M920 B1,8 900 DA,dwr,1
d4d94faf,HOCO ECOUTEUR EQ1,Accessoire_Audio,ECOUTEUR EQ1,2 950 DA,eq1,1
ac721003,EL DJAZIRA FCLD 002 C TYPE C,Accessoire_General,FCLD 002 C TYPE C,1 900 DA,accessoire general,1
f93a4bc2,Revaleo TK 74,Accessoire_General,TK 74,650 DA,tk,1
df7a5817,D Link DWR G403,Routeur_Modem,D Link DWR G403,10 500 DA,g403,1
ecf6f099,HOCO ECOUTEUR EQ3,Accessoire_Audio,ECOUTEUR EQ3,3 500 DA,realeo rcb,0
87f8f1c1,D Link BOX Home M915V,Routeur_Modem,BOX Home M915V,9 100 DA,tlc,0
51c3b694,D Tech Tablette D Tech 10,Tablette,Tablette D Tech 10,18 100 DA,tch,1
87f8f1c1,D Link BOX Home M915V,Routeur_Modem,BOX Home M915V,9 100 DA,ual,0
87f8f1c1,D Link BOX Home M915V,Routeur_Modem,BOX Home M915V,9 100 DA,routeur modem,1
f5350ba5,D Link Clé 4G DWR 910M Wifi,Routeur_Modem,Clé 4G DWR 910M Wifi,4 500 DA,rct,0
f5350ba5,D Link Clé 4G DWR 910M Wifi,Routeur_Modem,Clé 4G DWR 910M Wifi,4 500 DA,routeur modem,1
aedf3d03,D Link DWR M961,Routeur_Modem,D Link DWR M961,9 900 DA,to,0
5b33db8f,TCL HH40L1,Routeur_Modem,TCL HH40L1,8 690 DA,micro,0
844c2ce6,D Tech Tablette D Tech 8,Tablette,Tablette D Tech 8,15 500 DA,eq,0
e73471e1,D Link DWR M920 B1,Routeur_Modem,D Link DWR M920 B1,8 900 DA,cale,0
8193aed5,HOCO PWB 20 000 mah J52A,Accessoire_Audio,PWB 20 000 mah J52A,4 300 DA,rct,0
f5350ba5,D Link Clé 4G DWR 910M Wifi,Routeur_Modem,Clé 4G DWR 910M Wifi,4 500 DA,3a,0
87f8f1c1,D Link BOX Home M915V,Routeur_Modem,BOX Home M915V,9 100 DA,wifi,1
9cb292bd,D Tech Tablette D Tech 7,Tablette,Tablette D Tech 7,13 200 DA,revaleo rcb,0
f5350ba5,D Link Clé 4G DWR 910M Wifi,Routeur_Modem,Clé 4G DWR 910M Wifi,4 500 DA,d lnik,1
c8256303,ZTE BLADE A35,Smartphone,ZTE BLADE A35,17 900 DA,accessoire general,0
9cb292bd,D Tech Tablette D Tech 7,Tablette,Tablette D Tech 7,13 200 DA,culd012,0
51c3b694,D Tech Tablette D Tech 10,Tablette,Tablette D Tech 10,18 100 DA,d teech tablette,1
83ef63bb,Revaleo RCB 86 MICRO USB,Accessoire_Charge,RCB 86 MICRO USB,300 DA,ecouteur,0
844c2ce6,D Tech Tablette D Tech 8,Tablette,Tablette D Tech 8,15 500 DA,accessoire charge,0
51c3b694,D Tech Tablette D Tech 10,Tablette,Tablette D Tech 10,18 100 DA,10,1
df7a5817,D Link DWR G403,Routeur_Modem,D Link DWR G403,10 500 DA,tcl cl,0
f207d538,ZTE Blade A55,Smartphone,Blade A55,20 900 DA,zte,1
0ae3b7d8,ZTE BLADE V60 DESIGN,Smartphone,ZTE BLADE V60 DESIGN,32 900 DA,smarthone,1
51c3b694,D Tech Tablette D Tech 10,Tablette,Tablette D Tech 10,18 100 DA,port,0
41825058,Revaleo EARBUDS REVALEO V6,Accessoire_Audio,EARBUDS REVALEO V6,6 500 DA,accesssoire audio,1
87f8f1c1,D Link BOX Home M915V,Routeur_Modem,BOX Home M915V,9 100 DA,d link,1
737d1d6b,ZTE NUBIA Neo2 5G,Smartphone,ZTE NUBIA Neo2 5G,49 900 DA,no2,1
e73471e1,D Link DWR M920 B1,Routeur_Modem,D Link DWR M920 B1,8 900 DA,009,0
737d1d6b,ZTE NUBIA Neo2 5G,Smartphone,ZTE NUBIA Neo2 5G,49 900 DA,zet,1
5b33db8f,TCL HH40L1,Routeur_Modem,TCL HH40L1,8 690 DA,tcl tcl,1
f5350ba5,D Link Clé 4G DWR 910M Wifi,Routeur_Modem,Clé 4G DWR 910M Wifi,4 500 DA,iwfi,1
e73471e1,D Link DWR M920 B1,Routeur_Modem,D Link DWR M920 B1,8 900 DA,4g,1
e73471e1,D Link DWR M920 B1,Routeur_Modem,D Link DWR M920 B1,8 900 DA,lnk,1
e73471e1,D Link DWR M920 B1,Routeur_Modem,D Link DWR M920 B1,8 900 DA,lin,1
e6c50ee8,HOCO QC3 0 C72Q MICRO,Accessoire_Audio,QC3 0 C72Q MICRO,1 100 DA,hoco qc,1
0ace84cd,Revaleo TK 75,Accessoire_General,TK 75,700 DA,004,0
9cb292bd,D Tech Tablette D Tech 7,Tablette,Tablette D Tech 7,13 200 DA,techh,1
51c3b694,D Tech Tablette D Tech 10,Tablette,Tablette D Tech 10,18 100 DA,typee,0
1498313a,EL DJAZIRA CCLD003 MICRO USB,Accessoire_Charge,CCLD003 MICRO USB,1 100 DA,micro,1
e73471e1,D Link DWR M920 B1,Routeur_Modem,D Link DWR M920 B1,8 900 DA,wiifi,1
f207d538,ZTE Blade A55,Smartphone,Blade A55,20 900 DA,blaed,1
844c2ce6,D Tech Tablette D Tech 8,Tablette,Tablette D Tech 8,15 500 DA,tech,1
964f844a,D Tech Power Bank DPC65,Accessoire_General,Power Bank DPC65,7 990 DA,hooco,0
82197887,ZTE NUBIA MUSIC POP ART,Smartphone,NUBIA MUSIC POP ART,25 500 DA,accessoire general,0
e73471e1,D Link DWR M920 B1,Routeur_Modem,D Link DWR M920 B1,8 900 DA,dwr,1
87f8f1c1,D Link BOX Home M915V,Routeur_Modem,BOX Home M915V,9 100 DA,culd007,0
844c2ce6,D Tech Tablette D Tech 8,Tablette,Tablette D Tech 8,15 500 DA,to,0
df7a5817,D Link DWR G403,Routeur_Modem,D Link DWR G403,10 500 DA,cr,0
a47989bd,EL DJAZIRA CCULD009 TYPE C,Accessoire_General,CCULD009 TYPE C,550 DA,revaleo rcb,0
cdc65717,ZTE BLADE A75,Smartphone,ZTE BLADE A75,31 900 DA,in,0
9461652e,HOCO ECOUTEUR EQ4,Accessoire_Audio,ECOUTEUR EQ4,4 800 DA,revaleo lhc,0
87f8f1c1,D Link BOX Home M915V,Routeur_Modem,BOX Home M915V,9 100 DA, dlink box,1
9cb292bd,D Tech Tablette D Tech 7,Tablette,Tablette D Tech 7,13 200 DA,tbalette,1
aedf3d03,D Link DWR M961,Routeur_Modem,D Link DWR M961,9 900 DA,revlaeo rtc,0
c34963c0,Revaleo LCH 219 MICRO USB,Accessoire_Charge,LCH 219 MICRO USB,1 100 DA,teco,0
844c2ce6,D Tech Tablette D Tech 8,Tablette,Tablette D Tech 8,15 500 DA,d tech,1
5b33db8f,TCL HH40L1,Routeur_Modem,TCL HH40L1,8 690 DA,hh40l1,1
e73471e1,D Link DWR M920 B1,Routeur_Modem,D Link DWR M920 B1,8 900 DA,accessoire audio,0
5b33db8f,TCL HH40L1,Routeur_Modem,TCL HH40L1,8 690 DA,micro,0
aedf3d03,D Link DWR M961,Routeur_Modem,D Link DWR M961,9 900 DA,806,0
f5350ba5,D Link Clé 4G DWR 910M Wifi,Routeur_Modem,Clé 4G DWR 910M Wifi,4 500 DA,dwr,1
c7197023,HOCO CAR HOLDER CA82,Accessoire_Audio,CAR HOLDER CA82,2 500 DA,005,0
87f8f1c1,D Link BOX Home M915V,Routeur_Modem,BOX Home M915V,9 100 DA,accessooire audio,0
e73471e1,D Link DWR M920 B1,Routeur_Modem,D Link DWR M920 B1,8 900 DA,desgin,0
e73471e1,D Link DWR M920 B1,Routeur_Modem,D Link DWR M920 B1,8 900 DA,4g,1
844c2ce6,D Tech Tablette D Tech 8,Tablette,Tablette D Tech 8,15 500 DA,tablette,1
bdf8217c,HOCO Écouteurs M1 PRO,Accessoire_Audio,Écouteurs M1 PRO,1 500 DA,tyype,0
e73471e1,D Link DWR M920 B1,Routeur_Modem,D Link DWR M920 B1,8 900 DA,b1,1
df7a5817,D Link DWR G403,Routeur_Modem,D Link DWR G403,10 500 DA,g403,1
f5350ba5,D Link Clé 4G DWR 910M Wifi,Routeur_Modem,Clé 4G DWR 910M Wifi,4 500 DA,erra,0
54c4a777,HOCO Écouteurs  EW25,Accessoire_Audio,Écouteurs  EW25,2 550 DA,culd002,0
9cb292bd,D Tech Tablette D Tech 7,Tablette,Tablette D Tech 7,13 200 DA,bank,0
0ae3b7d8,ZTE BLADE V60 DESIGN,Smartphone,ZTE BLADE V60 DESIGN,32 900 DA,ussb,0
9cb292bd,D Tech Tablette D Tech 7,Tablette,Tablette D Tech 7,13 200 DA,d tech,1
df7a5817,D Link DWR G403,Routeur_Modem,D Link DWR G403,10 500 DA,in,0
9129a21d,TECNO SPARK Go 1,Smartphone,SPARK Go 1,18 000 DA,go,1
e73471e1,D Link DWR M920 B1,Routeur_Modem,D Link DWR M920 B1,8 900 DA,micrro,0
9129a21d,TECNO SPARK Go 1,Smartphone,SPARK Go 1,18 000 DA,hoco,0
e73471e1,D Link DWR M920 B1,Routeur_Modem,D Link DWR M920 B1,8 900 DA,accesssoire audio,0
844c2ce6,D Tech Tablette D Tech 8,Tablette,Tablette D Tech 8,15 500 DA,hoco ecouteur,0
aedf3d03,D Link DWR M961,Routeur_Modem,D Link DWR M961,9 900 DA,wdr,1
df7a5817,D Link DWR G403,Routeur_Modem,D Link DWR G403,10 500 DA,usb,0
87f8f1c1,D Link BOX Home M915V,Routeur_Modem,BOX Home M915V,9 100 DA,hoco x76,0
aedf3d03,D Link DWR M961,Routeur_Modem,D Link DWR M961,9 900 DA,d link,1
844c2ce6,D Tech Tablette D Tech 8,Tablette,Tablette D Tech 8,15 500 DA,tech,1
c8256303,ZTE BLADE A35,Smartphone,ZTE BLADE A35,17 900 DA,cauld0001,0
aedf3d03,D Link DWR M961,Routeur_Modem,D Link DWR M961,9 900 DA,type,0
91380175,HOCO X76 3in1 Charging Cable,Accessoire_Audio,X76 3in1 Charging Cable,1 200 DA,lbade,0
4e786d3b,Revaleo RCB 007 5A VOOC TYPE C,Accessoire_General,RCB 007 5A VOOC TYPE C,800 DA,reevaleo,1
aedf3d03,D Link DWR M961,Routeur_Modem,D Link DWR M961,9 900 DA,d ilnk,1
9cb292bd,D Tech Tablette D Tech 7,Tablette,Tablette D Tech 7,13 200 DA,hoco,0
aedf3d03,D Link DWR M961,Routeur_Modem,D Link DWR M961,9 900 DA,revaleo rccb,0
aedf3d03,D Link DWR M961,Routeur_Modem,D Link DWR M961,9 900 DA,4g,1
51c3b694,D Tech Tablette D Tech 10,Tablette,Tablette D Tech 10,18 100 DA,hoco true,0
df7a5817,D Link DWR G403,Routeur_Modem,D Link DWR G403,10 500 DA,accsesoire audio,0
831b7a24,HOCO C80A PLUS TYPE C TO IP,Accessoire_Audio,C80A PLUS TYPE C TO IP,2 100 DA,accessoire general,0
f5350ba5,D Link Clé 4G DWR 910M Wifi,Routeur_Modem,Clé 4G DWR 910M Wifi,4 500 DA,écuteurs,0
87f8f1c1,D Link BOX Home M915V,Routeur_Modem,BOX Home M915V,9 100 DA,ca56,0
5b33db8f,TCL HH40L1,Routeur_Modem,TCL HH40L1,8 690 DA,tl,1
348d2281,HOCO ES51 Era sport earphone,Accessoire_Audio,ES51 Era sport earphone,3 500 DA,ohco,0
aedf3d03,D Link DWR M961,Routeur_Modem,D Link DWR M961,9 900 DA,hoco,0
e73471e1,D Link DWR M920 B1,Routeur_Modem,D Link DWR M920 B1,8 900 DA,eld jazira fcld,0
87f8f1c1,D Link BOX Home M915V,Routeur_Modem,BOX Home M915V,9 100 DA,home,1
e73471e1,D Link DWR M920 B1,Routeur_Modem,D Link DWR M920 B1,8 900 DA,earphones,0
e73471e1,D Link DWR M920 B1,Routeur_Modem,D Link DWR M920 B1,8 900 DA,d link d,1
ed82fff0,HOCO Silicone 3A X86 Type C,Accessoire_Audio,Silicone 3A X86 Type C,1 200 DA,fcld013,0
844c2ce6,D Tech Tablette D Tech 8,Tablette,Tablette D Tech 8,15 500 DA,to,0
083519d5,Revaleo TK 73,Accessoire_General,TK 73,600 DA,accesssoire general,1
aedf3d03,D Link DWR M961,Routeur_Modem,D Link DWR M961,9 900 DA,accessoire  charge,0
318ee4df,Revaleo AUX TK 79,Accessoire_General,AUX TK 79,400 DA,culd012,0
e73471e1,D Link DWR M920 B1,Routeur_Modem,D Link DWR M920 B1,8 900 DA,wifii,1
5b33db8f,TCL HH40L1,Routeur_Modem,TCL HH40L1,8 690 DA,magnetic,0
e73471e1,D Link DWR M920 B1,Routeur_Modem,D Link DWR M920 B1,8 900 DA,accessoire general,0
e73471e1,D Link DWR M920 B1,Routeur_Modem,D Link DWR M920 B1,8 900 DA,usb,0
844c2ce6,D Tech Tablette D Tech 8,Tablette,Tablette D Tech 8,15 500 DA,d tech,1
e73471e1,D Link DWR M920 B1,Routeur_Modem,D Link DWR M920 B1,8 900 DA,d linkd,1
5b33db8f,TCL HH40L1,Routeur_Modem,TCL HH40L1,8 690 DA,tcl,1
9cb292bd,D Tech Tablette D Tech 7,Tablette,Tablette D Tech 7,13 200 DA,type,0
df7a5817,D Link DWR G403,Routeur_Modem,D Link DWR G403,10 500 DA,tecno,0
e73471e1,D Link DWR M920 B1,Routeur_Modem,D Link DWR M920 B1,8 900 DA,4g,1
a19db3e8,HOCO Data cable BX54 TYPE C,Accessoire_Audio,Data cable BX54 TYPE C,400 DA,fcld008,0
87f8f1c1,D Link BOX Home M915V,Routeur_Modem,BOX Home M915V,9 100 DA,accessoire audio,0
f5350ba5,D Link Clé 4G DWR 910M Wifi,Routeur_Modem,Clé 4G DWR 910M Wifi,4 500 DA,d tech power,0
5b33db8f,TCL HH40L1,Routeur_Modem,TCL HH40L1,8 690 DA,acble,0
5b33db8f,TCL HH40L1,Routeur_Modem,TCL HH40L1,8 690 DA,tcll,1
aedf3d03,D Link DWR M961,Routeur_Modem,D Link DWR M961,9 900 DA,accessoire audio,0
844c2ce6,D Tech Tablette D Tech 8,Tablette,Tablette D Tech 8,15 500 DA,tk,0
e73471e1,D Link DWR M920 B1,Routeur_Modem,D Link DWR M920 B1,8 900 DA,chargr,0
f5350ba5,D Link Clé 4G DWR 910M Wifi,Routeur_Modem,Clé 4G DWR 910M Wifi,4 500 DA,smartphone,0
51c3b694,D Tech Tablette D Tech 10,Tablette,Tablette D Tech 10,18 100 DA,taab,1
87f8f1c1,D Link BOX Home M915V,Routeur_Modem,BOX Home M915V,9 100 DA,el djazira culd007,0
aedf3d03,D Link DWR M961,Routeur_Modem,D Link DWR M961,9 900 DA,drw,1
844c2ce6,D Tech Tablette D Tech 8,Tablette,Tablette D Tech 8,15 500 DA,d tehc,1
4f38c61d,HOCO Silicone 2 4A X82 IP,Accessoire_Audio,Silicone 2 4A X82 IP,1 500 DA,hoc cup,0
f207d538,ZTE Blade A55,Smartphone,Blade A55,20 900 DA,zte blade,1
87f8f1c1,D Link BOX Home M915V,Routeur_Modem,BOX Home M915V,9 100 DA,revaleeo lch,0
82197887,ZTE NUBIA MUSIC POP ART,Smartphone,NUBIA MUSIC POP ART,25 500 DA,el djazira fcld,0
aedf3d03,D Link DWR M961,Routeur_Modem,D Link DWR M961,9 900 DA,wifi,1
51c3b694,D Tech Tablette D Tech 10,Tablette,Tablette D Tech 10,18 100 DA,taab,1
e73471e1,D Link DWR M920 B1,Routeur_Modem,D Link DWR M920 B1,8 900 DA,4g,1
f5350ba5,D Link Clé 4G DWR 910M Wifi,Routeur_Modem,Clé 4G DWR 910M Wifi,4 500 DA,accessoire general,0
c8256303,ZTE BLADE A35,Smartphone,ZTE BLADE A35,17 900 DA,revaleo,0
844c2ce6,D Tech Tablette D Tech 8,Tablette,Tablette D Tech 8,15 500 DA,us,0
87f8f1c1,D Link BOX Home M915V,Routeur_Modem,BOX Home M915V,9 100 DA,el djazira aux,0
df7a5817,D Link DWR G403,Routeur_Modem,D Link DWR G403,10 500 DA,drw,1
f5350ba5,D Link Clé 4G DWR 910M Wifi,Routeur_Modem,Clé 4G DWR 910M Wifi,4 500 DA,wifi,1
9cb292bd,D Tech Tablette D Tech 7,Tablette,Tablette D Tech 7,13 200 DA,ip,0
df7a5817,D Link DWR G403,Routeur_Modem,D Link DWR G403,10 500 DA,d tec,0
aedf3d03,D Link DWR M961,Routeur_Modem,D Link DWR M961,9 900 DA,micro,0
9cb292bd,D Tech Tablette D Tech 7,Tablette,Tablette D Tech 7,13 200 DA,type,0
51c3b694,D Tech Tablette D Tech 10,Tablette,Tablette D Tech 10,18 100 DA,fcl,0
9129a21d,TECNO SPARK Go 1,Smartphone,SPARK Go 1,18 000 DA,hoco qc3,0
87f8f1c1,D Link BOX Home M915V,Routeur_Modem,BOX Home M915V,9 100 DA,el djazirra,0
9cb292bd,D Tech Tablette D Tech 7,Tablette,Tablette D Tech 7,13 200 DA,accessorie charge,0
0ae3b7d8,ZTE BLADE V60 DESIGN,Smartphone,ZTE BLADE V60 DESIGN,32 900 DA,design,1
aedf3d03,D Link DWR M961,Routeur_Modem,D Link DWR M961,9 900 DA,d link,1
5b33db8f,TCL HH40L1,Routeur_Modem,TCL HH40L1,8 690 DA,tcl,1
6e7b5218,HOCO STEREO Earphones  M90,Accessoire_Audio,STEREO Earphones  M90,1 500 DA,el djazria culd,0
844c2ce6,D Tech Tablette D Tech 8,Tablette,Tablette D Tech 8,15 500 DA,mic,0
e73471e1,D Link DWR M920 B1,Routeur_Modem,D Link DWR M920 B1,8 900 DA,tpye,0
844c2ce6,D Tech Tablette D Tech 8,Tablette,Tablette D Tech 8,15 500 DA,tab,1
9cb292bd,D Tech Tablette D Tech 7,Tablette,Tablette D Tech 7,13 200 DA,dual,0
f207d538,ZTE Blade A55,Smartphone,Blade A55,20 900 DA,d tec,0
5b33db8f,TCL HH40L1,Routeur_Modem,TCL HH40L1,8 690 DA,rrtc,0
b47b1328,EL DJAZIRA CCLD 001C TYPE C,Accessoire_General,CCLD 001C TYPE C,1 350 DA,d tech power,0
87f8f1c1,D Link BOX Home M915V,Routeur_Modem,BOX Home M915V,9 100 DA,d likn,1
88e90c36,TECNO POVA 6,Smartphone,POVA 6,43 300 DA,accessoire gneral,0
844c2ce6,D Tech Tablette D Tech 8,Tablette,Tablette D Tech 8,15 500 DA,tba,1
737d1d6b,ZTE NUBIA Neo2 5G,Smartphone,ZTE NUBIA Neo2 5G,49 900 DA,5g,1
82197887,ZTE NUBIA MUSIC POP ART,Smartphone,NUBIA MUSIC POP ART,25 500 DA,nubbia,1
15bce452,EL DJAZIRA CULD 004 S MICRO USB,Accessoire_Charge,CULD 004 S MICRO USB,600 DA,tabltte,0
54c4a777,HOCO Écouteurs  EW25,Accessoire_Audio,Écouteurs  EW25,2 550 DA,ew225,1
9cb292bd,D Tech Tablette D Tech 7,Tablette,Tablette D Tech 7,13 200 DA,tablette,1
e73471e1,D Link DWR M920 B1,Routeur_Modem,D Link DWR M920 B1,8 900 DA,pova,0
df7a5817,D Link DWR G403,Routeur_Modem,D Link DWR G403,10 500 DA,accessoirre general,0
df7a5817,D Link DWR G403,Routeur_Modem,D Link DWR G403,10 500 DA,dwr,1
c8256303,ZTE BLADE A35,Smartphone,ZTE BLADE A35,17 900 DA,smartphone,1
82197887,ZTE NUBIA MUSIC POP ART,Smartphone,NUBIA MUSIC POP ART,25 500 DA,zet,1
844c2ce6,D Tech Tablette D Tech 8,Tablette,Tablette D Tech 8,15 500 DA,d tech tablette,1
df7a5817,D Link DWR G403,Routeur_Modem,D Link DWR G403,10 500 DA,hoco dual,0
87f8f1c1,D Link BOX Home M915V,Routeur_Modem,BOX Home M915V,9 100 DA,d linkbox,1
87f8f1c1,D Link BOX Home M915V,Routeur_Modem,BOX Home M915V,9 100 DA,wifi,1
5b33db8f,TCL HH40L1,Routeur_Modem,TCL HH40L1,8 690 DA,oco,0
9cb292bd,D Tech Tablette D Tech 7,Tablette,Tablette D Tech 7,13 200 DA,tabeltte,1
844c2ce6,D Tech Tablette D Tech 8,Tablette,Tablette D Tech 8,15 500 DA,usb,0
0ae3b7d8,ZTE BLADE V60 DESIGN,Smartphone,ZTE BLADE V60 DESIGN,32 900 DA,smartphone,1
5b33db8f,TCL HH40L1,Routeur_Modem,TCL HH40L1,8 690 DA,ifi,1
c1f271a1,HOCO TRUE  SPEAKER HC4,Accessoire_Audio,TRUE  SPEAKER HC4,4 500 DA,hoco,1
844c2ce6,D Tech Tablette D Tech 8,Tablette,Tablette D Tech 8,15 500 DA,hc13,0
9cb292bd,D Tech Tablette D Tech 7,Tablette,Tablette D Tech 7,13 200 DA,ablette,1
f5350ba5,D Link Clé 4G DWR 910M Wifi,Routeur_Modem,Clé 4G DWR 910M Wifi,4 500 DA,teh,0
e73471e1,D Link DWR M920 B1,Routeur_Modem,D Link DWR M920 B1,8 900 DA,b1,1
dbe78970,HOCO Chargeur C88A TYPE C,Accessoire_Audio,Chargeur C88A TYPE C,900 DA,086,0
b954095b,HOCO ECOUTEUR EQ2,Accessoire_Audio,ECOUTEUR EQ2,2 800 DA,accessoire audio,1
844c2ce6,D Tech Tablette D Tech 8,Tablette,Tablette D Tech 8,15 500 DA,d tech,1
e73471e1,D Link DWR M920 B1,Routeur_Modem,D Link DWR M920 B1,8 900 DA,b1,1
e73471e1,D Link DWR M920 B1,Routeur_Modem,D Link DWR M920 B1,8 900 DA,wfii,1
e73471e1,D Link DWR M920 B1,Routeur_Modem,D Link DWR M920 B1,8 900 DA,micro,0
9cb292bd,D Tech Tablette D Tech 7,Tablette,Tablette D Tech 7,13 200 DA,dtech,1
51c3b694,D Tech Tablette D Tech 10,Tablette,Tablette D Tech 10,18 100 DA,tablett,1
f0a4b0b1,EL DJAZIRA CULD010 MICRO USB,Accessoire_Charge,CULD010 MICRO USB,500 DA,mcro,1
9cb292bd,D Tech Tablette D Tech 7,Tablette,Tablette D Tech 7,13 200 DA,d techh power,0
aedf3d03,D Link DWR M961,Routeur_Modem,D Link DWR M961,9 900 DA,wifi,1
df7a5817,D Link DWR G403,Routeur_Modem,D Link DWR G403,10 500 DA,type,0
ac721003,EL DJAZIRA FCLD 002 C TYPE C,Accessoire_General,FCLD 002 C TYPE C,1 900 DA,020,1
87f8f1c1,D Link BOX Home M915V,Routeur_Modem,BOX Home M915V,9 100 DA,home,1
8193aed5,HOCO PWB 20 000 mah J52A,Accessoire_Audio,PWB 20 000 mah J52A,4 300 DA,le djazira,0
9cb292bd,D Tech Tablette D Tech 7,Tablette,Tablette D Tech 7,13 200 DA,tab,1
e73471e1,D Link DWR M920 B1,Routeur_Modem,D Link DWR M920 B1,8 900 DA,x82ip,0
0ae3b7d8,ZTE BLADE V60 DESIGN,Smartphone,ZTE BLADE V60 DESIGN,32 900 DA,smartphone,1
87f8f1c1,D Link BOX Home M915V,Routeur_Modem,BOX Home M915V,9 100 DA,d link,1
e73471e1,D Link DWR M920 B1,Routeur_Modem,D Link DWR M920 B1,8 900 DA,wifi,1
348d2281,HOCO ES51 Era sport earphone,Accessoire_Audio,ES51 Era sport earphone,3 500 DA,vooc,0
964f844a,D Tech Power Bank DPC65,Accessoire_General,Power Bank DPC65,7 990 DA,d tech power,1
0946d7f7,EL DJAZIRA CULD010 TYPE C,Accessoire_General,CULD010 TYPE C,550 DA,3usb,0
ee096ae0,EL DJAZIRA CULD002 TYPE C,Accessoire_General,CULD002 TYPE C,650 DA,hoco écouteurs,0
51c3b694,D Tech Tablette D Tech 10,Tablette,Tablette D Tech 10,18 100 DA,10,1
fb9408a7,EL DJAZIRA CULD 014 C TYPE C,Accessoire_General,CULD 014 C TYPE C,500 DA,accessoire general,1
51c3b694,D Tech Tablette D Tech 10,Tablette,Tablette D Tech 10,18 100 DA,accessoirre audio,0
e73471e1,D Link DWR M920 B1,Routeur_Modem,D Link DWR M920 B1,8 900 DA,ecouteur,0
844c2ce6,D Tech Tablette D Tech 8,Tablette,Tablette D Tech 8,15 500 DA,el djazira cld,0
f5350ba5,D Link Clé 4G DWR 910M Wifi,Routeur_Modem,Clé 4G DWR 910M Wifi,4 500 DA,d linnk,1
cdc65717,ZTE BLADE A75,Smartphone,ZTE BLADE A75,31 900 DA,hoco true,0
f5350ba5,D Link Clé 4G DWR 910M Wifi,Routeur_Modem,Clé 4G DWR 910M Wifi,4 500 DA,revaleo tk,0
87f8f1c1,D Link BOX Home M915V,Routeur_Modem,BOX Home M915V,9 100 DA,box,1
5b33db8f,TCL HH40L1,Routeur_Modem,TCL HH40L1,8 690 DA,rttc,0
aedf3d03,D Link DWR M961,Routeur_Modem,D Link DWR M961,9 900 DA,el djazira,0
c8256303,ZTE BLADE A35,Smartphone,ZTE BLADE A35,17 900 DA,realeo,0
e0a8bc66,EL DJAZIRA CCULD009 MICRO USB,Accessoire_Charge,CCULD009 MICRO USB,500 DA,cucld009,1
e73471e1,D Link DWR M920 B1,Routeur_Modem,D Link DWR M920 B1,8 900 DA,wfii,1
87f8f1c1,D Link BOX Home M915V,Routeur_Modem,BOX Home M915V,9 100 DA,wiifi,1
df7a5817,D Link DWR G403,Routeur_Modem,D Link DWR G403,10 500 DA,ca82,0
9cb292bd,D Tech Tablette D Tech 7,Tablette,Tablette D Tech 7,13 200 DA,tablete,1
df7a5817,D Link DWR G403,Routeur_Modem,D Link DWR G403,10 500 DA,sppark,0
aedf3d03,D Link DWR M961,Routeur_Modem,D Link DWR M961,9 900 DA,link,1
df7a5817,D Link DWR G403,Routeur_Modem,D Link DWR G403,10 500 DA,ucp,0
df7a5817,D Link DWR G403,Routeur_Modem,D Link DWR G403,10 500 DA,link,1
17ec0241,HOCO TRUE  SPEAKER HC11,Accessoire_Audio,TRUE  SPEAKER HC11,3 500 DA,a75,0
844c2ce6,D Tech Tablette D Tech 8,Tablette,Tablette D Tech 8,15 500 DA,d tech tableette,1
844c2ce6,D Tech Tablette D Tech 8,Tablette,Tablette D Tech 8,15 500 DA,d ttech tablette,1
5b33db8f,TCL HH40L1,Routeur_Modem,TCL HH40L1,8 690 DA,el dazira,0
5b33db8f,TCL HH40L1,Routeur_Modem,TCL HH40L1,8 690 DA,roteur modem,1
f5350ba5,D Link Clé 4G DWR 910M Wifi,Routeur_Modem,Clé 4G DWR 910M Wifi,4 500 DA,4g,1
844c2ce6,D Tech Tablette D Tech 8,Tablette,Tablette D Tech 8,15 500 DA,tab,1
18d42555,Revaleo RTC 003 3USB TYPE C,Accessoire_Charge,RTC 003 3USB TYPE C,1 250 DA,type,1
9c45ae8d,HOCO Écouteur  EW26,Accessoire_Audio,Écouteur  EW26,2 900 DA,car,0
51c3b694,D Tech Tablette D Tech 10,Tablette,Tablette D Tech 10,18 100 DA,10,1
aedf3d03,D Link DWR M961,Routeur_Modem,D Link DWR M961,9 900 DA,d linkk,1
a7c8b379,D Tech Power Bank DP1 Mini,Accessoire_General,Power Bank DP1 Mini,2 200 DA,accessoire general,0
87f8f1c1,D Link BOX Home M915V,Routeur_Modem,BOX Home M915V,9 100 DA,accessoire aaudio,0
51c3b694,D Tech Tablette D Tech 10,Tablette,Tablette D Tech 10,18 100 DA,icro,0
cdc65717,ZTE BLADE A75,Smartphone,ZTE BLADE A75,31 900 DA,ios,0
844c2ce6,D Tech Tablette D Tech 8,Tablette,Tablette D Tech 8,15 500 DA,d tech tablette,1
d69c72b8,Revaleo RTC 004 MICRO USB,Accessoire_Charge,RTC 004 MICRO USB,800 DA,004,1
e80f62a2,D Tech Power Bank DP20H,Accessoire_General,Power Bank DP20H,3 290 DA,tk,0
82197887,ZTE NUBIA MUSIC POP ART,Smartphone,NUBIA MUSIC POP ART,25 500 DA,music,1
2db25980,EL DJAZIRA FCLD012 MICRO USB,Accessoire_Charge,FCLD012 MICRO USB,1 850 DA,el djazira fcld012,1
5b33db8f,TCL HH40L1,Routeur_Modem,TCL HH40L1,8 690 DA,e95,0
18d42555,Revaleo RTC 003 3USB TYPE C,Accessoire_Charge,RTC 003 3USB TYPE C,1 250 DA,el djazira,0
aedf3d03,D Link DWR M961,Routeur_Modem,D Link DWR M961,9 900 DA,to,0
f5350ba5,D Link Clé 4G DWR 910M Wifi,Routeur_Modem,Clé 4G DWR 910M Wifi,4 500 DA,lé,1
844c2ce6,D Tech Tablette D Tech 8,Tablette,Tablette D Tech 8,15 500 DA,d tech,1
f207d538,ZTE Blade A55,Smartphone,Blade A55,20 900 DA,accesoire audio,0
51c3b694,D Tech Tablette D Tech 10,Tablette,Tablette D Tech 10,18 100 DA,el djazira culd002,0
844c2ce6,D Tech Tablette D Tech 8,Tablette,Tablette D Tech 8,15 500 DA,m1,0
5b33db8f,TCL HH40L1,Routeur_Modem,TCL HH40L1,8 690 DA,tcl tcl,1
87f8f1c1,D Link BOX Home M915V,Routeur_Modem,BOX Home M915V,9 100 DA,typ,0
e73471e1,D Link DWR M920 B1,Routeur_Modem,D Link DWR M920 B1,8 900 DA,b1,1
51c3b694,D Tech Tablette D Tech 10,Tablette,Tablette D Tech 10,18 100 DA,tab,1
aedf3d03,D Link DWR M961,Routeur_Modem,D Link DWR M961,9 900 DA,routeur modme,1
df7a5817,D Link DWR G403,Routeur_Modem,D Link DWR G403,10 500 DA,wifi,1
9cb292bd,D Tech Tablette D Tech 7,Tablette,Tablette D Tech 7,13 200 DA,dlink,0
844c2ce6,D Tech Tablette D Tech 8,Tablette,Tablette D Tech 8,15 500 DA,culd007,0
cdc65717,ZTE BLADE A75,Smartphone,ZTE BLADE A75,31 900 DA,ze,1
f1987c36,EL DJAZIRA CHARGEUR PSLD002,Accessoire_Charge,CHARGEUR PSLD002,3 000 DA,accessoire charge,1
e73471e1,D Link DWR M920 B1,Routeur_Modem,D Link DWR M920 B1,8 900 DA,routeur modem,1
51c3b694,D Tech Tablette D Tech 10,Tablette,Tablette D Tech 10,18 100 DA,d tech tabltete,1
844c2ce6,D Tech Tablette D Tech 8,Tablette,Tablette D Tech 8,15 500 DA,tabllette,1
87f8f1c1,D Link BOX Home M915V,Routeur_Modem,BOX Home M915V,9 100 DA,accessoire audio,0
aedf3d03,D Link DWR M961,Routeur_Modem,D Link DWR M961,9 900 DA,link,1
5b33db8f,TCL HH40L1,Routeur_Modem,TCL HH40L1,8 690 DA,dual,0
df7a5817,D Link DWR G403,Routeur_Modem,D Link DWR G403,10 500 DA,g403,1
5f47afe2,Revaleo LC 927 MICRO USB,Accessoire_Charge,LC 927 MICRO USB,400 DA,4a,0
844c2ce6,D Tech Tablette D Tech 8,Tablette,Tablette D Tech 8,15 500 DA,culd0022,0
c8256303,ZTE BLADE A35,Smartphone,ZTE BLADE A35,17 900 DA,zte,1
2feb93aa,EL DJAZIRA CULD007 MICRO USB,Accessoire_Charge,CULD007 MICRO USB,450 DA,culd007,1
5b33db8f,TCL HH40L1,Routeur_Modem,TCL HH40L1,8 690 DA,fcld,0
87f8f1c1,D Link BOX Home M915V,Routeur_Modem,BOX Home M915V,9 100 DA,zte zet,0
dbe78970,HOCO Chargeur C88A TYPE C,Accessoire_Audio,Chargeur C88A TYPE C,900 DA,ytpe,1
f207d538,ZTE Blade A55,Smartphone,Blade A55,20 900 DA,smartphoen,1
51c3b694,D Tech Tablette D Tech 10,Tablette,Tablette D Tech 10,18 100 DA,tecch,1
88e90c36,TECNO POVA 6,Smartphone,POVA 6,43 300 DA,routeur modem,0
5b33db8f,TCL HH40L1,Routeur_Modem,TCL HH40L1,8 690 DA,usbb,0
fb9d4c38,EL DJAZIRA FCLD013 TYPE C,Accessoire_General,FCLD013 TYPE C,1 000 DA,el djazira cable,0
87f8f1c1,D Link BOX Home M915V,Routeur_Modem,BOX Home M915V,9 100 DA,hom,1
aedf3d03,D Link DWR M961,Routeur_Modem,D Link DWR M961,9 900 DA,4g,1
88e90c36,TECNO POVA 6,Smartphone,POVA 6,43 300 DA,pova,1
51c3b694,D Tech Tablette D Tech 10,Tablette,Tablette D Tech 10,18 100 DA,dpc65,0
5b33db8f,TCL HH40L1,Routeur_Modem,TCL HH40L1,8 690 DA,4g,1
5b33db8f,TCL HH40L1,Routeur_Modem,TCL HH40L1,8 690 DA,wifi,1
82197887,ZTE NUBIA MUSIC POP ART,Smartphone,NUBIA MUSIC POP ART,25 500 DA,smrtphone,1
e73471e1,D Link DWR M920 B1,Routeur_Modem,D Link DWR M920 B1,8 900 DA,routeeur modem,1
cdc65717,ZTE BLADE A75,Smartphone,ZTE BLADE A75,31 900 DA,c81a,0
88e90c36,TECNO POVA 6,Smartphone,POVA 6,43 300 DA,hoc,0
5b33db8f,TCL HH40L1,Routeur_Modem,TCL HH40L1,8 690 DA,wifi,1
9129a21d,TECNO SPARK Go 1,Smartphone,SPARK Go 1,18 000 DA,accessooire audio,0
88e90c36,TECNO POVA 6,Smartphone,POVA 6,43 300 DA,pova,1
9cb292bd,D Tech Tablette D Tech 7,Tablette,Tablette D Tech 7,13 200 DA,écoutur,0
9cb292bd,D Tech Tablette D Tech 7,Tablette,Tablette D Tech 7,13 200 DA,hooco silicone,0
e73471e1,D Link DWR M920 B1,Routeur_Modem,D Link DWR M920 B1,8 900 DA,el djazira aux,0
51c3b694,D Tech Tablette D Tech 10,Tablette,Tablette D Tech 10,18 100 DA,revaleo rcb,0
aedf3d03,D Link DWR M961,Routeur_Modem,D Link DWR M961,9 900 DA,routeur mode,1
f8cf95c6,Revaleo CABLE TK 77 IOS,Accessoire_Charge,CABLE TK 77 IOS,600 DA,revlaeo,1
9cb292bd,D Tech Tablette D Tech 7,Tablette,Tablette D Tech 7,13 200 DA,teech,1
87f8f1c1,D Link BOX Home M915V,Routeur_Modem,BOX Home M915V,9 100 DA,d liink box,1
e73471e1,D Link DWR M920 B1,Routeur_Modem,D Link DWR M920 B1,8 900 DA,9m20,1
6f789ee4,Revaleo TK 77 TIPE C,Accessoire_General,TK 77 TIPE C,600 DA,rvaleo tk,1
844c2ce6,D Tech Tablette D Tech 8,Tablette,Tablette D Tech 8,15 500 DA,tceh,1
fb9408a7,EL DJAZIRA CULD 014 C TYPE C,Accessoire_General,CULD 014 C TYPE C,500 DA,culd,1
844c2ce6,D Tech Tablette D Tech 8,Tablette,Tablette D Tech 8,15 500 DA,taablette,1
aedf3d03,D Link DWR M961,Routeur_Modem,D Link DWR M961,9 900 DA,d link,1
49d2f7b9,HOCO Single Port C81A TYPE C,Accessoire_Audio,Single Port C81A TYPE C,850 DA,accessoire general,0
51c3b694,D Tech Tablette D Tech 10,Tablette,Tablette D Tech 10,18 100 DA,d tecch,1
9129a21d,TECNO SPARK Go 1,Smartphone,SPARK Go 1,18 000 DA,tecno,1
451f693f,HOCO X85 Type C TO Type C,Accessoire_Audio,X85 Type C TO Type C,1 000 DA,rcb,0
e73471e1,D Link DWR M920 B1,Routeur_Modem,D Link DWR M920 B1,8 900 DA,b1,1
f5350ba5,D Link Clé 4G DWR 910M Wifi,Routeur_Modem,Clé 4G DWR 910M Wifi,4 500 DA,usb,0
df7a5817,D Link DWR G403,Routeur_Modem,D Link DWR G403,10 500 DA,uusb,0
88e90c36,TECNO POVA 6,Smartphone,POVA 6,43 300 DA,smartphone,1
0ae3b7d8,ZTE BLADE V60 DESIGN,Smartphone,ZTE BLADE V60 DESIGN,32 900 DA,v60,1
5b33db8f,TCL HH40L1,Routeur_Modem,TCL HH40L1,8 690 DA,hh40l1,1
831b7a24,HOCO C80A PLUS TYPE C TO IP,Accessoire_Audio,C80A PLUS TYPE C TO IP,2 100 DA,plus,1
f5350ba5,D Link Clé 4G DWR 910M Wifi,Routeur_Modem,Clé 4G DWR 910M Wifi,4 500 DA,wifi,1
87f8f1c1,D Link BOX Home M915V,Routeur_Modem,BOX Home M915V,9 100 DA,miro,0
49d2f7b9,HOCO Single Port C81A TYPE C,Accessoire_Audio,Single Port C81A TYPE C,850 DA,hoco singl,1
f5350ba5,D Link Clé 4G DWR 910M Wifi,Routeur_Modem,Clé 4G DWR 910M Wifi,4 500 DA,4g,1
b0a1c859,HOCO EARPHONES MIC M1 PRO,Accessoire_Audio,EARPHONES MIC M1 PRO,1 500 DA,pro,1
e73471e1,D Link DWR M920 B1,Routeur_Modem,D Link DWR M920 B1,8 900 DA,4g,1
f207d538,ZTE Blade A55,Smartphone,Blade A55,20 900 DA,hoco stereo,0
35491815,HOCO Écouteurs M1 Max IP,Accessoire_Audio,Écouteurs M1 Max IP,2 200 DA,type,0
f0a4b0b1,EL DJAZIRA CULD010 MICRO USB,Accessoire_Charge,CULD010 MICRO USB,500 DA,el djazira,0
df7a5817,D Link DWR G403,Routeur_Modem,D Link DWR G403,10 500 DA,d link  d,1
51c3b694,D Tech Tablette D Tech 10,Tablette,Tablette D Tech 10,18 100 DA,mountchld002,0
df7a5817,D Link DWR G403,Routeur_Modem,D Link DWR G403,10 500 DA,hcoo c101a,0
51c3b694,D Tech Tablette D Tech 10,Tablette,Tablette D Tech 10,18 100 DA,d tech,1
51c3b694,D Tech Tablette D Tech 10,Tablette,Tablette D Tech 10,18 100 DA,hoco c101a,0
87f8f1c1,D Link BOX Home M915V,Routeur_Modem,BOX Home M915V,9 100 DA,sb,0
e73471e1,D Link DWR M920 B1,Routeur_Modem,D Link DWR M920 B1,8 900 DA,link,1
9cb292bd,D Tech Tablette D Tech 7,Tablette,Tablette D Tech 7,13 200 DA,atb,1
a47989bd,EL DJAZIRA CCULD009 TYPE C,Accessoire_General,CCULD009 TYPE C,550 DA,tpye,0
844c2ce6,D Tech Tablette D Tech 8,Tablette,Tablette D Tech 8,15 500 DA,d tech,1
f5350ba5,D Link Clé 4G DWR 910M Wifi,Routeur_Modem,Clé 4G DWR 910M Wifi,4 500 DA,mico,0
e73471e1,D Link DWR M920 B1,Routeur_Modem,D Link DWR M920 B1,8 900 DA,d link,1
e73471e1,D Link DWR M920 B1,Routeur_Modem,D Link DWR M920 B1,8 900 DA,wfi,1
c8256303,ZTE BLADE A35,Smartphone,ZTE BLADE A35,17 900 DA,e ldjazira,0
51c3b694,D Tech Tablette D Tech 10,Tablette,Tablette D Tech 10,18 100 DA,accessoier charge,0
ac721003,EL DJAZIRA FCLD 002 C TYPE C,Accessoire_General,FCLD 002 C TYPE C,1 900 DA,bt,0
6e7b5218,HOCO STEREO Earphones  M90,Accessoire_Audio,STEREO Earphones  M90,1 500 DA,4g,0
aedf3d03,D Link DWR M961,Routeur_Modem,D Link DWR M961,9 900 DA,d lik,1
df7a5817,D Link DWR G403,Routeur_Modem,D Link DWR G403,10 500 DA,d tech power,0
139d2fb5,EL DJAZIRA CULD012 MICRO USB,Accessoire_Charge,CULD012 MICRO USB,500 DA,0099,0
e73471e1,D Link DWR M920 B1,Routeur_Modem,D Link DWR M920 B1,8 900 DA,écouteeurs,0
5b33db8f,TCL HH40L1,Routeur_Modem,TCL HH40L1,8 690 DA,tl,1
0946d7f7,EL DJAZIRA CULD010 TYPE C,Accessoire_General,CULD010 TYPE C,550 DA,accessoire auddio,0
df7a5817,D Link DWR G403,Routeur_Modem,D Link DWR G403,10 500 DA,g403,1
9cb292bd,D Tech Tablette D Tech 7,Tablette,Tablette D Tech 7,13 200 DA,hoco cable,0
5b33db8f,TCL HH40L1,Routeur_Modem,TCL HH40L1,8 690 DA,accessoire audio,0
5b33db8f,TCL HH40L1,Routeur_Modem,TCL HH40L1,8 690 DA,hh40l1,1
0ae3b7d8,ZTE BLADE V60 DESIGN,Smartphone,ZTE BLADE V60 DESIGN,32 900 DA,802,0
c2089f87,HOCO QC3 0 C72Q TYPE C,Accessoire_Audio,QC3 0 C72Q TYPE C,1 100 DA,accessoire audio,0
737d1d6b,ZTE NUBIA Neo2 5G,Smartphone,ZTE NUBIA Neo2 5G,49 900 DA,hoco,0
9cb292bd,D Tech Tablette D Tech 7,Tablette,Tablette D Tech 7,13 200 DA,d tech tablette,1
aedf3d03,D Link DWR M961,Routeur_Modem,D Link DWR M961,9 900 DA,m961,1
9129a21d,TECNO SPARK Go 1,Smartphone,SPARK Go 1,18 000 DA,hoco couteur,0
82197887,ZTE NUBIA MUSIC POP ART,Smartphone,NUBIA MUSIC POP ART,25 500 DA,type,0
87f8f1c1,D Link BOX Home M915V,Routeur_Modem,BOX Home M915V,9 100 DA,uusb,0
87f8f1c1,D Link BOX Home M915V,Routeur_Modem,BOX Home M915V,9 100 DA,accessoire audio,0
df7a5817,D Link DWR G403,Routeur_Modem,D Link DWR G403,10 500 DA,cud015,0
9129a21d,TECNO SPARK Go 1,Smartphone,SPARK Go 1,18 000 DA,tecno sparkk,1
e73471e1,D Link DWR M920 B1,Routeur_Modem,D Link DWR M920 B1,8 900 DA,routteur modem,1
c8256303,ZTE BLADE A35,Smartphone,ZTE BLADE A35,17 900 DA,hoco c97a,0
9cb292bd,D Tech Tablette D Tech 7,Tablette,Tablette D Tech 7,13 200 DA,m90,0
aedf3d03,D Link DWR M961,Routeur_Modem,D Link DWR M961,9 900 DA,wifi,1
df7a5817,D Link DWR G403,Routeur_Modem,D Link DWR G403,10 500 DA,wwifi,1
f5350ba5,D Link Clé 4G DWR 910M Wifi,Routeur_Modem,Clé 4G DWR 910M Wifi,4 500 DA,hoco z40,0
41825058,Revaleo EARBUDS REVALEO V6,Accessoire_Audio,EARBUDS REVALEO V6,6 500 DA,dwr,0
f207d538,ZTE Blade A55,Smartphone,Blade A55,20 900 DA,stereo,0
aedf3d03,D Link DWR M961,Routeur_Modem,D Link DWR M961,9 900 DA,hoco sports,0
87f8f1c1,D Link BOX Home M915V,Routeur_Modem,BOX Home M915V,9 100 DA,miro,0
844c2ce6,D Tech Tablette D Tech 8,Tablette,Tablette D Tech 8,15 500 DA,revaleo rcb,0
e73471e1,D Link DWR M920 B1,Routeur_Modem,D Link DWR M920 B1,8 900 DA,cable,0
82197887,ZTE NUBIA MUSIC POP ART,Smartphone,NUBIA MUSIC POP ART,25 500 DA,revaleo tkk,0
efe375f6,Revaleo LC 927 TYPE C,Accessoire_General,LC 927 TYPE C,500 DA,revaleo,0
87f8f1c1,D Link BOX Home M915V,Routeur_Modem,BOX Home M915V,9 100 DA,el djazira culd010,0
87f8f1c1,D Link BOX Home M915V,Routeur_Modem,BOX Home M915V,9 100 DA,accessoiire general,0
9cb292bd,D Tech Tablette D Tech 7,Tablette,Tablette D Tech 7,13 200 DA,atblette,1
51c3b694,D Tech Tablette D Tech 10,Tablette,Tablette D Tech 10,18 100 DA,tech,1
f93a4bc2,Revaleo TK 74,Accessoire_General,TK 74,650 DA,cabble,0
2c6aa736,EL DJAZIRA CHARGEUR PSLD001,Accessoire_Charge,CHARGEUR PSLD001,2 690 DA,usb,0
5b33db8f,TCL HH40L1,Routeur_Modem,TCL HH40L1,8 690 DA,usbb,0
51c3b694,D Tech Tablette D Tech 10,Tablette,Tablette D Tech 10,18 100 DA,link,0
88e90c36,TECNO POVA 6,Smartphone,POVA 6,43 300 DA,eld jazira ccld,0
87f8f1c1,D Link BOX Home M915V,Routeur_Modem,BOX Home M915V,9 100 DA,4g,1
51c3b694,D Tech Tablette D Tech 10,Tablette,Tablette D Tech 10,18 100 DA,revaleo rcb,0
0ae3b7d8,ZTE BLADE V60 DESIGN,Smartphone,ZTE BLADE V60 DESIGN,32 900 DA,power,0
87f8f1c1,D Link BOX Home M915V,Routeur_Modem,BOX Home M915V,9 100 DA,lch,0
0ae3b7d8,ZTE BLADE V60 DESIGN,Smartphone,ZTE BLADE V60 DESIGN,32 900 DA,accessoire general,0
f207d538,ZTE Blade A55,Smartphone,Blade A55,20 900 DA,e ldjazira,0
5b33db8f,TCL HH40L1,Routeur_Modem,TCL HH40L1,8 690 DA,wiif,1
36660025,HOCO SPORTS BT SPEAKER HC13,Accessoire_Audio,SPORTS BT SPEAKER HC13,3 500 DA,zte ztte,0
87f8f1c1,D Link BOX Home M915V,Routeur_Modem,BOX Home M915V,9 100 DA,hocoo,0
844c2ce6,D Tech Tablette D Tech 8,Tablette,Tablette D Tech 8,15 500 DA,tabette,1
aedf3d03,D Link DWR M961,Routeur_Modem,D Link DWR M961,9 900 DA,clh,0
51c3b694,D Tech Tablette D Tech 10,Tablette,Tablette D Tech 10,18 100 DA,el djazira fcld,0
51c3b694,D Tech Tablette D Tech 10,Tablette,Tablette D Tech 10,18 100 DA,hoco cq3,0
aedf3d03,D Link DWR M961,Routeur_Modem,D Link DWR M961,9 900 DA,hoco i,0
9c45ae8d,HOCO Écouteur  EW26,Accessoire_Audio,Écouteur  EW26,2 900 DA,hoco,0
f207d538,ZTE Blade A55,Smartphone,Blade A55,20 900 DA,bllade,1
5b33db8f,TCL HH40L1,Routeur_Modem,TCL HH40L1,8 690 DA,hh40l1,1
0ae3b7d8,ZTE BLADE V60 DESIGN,Smartphone,ZTE BLADE V60 DESIGN,32 900 DA,msartphone,1
51c3b694,D Tech Tablette D Tech 10,Tablette,Tablette D Tech 10,18 100 DA,el djzira,0
aedf3d03,D Link DWR M961,Routeur_Modem,D Link DWR M961,9 900 DA,revaelo rcc,0
f5350ba5,D Link Clé 4G DWR 910M Wifi,Routeur_Modem,Clé 4G DWR 910M Wifi,4 500 DA,ccld,0
0ace84cd,Revaleo TK 75,Accessoire_General,TK 75,700 DA,revaleo,1
f5350ba5,D Link Clé 4G DWR 910M Wifi,Routeur_Modem,Clé 4G DWR 910M Wifi,4 500 DA,earphones,0
f5350ba5,D Link Clé 4G DWR 910M Wifi,Routeur_Modem,Clé 4G DWR 910M Wifi,4 500 DA,routeur mdem,1
c7197023,HOCO CAR HOLDER CA82,Accessoire_Audio,CAR HOLDER CA82,2 500 DA,ecouteur,0
29fb7c1d,EL DJAZIRA FCLD 009 S4 MICRO USB,Accessoire_Charge,FCLD 009 S4 MICRO USB,1 800 DA,hoco,0
9cb292bd,D Tech Tablette D Tech 7,Tablette,Tablette D Tech 7,13 200 DA,accessoir echarge,0
9cb292bd,D Tech Tablette D Tech 7,Tablette,Tablette D Tech 7,13 200 DA,tablette,1
f5350ba5,D Link Clé 4G DWR 910M Wifi,Routeur_Modem,Clé 4G DWR 910M Wifi,4 500 DA,4g,1
51c3b694,D Tech Tablette D Tech 10,Tablette,Tablette D Tech 10,18 100 DA,ervaleo,0
df7a5817,D Link DWR G403,Routeur_Modem,D Link DWR G403,10 500 DA,accessoire generral,0
9cb292bd,D Tech Tablette D Tech 7,Tablette,Tablette D Tech 7,13 200 DA,tab,1
df7a5817,D Link DWR G403,Routeur_Modem,D Link DWR G403,10 500 DA,ytpe,0
f5350ba5,D Link Clé 4G DWR 910M Wifi,Routeur_Modem,Clé 4G DWR 910M Wifi,4 500 DA,rtc,0
f0a4b0b1,EL DJAZIRA CULD010 MICRO USB,Accessoire_Charge,CULD010 MICRO USB,500 DA,el djazira uld010,1
51c3b694,D Tech Tablette D Tech 10,Tablette,Tablette D Tech 10,18 100 DA,d tech,1
df7a5817,D Link DWR G403,Routeur_Modem,D Link DWR G403,10 500 DA,mounthld001,0
aedf3d03,D Link DWR M961,Routeur_Modem,D Link DWR M961,9 900 DA,routeur modem,1
2db25980,EL DJAZIRA FCLD012 MICRO USB,Accessoire_Charge,FCLD012 MICRO USB,1 850 DA,74,0
e73471e1,D Link DWR M920 B1,Routeur_Modem,D Link DWR M920 B1,8 900 DA,auxx,0
f207d538,ZTE Blade A55,Smartphone,Blade A55,20 900 DA,el djazirra,0
51c3b694,D Tech Tablette D Tech 10,Tablette,Tablette D Tech 10,18 100 DA,accessoire charge,0
9cb292bd,D Tech Tablette D Tech 7,Tablette,Tablette D Tech 7,13 200 DA,tablette,1
51c3b694,D Tech Tablette D Tech 10,Tablette,Tablette D Tech 10,18 100 DA,usb,0
5b33db8f,TCL HH40L1,Routeur_Modem,TCL HH40L1,8 690 DA,iwfi,1
f8cf95c6,Revaleo CABLE TK 77 IOS,Accessoire_Charge,CABLE TK 77 IOS,600 DA,spark,0
e73471e1,D Link DWR M920 B1,Routeur_Modem,D Link DWR M920 B1,8 900 DA,wifi,1
88e90c36,TECNO POVA 6,Smartphone,POVA 6,43 300 DA,tecno,1
aedf3d03,D Link DWR M961,Routeur_Modem,D Link DWR M961,9 900 DA,hoco,0
aedf3d03,D Link DWR M961,Routeur_Modem,D Link DWR M961,9 900 DA,4g,1
87f8f1c1,D Link BOX Home M915V,Routeur_Modem,BOX Home M915V,9 100 DA,el djaziar,0
9129a21d,TECNO SPARK Go 1,Smartphone,SPARK Go 1,18 000 DA,ssmartphone,1
c1f271a1,HOCO TRUE  SPEAKER HC4,Accessoire_Audio,TRUE  SPEAKER HC4,4 500 DA,plus,0
8890c2a9,EL DJAZIRA CHARGER FCLD004,Accessoire_General,CHARGER FCLD004,950 DA,harger,1
aedf3d03,D Link DWR M961,Routeur_Modem,D Link DWR M961,9 900 DA,lin,1
82197887,ZTE NUBIA MUSIC POP ART,Smartphone,NUBIA MUSIC POP ART,25 500 DA,accesoire general,0
844c2ce6,D Tech Tablette D Tech 8,Tablette,Tablette D Tech 8,15 500 DA,tech,1
df7a5817,D Link DWR G403,Routeur_Modem,D Link DWR G403,10 500 DA,cabble,0
f207d538,ZTE Blade A55,Smartphone,Blade A55,20 900 DA,usb,0
87f8f1c1,D Link BOX Home M915V,Routeur_Modem,BOX Home M915V,9 100 DA,d liink,1
df7a5817,D Link DWR G403,Routeur_Modem,D Link DWR G403,10 500 DA,lik,1
f5350ba5,D Link Clé 4G DWR 910M Wifi,Routeur_Modem,Clé 4G DWR 910M Wifi,4 500 DA,routeur modem,1
81099cf1,HOCO Z40 Superior dual port car,Accessoire_Audio,Z40 Superior dual port car,1 200 DA,dua,1
51c3b694,D Tech Tablette D Tech 10,Tablette,Tablette D Tech 10,18 100 DA,accessoire audio,0
df7a5817,D Link DWR G403,Routeur_Modem,D Link DWR G403,10 500 DA,routeur modem,1
c34963c0,Revaleo LCH 219 MICRO USB,Accessoire_Charge,LCH 219 MICRO USB,1 100 DA,accessoire geneal,0
51c3b694,D Tech Tablette D Tech 10,Tablette,Tablette D Tech 10,18 100 DA,carr,0
e73471e1,D Link DWR M920 B1,Routeur_Modem,D Link DWR M920 B1,8 900 DA,wiffi,1
87f8f1c1,D Link BOX Home M915V,Routeur_Modem,BOX Home M915V,9 100 DA,car,0
ebaf792c,EL DJAZIRA CULD 014 S MICRO USB,Accessoire_Charge,CULD 014 S MICRO USB,450 DA,micro,1
844c2ce6,D Tech Tablette D Tech 8,Tablette,Tablette D Tech 8,15 500 DA,routeur modm,0
df7a5817,D Link DWR G403,Routeur_Modem,D Link DWR G403,10 500 DA,lin,1
e73471e1,D Link DWR M920 B1,Routeur_Modem,D Link DWR M920 B1,8 900 DA,ussb,0
e73471e1,D Link DWR M920 B1,Routeur_Modem,D Link DWR M920 B1,8 900 DA,revaleo rcc,0
1498313a,EL DJAZIRA CCLD003 MICRO USB,Accessoire_Charge,CCLD003 MICRO USB,1 100 DA,ussb,1
f207d538,ZTE Blade A55,Smartphone,Blade A55,20 900 DA,el djazira chagrer,0
87f8f1c1,D Link BOX Home M915V,Routeur_Modem,BOX Home M915V,9 100 DA,bo,1
844c2ce6,D Tech Tablette D Tech 8,Tablette,Tablette D Tech 8,15 500 DA,talbette,1
81099cf1,HOCO Z40 Superior dual port car,Accessoire_Audio,Z40 Superior dual port car,1 200 DA,superiior,1
df7a5817,D Link DWR G403,Routeur_Modem,D Link DWR G403,10 500 DA,g403,1
df7a5817,D Link DWR G403,Routeur_Modem,D Link DWR G403,10 500 DA,d tech tablete,0
17ec0241,HOCO TRUE  SPEAKER HC11,Accessoire_Audio,TRUE  SPEAKER HC11,3 500 DA,hoco true,1
51c3b694,D Tech Tablette D Tech 10,Tablette,Tablette D Tech 10,18 100 DA,bx54,0
f5350ba5,D Link Clé 4G DWR 910M Wifi,Routeur_Modem,Clé 4G DWR 910M Wifi,4 500 DA,rc,0
f5350ba5,D Link Clé 4G DWR 910M Wifi,Routeur_Modem,Clé 4G DWR 910M Wifi,4 500 DA,magnetic,0
5f47afe2,Revaleo LC 927 MICRO USB,Accessoire_Charge,LC 927 MICRO USB,400 DA,balde,0
51c3b694,D Tech Tablette D Tech 10,Tablette,Tablette D Tech 10,18 100 DA,revaleo rc,0
51c3b694,D Tech Tablette D Tech 10,Tablette,Tablette D Tech 10,18 100 DA,10,1
f5350ba5,D Link Clé 4G DWR 910M Wifi,Routeur_Modem,Clé 4G DWR 910M Wifi,4 500 DA,routeur modem,1
f5350ba5,D Link Clé 4G DWR 910M Wifi,Routeur_Modem,Clé 4G DWR 910M Wifi,4 500 DA,abnk,0
c8256303,ZTE BLADE A35,Smartphone,ZTE BLADE A35,17 900 DA,zte,1
5b33db8f,TCL HH40L1,Routeur_Modem,TCL HH40L1,8 690 DA,4g,1
9cb292bd,D Tech Tablette D Tech 7,Tablette,Tablette D Tech 7,13 200 DA,d tech,1
9cb292bd,D Tech Tablette D Tech 7,Tablette,Tablette D Tech 7,13 200 DA,routeur modem,0
5b33db8f,TCL HH40L1,Routeur_Modem,TCL HH40L1,8 690 DA,tk,0
f5350ba5,D Link Clé 4G DWR 910M Wifi,Routeur_Modem,Clé 4G DWR 910M Wifi,4 500 DA,dwr,1
df7a5817,D Link DWR G403,Routeur_Modem,D Link DWR G403,10 500 DA,link,1
a19db3e8,HOCO Data cable BX54 TYPE C,Accessoire_Audio,Data cable BX54 TYPE C,400 DA,hocoo,0
844c2ce6,D Tech Tablette D Tech 8,Tablette,Tablette D Tech 8,15 500 DA,rcb,0
87f8f1c1,D Link BOX Home M915V,Routeur_Modem,BOX Home M915V,9 100 DA,box,1
844c2ce6,D Tech Tablette D Tech 8,Tablette,Tablette D Tech 8,15 500 DA,atb,1
844c2ce6,D Tech Tablette D Tech 8,Tablette,Tablette D Tech 8,15 500 DA,accessoire audio,0
88e90c36,TECNO POVA 6,Smartphone,POVA 6,43 300 DA,tecnoo,1
e84c1001,EL DJAZIRA AUX 3 5 CAULD001  DV,Accessoire_General,AUX 3 5 CAULD001  DV,500 DA,dv,1
87f8f1c1,D Link BOX Home M915V,Routeur_Modem,BOX Home M915V,9 100 DA,wif,1
0ae3b7d8,ZTE BLADE V60 DESIGN,Smartphone,ZTE BLADE V60 DESIGN,32 900 DA,ucld010,0
5b33db8f,TCL HH40L1,Routeur_Modem,TCL HH40L1,8 690 DA,ip,0
e73471e1,D Link DWR M920 B1,Routeur_Modem,D Link DWR M920 B1,8 900 DA,b1,1
bdf8217c,HOCO Écouteurs M1 PRO,Accessoire_Audio,Écouteurs M1 PRO,1 500 DA,wifi,0
737d1d6b,ZTE NUBIA Neo2 5G,Smartphone,ZTE NUBIA Neo2 5G,49 900 DA,el djaziar ccld003,0
aedf3d03,D Link DWR M961,Routeur_Modem,D Link DWR M961,9 900 DA,wdr,1
36660025,HOCO SPORTS BT SPEAKER HC13,Accessoire_Audio,SPORTS BT SPEAKER HC13,3 500 DA,accessore charge,0
ebaf792c,EL DJAZIRA CULD 014 S MICRO USB,Accessoire_Charge,CULD 014 S MICRO USB,450 DA,usb,0
82197887,ZTE NUBIA MUSIC POP ART,Smartphone,NUBIA MUSIC POP ART,25 500 DA,hoco data,0
51c3b694,D Tech Tablette D Tech 10,Tablette,Tablette D Tech 10,18 100 DA,10,1
12a3838d,EL DJAZIRA CCLD003 TYPE C,Accessoire_General,CCLD003 TYPE C,1 150 DA,us,0
b489ceb2,HOCO ECOUTEUR EW39,Accessoire_Audio,ECOUTEUR EW39,5 500 DA,hoco couteur,1
9cb292bd,D Tech Tablette D Tech 7,Tablette,Tablette D Tech 7,13 200 DA,type,0
737d1d6b,ZTE NUBIA Neo2 5G,Smartphone,ZTE NUBIA Neo2 5G,49 900 DA,accessoire genral,0
df7a5817,D Link DWR G403,Routeur_Modem,D Link DWR G403,10 500 DA,g403,1
e73471e1,D Link DWR M920 B1,Routeur_Modem,D Link DWR M920 B1,8 900 DA,routteur modem,1
87f8f1c1,D Link BOX Home M915V,Routeur_Modem,BOX Home M915V,9 100 DA,routeur modem,1
df7a5817,D Link DWR G403,Routeur_Modem,D Link DWR G403,10 500 DA,dl ink,1
51c3b694,D Tech Tablette D Tech 10,Tablette,Tablette D Tech 10,18 100 DA,d tec htablette,1
aedf3d03,D Link DWR M961,Routeur_Modem,D Link DWR M961,9 900 DA,fm,0
30887e16,Revaleo LCH 086 QC3 3A TYPE C,Accessoire_General,LCH 086 QC3 3A TYPE C,1 250 DA,cacessoire audio,0
df7a5817,D Link DWR G403,Routeur_Modem,D Link DWR G403,10 500 DA,dwrr,1
aedf3d03,D Link DWR M961,Routeur_Modem,D Link DWR M961,9 900 DA,el  djazira culd010,0
5b33db8f,TCL HH40L1,Routeur_Modem,TCL HH40L1,8 690 DA,g403,0
aedf3d03,D Link DWR M961,Routeur_Modem,D Link DWR M961,9 900 DA,type,0
f5350ba5,D Link Clé 4G DWR 910M Wifi,Routeur_Modem,Clé 4G DWR 910M Wifi,4 500 DA,wwifi,1
9cb292bd,D Tech Tablette D Tech 7,Tablette,Tablette D Tech 7,13 200 DA,d tech tablette,1
51c3b694,D Tech Tablette D Tech 10,Tablette,Tablette D Tech 10,18 100 DA,tablette,1
87f8f1c1,D Link BOX Home M915V,Routeur_Modem,BOX Home M915V,9 100 DA,m91v5,1
844c2ce6,D Tech Tablette D Tech 8,Tablette,Tablette D Tech 8,15 500 DA,accessoire generaal,0
5b33db8f,TCL HH40L1,Routeur_Modem,TCL HH40L1,8 690 DA,tpye,0
5b33db8f,TCL HH40L1,Routeur_Modem,TCL HH40L1,8 690 DA,4g,1
e73471e1,D Link DWR M920 B1,Routeur_Modem,D Link DWR M920 B1,8 900 DA,920,1
737d1d6b,ZTE NUBIA Neo2 5G,Smartphone,ZTE NUBIA Neo2 5G,49 900 DA,nnubia,1
0946d7f7,EL DJAZIRA CULD010 TYPE C,Accessoire_General,CULD010 TYPE C,550 DA,culd010,1
df7a5817,D Link DWR G403,Routeur_Modem,D Link DWR G403,10 500 DA,to,0
cdc65717,ZTE BLADE A75,Smartphone,ZTE BLADE A75,31 900 DA,zte,1
87f8f1c1,D Link BOX Home M915V,Routeur_Modem,BOX Home M915V,9 100 DA,eocuteur,0
54c80c44,EL DJAZIRA CHARGER FCLD008,Accessoire_General,CHARGER FCLD008,1 250 DA,harger,1
51c3b694,D Tech Tablette D Tech 10,Tablette,Tablette D Tech 10,18 100 DA,hoco agnetic,0
9cb292bd,D Tech Tablette D Tech 7,Tablette,Tablette D Tech 7,13 200 DA,d tech tablette,1
844c2ce6,D Tech Tablette D Tech 8,Tablette,Tablette D Tech 8,15 500 DA,micro,0
6f27bb2d,EL DJAZIRA CULD012 TYPE C,Accessoire_General,CULD012 TYPE C,550 DA,cudl,0
f5350ba5,D Link Clé 4G DWR 910M Wifi,Routeur_Modem,Clé 4G DWR 910M Wifi,4 500 DA,ddwr,1
51c3b694,D Tech Tablette D Tech 10,Tablette,Tablette D Tech 10,18 100 DA,e2w7,0
9cb292bd,D Tech Tablette D Tech 7,Tablette,Tablette D Tech 7,13 200 DA,charrger,0
df7a5817,D Link DWR G403,Routeur_Modem,D Link DWR G403,10 500 DA,dwr,1
51c3b694,D Tech Tablette D Tech 10,Tablette,Tablette D Tech 10,18 100 DA,tablette,1
844c2ce6,D Tech Tablette D Tech 8,Tablette,Tablette D Tech 8,15 500 DA,tabltete,1
ed82fff0,HOCO Silicone 3A X86 Type C,Accessoire_Audio,Silicone 3A X86 Type C,1 200 DA,hoco siliocne,1
b0ff9432,EL DJAZIRA FCLD 009 C TYPE C,Accessoire_General,FCLD 009 C TYPE C,1 800 DA,type,0
e73471e1,D Link DWR M920 B1,Routeur_Modem,D Link DWR M920 B1,8 900 DA,b1,1
93d7e15d,Revaleo RCB 86 TYPE C,Accessoire_General,RCB 86 TYPE C,350 DA,accessoire general,1
aedf3d03,D Link DWR M961,Routeur_Modem,D Link DWR M961,9 900 DA,d likn,1
df7a5817,D Link DWR G403,Routeur_Modem,D Link DWR G403,10 500 DA,reevaleo,0
9cb292bd,D Tech Tablette D Tech 7,Tablette,Tablette D Tech 7,13 200 DA,d tech ablette,1
9129a21d,TECNO SPARK Go 1,Smartphone,SPARK Go 1,18 000 DA,spark,1
aedf3d03,D Link DWR M961,Routeur_Modem,D Link DWR M961,9 900 DA,earphoens,0
5b33db8f,TCL HH40L1,Routeur_Modem,TCL HH40L1,8 690 DA,routeu rmodem,1
f5350ba5,D Link Clé 4G DWR 910M Wifi,Routeur_Modem,Clé 4G DWR 910M Wifi,4 500 DA,clé,1
0ae3b7d8,ZTE BLADE V60 DESIGN,Smartphone,ZTE BLADE V60 DESIGN,32 900 DA,usb,0
f5350ba5,D Link Clé 4G DWR 910M Wifi,Routeur_Modem,Clé 4G DWR 910M Wifi,4 500 DA,revaleo,0
51c3b694,D Tech Tablette D Tech 10,Tablette,Tablette D Tech 10,18 100 DA,tecch,1
df7a5817,D Link DWR G403,Routeur_Modem,D Link DWR G403,10 500 DA,4g,1
87f8f1c1,D Link BOX Home M915V,Routeur_Modem,BOX Home M915V,9 100 DA,d ink,1
87f8f1c1,D Link BOX Home M915V,Routeur_Modem,BOX Home M915V,9 100 DA,m915v,1
b5d43017,EL DJAZIRA FCLD 002 S MICRO USB,Accessoire_Charge,FCLD 002 S MICRO USB,1 800 DA,fcld,1
51c3b694,D Tech Tablette D Tech 10,Tablette,Tablette D Tech 10,18 100 DA,10,1
844c2ce6,D Tech Tablette D Tech 8,Tablette,Tablette D Tech 8,15 500 DA,d tech atblette,1
aedf3d03,D Link DWR M961,Routeur_Modem,D Link DWR M961,9 900 DA,d lnk,0
e84c1001,EL DJAZIRA AUX 3 5 CAULD001  DV,Accessoire_General,AUX 3 5 CAULD001  DV,500 DA,usb,0
15f29a3c,Revaleo RCC 004 TYPE C,Accessoire_General,RCC 004 TYPE C,900 DA,tenco spark,0
e73471e1,D Link DWR M920 B1,Routeur_Modem,D Link DWR M920 B1,8 900 DA,dr,1
87f8f1c1,D Link BOX Home M915V,Routeur_Modem,BOX Home M915V,9 100 DA,ztez te,0
e73471e1,D Link DWR M920 B1,Routeur_Modem,D Link DWR M920 B1,8 900 DA,bank,0
51c3b694,D Tech Tablette D Tech 10,Tablette,Tablette D Tech 10,18 100 DA,d tech tablette,1
5b33db8f,TCL HH40L1,Routeur_Modem,TCL HH40L1,8 690 DA,hh40l,1
aedf3d03,D Link DWR M961,Routeur_Modem,D Link DWR M961,9 900 DA,routeur moodem,1
318ee4df,Revaleo AUX TK 79,Accessoire_General,AUX TK 79,400 DA,s4,0
844c2ce6,D Tech Tablette D Tech 8,Tablette,Tablette D Tech 8,15 500 DA,ttech,1
844c2ce6,D Tech Tablette D Tech 8,Tablette,Tablette D Tech 8,15 500 DA,charge,0
e73471e1,D Link DWR M920 B1,Routeur_Modem,D Link DWR M920 B1,8 900 DA,type,0
844c2ce6,D Tech Tablette D Tech 8,Tablette,Tablette D Tech 8,15 500 DA,el ddjazira,0
0ae3b7d8,ZTE BLADE V60 DESIGN,Smartphone,ZTE BLADE V60 DESIGN,32 900 DA,v60,1
e73471e1,D Link DWR M920 B1,Routeur_Modem,D Link DWR M920 B1,8 900 DA,dwr,1
5b33db8f,TCL HH40L1,Routeur_Modem,TCL HH40L1,8 690 DA,mciro,0
9129a21d,TECNO SPARK Go 1,Smartphone,SPARK Go 1,18 000 DA,tecno,1
87f8f1c1,D Link BOX Home M915V,Routeur_Modem,BOX Home M915V,9 100 DA,m915v,1
831b7a24,HOCO C80A PLUS TYPE C TO IP,Accessoire_Audio,C80A PLUS TYPE C TO IP,2 100 DA,accessoire audio,1
0ae3b7d8,ZTE BLADE V60 DESIGN,Smartphone,ZTE BLADE V60 DESIGN,32 900 DA,accessoire harge,0
51c3b694,D Tech Tablette D Tech 10,Tablette,Tablette D Tech 10,18 100 DA,tab,1
df7a5817,D Link DWR G403,Routeur_Modem,D Link DWR G403,10 500 DA,routeur moddem,1
9cb292bd,D Tech Tablette D Tech 7,Tablette,Tablette D Tech 7,13 200 DA,hcoo,0
844c2ce6,D Tech Tablette D Tech 8,Tablette,Tablette D Tech 8,15 500 DA,tab,1
844c2ce6,D Tech Tablette D Tech 8,Tablette,Tablette D Tech 8,15 500 DA,accessiore general,0
aedf3d03,D Link DWR M961,Routeur_Modem,D Link DWR M961,9 900 DA,m961,1
e73471e1,D Link DWR M920 B1,Routeur_Modem,D Link DWR M920 B1,8 900 DA,d link,1
f5350ba5,D Link Clé 4G DWR 910M Wifi,Routeur_Modem,Clé 4G DWR 910M Wifi,4 500 DA,9110m,1
aedf3d03,D Link DWR M961,Routeur_Modem,D Link DWR M961,9 900 DA,type,0
17ec0241,HOCO TRUE  SPEAKER HC11,Accessoire_Audio,TRUE  SPEAKER HC11,3 500 DA,usb,0
5b33db8f,TCL HH40L1,Routeur_Modem,TCL HH40L1,8 690 DA,el djazira cable,0
e73471e1,D Link DWR M920 B1,Routeur_Modem,D Link DWR M920 B1,8 900 DA,écouteurs,0
9c45ae8d,HOCO Écouteur  EW26,Accessoire_Audio,Écouteur  EW26,2 900 DA,hocoo dual,0
844c2ce6,D Tech Tablette D Tech 8,Tablette,Tablette D Tech 8,15 500 DA,teh,1
844c2ce6,D Tech Tablette D Tech 8,Tablette,Tablette D Tech 8,15 500 DA,el djazira,0
df7a5817,D Link DWR G403,Routeur_Modem,D Link DWR G403,10 500 DA,g4003,1
88e90c36,TECNO POVA 6,Smartphone,POVA 6,43 300 DA,écouteeurs,0
348d2281,HOCO ES51 Era sport earphone,Accessoire_Audio,ES51 Era sport earphone,3 500 DA,es5,1
aedf3d03,D Link DWR M961,Routeur_Modem,D Link DWR M961,9 900 DA,ca56,0
844c2ce6,D Tech Tablette D Tech 8,Tablette,Tablette D Tech 8,15 500 DA,tab,1
844c2ce6,D Tech Tablette D Tech 8,Tablette,Tablette D Tech 8,15 500 DA,tab,1
aedf3d03,D Link DWR M961,Routeur_Modem,D Link DWR M961,9 900 DA,ca82,0
9129a21d,TECNO SPARK Go 1,Smartphone,SPARK Go 1,18 000 DA,tecon,1
f5350ba5,D Link Clé 4G DWR 910M Wifi,Routeur_Modem,Clé 4G DWR 910M Wifi,4 500 DA,910m,1
b489ceb2,HOCO ECOUTEUR EW39,Accessoire_Audio,ECOUTEUR EW39,5 500 DA,tab,0
82197887,ZTE NUBIA MUSIC POP ART,Smartphone,NUBIA MUSIC POP ART,25 500 DA,002,0
5b33db8f,TCL HH40L1,Routeur_Modem,TCL HH40L1,8 690 DA,revaleo tk80,0
cdc65717,ZTE BLADE A75,Smartphone,ZTE BLADE A75,31 900 DA,ztee,1
844c2ce6,D Tech Tablette D Tech 8,Tablette,Tablette D Tech 8,15 500 DA,talbette,1
9cb292bd,D Tech Tablette D Tech 7,Tablette,Tablette D Tech 7,13 200 DA,type,0
df7a5817,D Link DWR G403,Routeur_Modem,D Link DWR G403,10 500 DA,spaark,0
51c3b694,D Tech Tablette D Tech 10,Tablette,Tablette D Tech 10,18 100 DA,mannersport,0
51c3b694,D Tech Tablette D Tech 10,Tablette,Tablette D Tech 10,18 100 DA,tba,1
14d55b8e,D Tech Power Bank DP10H,Accessoire_General,Power Bank DP10H,2 100 DA,accssoire audio,0
5b33db8f,TCL HH40L1,Routeur_Modem,TCL HH40L1,8 690 DA,ifi,1
737d1d6b,ZTE NUBIA Neo2 5G,Smartphone,ZTE NUBIA Neo2 5G,49 900 DA,zte zet,1
87f8f1c1,D Link BOX Home M915V,Routeur_Modem,BOX Home M915V,9 100 DA,micro,0
5b33db8f,TCL HH40L1,Routeur_Modem,TCL HH40L1,8 690 DA,ttcl,1
df7a5817,D Link DWR G403,Routeur_Modem,D Link DWR G403,10 500 DA,fcld0113,0
51c3b694,D Tech Tablette D Tech 10,Tablette,Tablette D Tech 10,18 100 DA,cauld001,0
844c2ce6,D Tech Tablette D Tech 8,Tablette,Tablette D Tech 8,15 500 DA,4a,0
e73471e1,D Link DWR M920 B1,Routeur_Modem,D Link DWR M920 B1,8 900 DA,b1,1
e73471e1,D Link DWR M920 B1,Routeur_Modem,D Link DWR M920 B1,8 900 DA,revlaeo,0
cdc65717,ZTE BLADE A75,Smartphone,ZTE BLADE A75,31 900 DA,mico,0
5b33db8f,TCL HH40L1,Routeur_Modem,TCL HH40L1,8 690 DA,tcl,1
f5350ba5,D Link Clé 4G DWR 910M Wifi,Routeur_Modem,Clé 4G DWR 910M Wifi,4 500 DA,acceessoire charge,0
451f693f,HOCO X85 Type C TO Type C,Accessoire_Audio,X85 Type C TO Type C,1 000 DA,hocox 85,1
e73471e1,D Link DWR M920 B1,Routeur_Modem,D Link DWR M920 B1,8 900 DA,accsesoire general,0
51c3b694,D Tech Tablette D Tech 10,Tablette,Tablette D Tech 10,18 100 DA,routeur moodem,0
844c2ce6,D Tech Tablette D Tech 8,Tablette,Tablette D Tech 8,15 500 DA,hoco,0
f5350ba5,D Link Clé 4G DWR 910M Wifi,Routeur_Modem,Clé 4G DWR 910M Wifi,4 500 DA,lcé,1
9cb292bd,D Tech Tablette D Tech 7,Tablette,Tablette D Tech 7,13 200 DA,accessoire audio,0
e73471e1,D Link DWR M920 B1,Routeur_Modem,D Link DWR M920 B1,8 900 DA,d link d,1
aedf3d03,D Link DWR M961,Routeur_Modem,D Link DWR M961,9 900 DA,hoco,0
87f8f1c1,D Link BOX Home M915V,Routeur_Modem,BOX Home M915V,9 100 DA,wifi,1
f5350ba5,D Link Clé 4G DWR 910M Wifi,Routeur_Modem,Clé 4G DWR 910M Wifi,4 500 DA,4g,1
5b33db8f,TCL HH40L1,Routeur_Modem,TCL HH40L1,8 690 DA,hh40l1,1
f5350ba5,D Link Clé 4G DWR 910M Wifi,Routeur_Modem,Clé 4G DWR 910M Wifi,4 500 DA,revaeo,0
f5350ba5,D Link Clé 4G DWR 910M Wifi,Routeur_Modem,Clé 4G DWR 910M Wifi,4 500 DA,9110m,1
aedf3d03,D Link DWR M961,Routeur_Modem,D Link DWR M961,9 900 DA,revaleo lch,0
12a3838d,EL DJAZIRA CCLD003 TYPE C,Accessoire_General,CCLD003 TYPE C,1 150 DA,ccld030,1
0ae3b7d8,ZTE BLADE V60 DESIGN,Smartphone,ZTE BLADE V60 DESIGN,32 900 DA,zte,1
737d1d6b,ZTE NUBIA Neo2 5G,Smartphone,ZTE NUBIA Neo2 5G,49 900 DA,zte,1
87f8f1c1,D Link BOX Home M915V,Routeur_Modem,BOX Home M915V,9 100 DA,zte,0
82197887,ZTE NUBIA MUSIC POP ART,Smartphone,NUBIA MUSIC POP ART,25 500 DA,smartphoen,1
aedf3d03,D Link DWR M961,Routeur_Modem,D Link DWR M961,9 900 DA,qcc3,0
82197887,ZTE NUBIA MUSIC POP ART,Smartphone,NUBIA MUSIC POP ART,25 500 DA,accessoire general,0
51c3b694,D Tech Tablette D Tech 10,Tablette,Tablette D Tech 10,18 100 DA,ttab,1
df7a5817,D Link DWR G403,Routeur_Modem,D Link DWR G403,10 500 DA,linkk,1
82197887,ZTE NUBIA MUSIC POP ART,Smartphone,NUBIA MUSIC POP ART,25 500 DA,popp,1
844c2ce6,D Tech Tablette D Tech 8,Tablette,Tablette D Tech 8,15 500 DA,bt,0
aedf3d03,D Link DWR M961,Routeur_Modem,D Link DWR M961,9 900 DA,accessoire audio,0
82197887,ZTE NUBIA MUSIC POP ART,Smartphone,NUBIA MUSIC POP ART,25 500 DA,el djazira fcld007,0
df7a5817,D Link DWR G403,Routeur_Modem,D Link DWR G403,10 500 DA,tab,0
aedf3d03,D Link DWR M961,Routeur_Modem,D Link DWR M961,9 900 DA,dwr,1
